timestamp,menu_item_name,quantity
2025-01-01T13:18:00,Menu del Día,2
2025-01-01T13:22:00,Menu del Día,1
2025-01-01T13:22:00,Seafood Paella (for 2),1
2025-01-01T13:27:00,Menu del Día,2
2025-01-01T13:32:00,Seafood Paella (for 2),1
2025-01-01T13:44:00,Menu del Día,2
2025-01-01T13:44:00,Seafood Paella (for 2),1
2025-01-01T13:46:00,Menu del Día,3
2025-01-01T13:49:00,Menu del Día,2
2025-01-01T13:50:00,Menu del Día,1
2025-01-01T13:50:00,Seafood Paella (for 2),1
2025-01-01T13:50:00,Seafood Paella (for 2),1
2025-01-01T13:58:00,Menu del Día,1
2025-01-01T13:58:00,Seafood Paella (for 2),1
2025-01-01T14:00:00,Menu del Día,2
2025-01-01T14:02:00,Menu del Día,1
2025-01-01T14:02:00,Seafood Paella (for 2),1
2025-01-01T14:03:00,Menu del Día,3
2025-01-01T14:03:00,Seafood Paella (for 2),1
2025-01-01T14:12:00,Menu del Día,1
2025-01-01T14:12:00,Seafood Paella (for 2),1
2025-01-01T14:23:00,Menu del Día,2
2025-01-01T14:24:00,Menu del Día,3
2025-01-01T14:24:00,Seafood Paella (for 2),1
2025-01-01T14:26:00,Menu del Día,1
2025-01-01T14:26:00,Menu del Día,2
2025-01-01T14:30:00,Menu del Día,1
2025-01-01T14:30:00,Seafood Paella (for 2),1
2025-01-01T14:30:00,Menu del Día,1
2025-01-01T14:30:00,Seafood Paella (for 2),1
2025-01-01T14:31:00,Menu del Día,1
2025-01-01T14:31:00,Seafood Paella (for 2),1
2025-01-01T14:35:00,Menu del Día,1
2025-01-01T14:35:00,Seafood Paella (for 2),1
2025-01-01T14:39:00,Menu del Día,4
2025-01-01T14:40:00,Menu del Día,1
2025-01-01T14:41:00,Menu del Día,2
2025-01-01T14:41:00,Seafood Paella (for 2),1
2025-01-01T14:47:00,Menu del Día,1
2025-01-01T14:50:00,Menu del Día,1
2025-01-01T15:02:00,Menu del Día,1
2025-01-01T15:05:00,Menu del Día,2
2025-01-01T15:07:00,Menu del Día,2
2025-01-01T15:08:00,Menu del Día,1
2025-01-01T15:10:00,Menu del Día,3
2025-01-01T15:10:00,Seafood Paella (for 2),1
2025-01-01T15:14:00,Menu del Día,1
2025-01-01T15:14:00,Seafood Paella (for 2),1
2025-01-01T15:20:00,Menu del Día,2
2025-01-01T15:21:00,Menu del Día,2
2025-01-01T15:21:00,Seafood Paella (for 2),1
2025-01-01T15:21:00,Seafood Paella (for 2),1
2025-01-01T15:26:00,Menu del Día,1
2025-01-01T15:26:00,Menu del Día,2
2025-01-01T15:28:00,Menu del Día,2
2025-01-01T15:28:00,Menu del Día,1
2025-01-01T15:28:00,Seafood Paella (for 2),1
2025-01-01T15:29:00,Menu del Día,2
2025-01-01T15:29:00,Menu del Día,1
2025-01-01T15:29:00,Seafood Paella (for 2),1
2025-01-01T15:33:00,Menu del Día,2
2025-01-01T15:33:00,Seafood Paella (for 2),1
2025-01-01T15:35:00,Menu del Día,2
2025-01-01T15:35:00,Seafood Paella (for 2),1
2025-01-01T15:37:00,Seafood Paella (for 2),1
2025-01-01T15:42:00,Menu del Día,2
2025-01-01T15:47:00,Menu del Día,2
2025-01-01T15:47:00,Seafood Paella (for 2),1
2025-01-01T15:47:00,Seafood Paella (for 2),1
2025-01-01T15:50:00,Menu del Día,1
2025-01-01T15:51:00,Seafood Paella (for 2),1
2025-01-01T15:51:00,Seafood Paella (for 2),1
2025-01-01T15:52:00,Menu del Día,3
2025-01-01T15:52:00,Seafood Paella (for 2),1
2025-01-01T15:54:00,Menu del Día,4
2025-01-01T15:54:00,Menu del Día,1
2025-01-01T15:54:00,Seafood Paella (for 2),1
2025-01-01T15:54:00,Menu del Día,3
2025-01-01T15:56:00,Seafood Paella (for 2),1
2025-01-01T15:56:00,Seafood Paella (for 2),1
2025-01-01T15:56:00,Seafood Paella (for 2),1
2025-01-01T15:58:00,Menu del Día,1
2025-01-01T15:58:00,Seafood Paella (for 2),1
2025-01-01T15:58:00,Menu del Día,3
2025-01-01T15:58:00,Seafood Paella (for 2),1
2025-01-01T16:00:00,Menu del Día,1
2025-01-01T16:01:00,Menu del Día,1
2025-01-01T16:11:00,Menu del Día,4
2025-01-01T16:19:00,Seafood Paella (for 2),1
2025-01-01T16:20:00,Menu del Día,2
2025-01-01T16:32:00,Seafood Paella (for 2),1
2025-01-01T16:33:00,Menu del Día,1
2025-01-01T16:33:00,Seafood Paella (for 2),1
2025-01-01T16:36:00,Menu del Día,1
2025-01-01T16:36:00,Seafood Paella (for 2),1
2025-01-01T16:36:00,Seafood Paella (for 2),1
2025-01-01T16:37:00,Menu del Día,1
2025-01-01T16:38:00,Menu del Día,1
2025-01-01T16:40:00,Menu del Día,2
2025-01-01T16:56:00,Menu del Día,1
2025-01-02T13:04:00,Menu del Día,1
2025-01-02T13:04:00,Seafood Paella (for 2),1
2025-01-02T13:07:00,Menu del Día,2
2025-01-02T13:07:00,Seafood Paella (for 2),1
2025-01-02T13:07:00,Menu del Día,1
2025-01-02T13:07:00,Seafood Paella (for 2),1
2025-01-02T13:09:00,Menu del Día,1
2025-01-02T13:09:00,Seafood Paella (for 2),1
2025-01-02T13:10:00,Seafood Paella (for 2),1
2025-01-02T13:12:00,Menu del Día,2
2025-01-02T13:20:00,Menu del Día,3
2025-01-02T13:21:00,Menu del Día,1
2025-01-02T13:21:00,Menu del Día,3
2025-01-02T13:21:00,Seafood Paella (for 2),1
2025-01-02T13:22:00,Menu del Día,1
2025-01-02T13:22:00,Menu del Día,2
2025-01-02T13:22:00,Seafood Paella (for 2),1
2025-01-02T13:23:00,Menu del Día,3
2025-01-02T13:23:00,Menu del Día,1
2025-01-02T13:23:00,Seafood Paella (for 2),1
2025-01-02T13:28:00,Menu del Día,1
2025-01-02T13:28:00,Seafood Paella (for 2),1
2025-01-02T13:28:00,Menu del Día,1
2025-01-02T13:28:00,Seafood Paella (for 2),1
2025-01-02T13:28:00,Menu del Día,2
2025-01-02T13:29:00,Menu del Día,1
2025-01-02T13:32:00,Seafood Paella (for 2),1
2025-01-02T13:32:00,Menu del Día,1
2025-01-02T13:32:00,Seafood Paella (for 2),1
2025-01-02T13:36:00,Menu del Día,2
2025-01-02T13:39:00,Seafood Paella (for 2),1
2025-01-02T13:42:00,Menu del Día,1
2025-01-02T13:48:00,Menu del Día,3
2025-01-02T13:49:00,Menu del Día,1
2025-01-02T13:49:00,Seafood Paella (for 2),1
2025-01-02T13:54:00,Menu del Día,1
2025-01-02T13:55:00,Menu del Día,2
2025-01-02T13:56:00,Menu del Día,1
2025-01-02T13:56:00,Seafood Paella (for 2),1
2025-01-02T13:59:00,Menu del Día,1
2025-01-02T14:01:00,Menu del Día,3
2025-01-02T14:01:00,Seafood Paella (for 2),1
2025-01-02T14:15:00,Menu del Día,1
2025-01-02T14:15:00,Seafood Paella (for 2),1
2025-01-02T14:17:00,Menu del Día,2
2025-01-02T14:17:00,Seafood Paella (for 2),1
2025-01-02T14:24:00,Menu del Día,3
2025-01-02T14:24:00,Seafood Paella (for 2),1
2025-01-02T14:34:00,Menu del Día,2
2025-01-02T14:38:00,Menu del Día,1
2025-01-02T14:38:00,Seafood Paella (for 2),1
2025-01-02T14:43:00,Seafood Paella (for 2),1
2025-01-02T14:54:00,Menu del Día,3
2025-01-02T14:54:00,Seafood Paella (for 2),1
2025-01-02T14:59:00,Seafood Paella (for 2),1
2025-01-02T14:59:00,Seafood Paella (for 2),1
2025-01-02T15:00:00,Menu del Día,1
2025-01-02T15:00:00,Seafood Paella (for 2),1
2025-01-02T15:00:00,Menu del Día,2
2025-01-02T15:03:00,Menu del Día,1
2025-01-02T15:09:00,Menu del Día,2
2025-01-02T15:11:00,Menu del Día,1
2025-01-02T15:11:00,Seafood Paella (for 2),1
2025-01-02T15:13:00,Menu del Día,2
2025-01-02T15:21:00,Menu del Día,1
2025-01-02T15:21:00,Menu del Día,1
2025-01-02T15:21:00,Seafood Paella (for 2),1
2025-01-02T15:21:00,Menu del Día,3
2025-01-02T15:21:00,Seafood Paella (for 2),1
2025-01-02T15:22:00,Menu del Día,2
2025-01-02T15:24:00,Menu del Día,2
2025-01-02T15:24:00,Seafood Paella (for 2),1
2025-01-02T15:25:00,Seafood Paella (for 2),1
2025-01-02T15:29:00,Seafood Paella (for 2),1
2025-01-02T15:29:00,Menu del Día,1
2025-01-02T15:29:00,Menu del Día,1
2025-01-02T15:29:00,Seafood Paella (for 2),1
2025-01-02T15:31:00,Menu del Día,1
2025-01-02T15:36:00,Seafood Paella (for 2),1
2025-01-02T15:36:00,Menu del Día,2
2025-01-02T15:39:00,Menu del Día,1
2025-01-02T15:39:00,Seafood Paella (for 2),1
2025-01-02T15:39:00,Seafood Paella (for 2),1
2025-01-02T15:39:00,Menu del Día,2
2025-01-02T15:39:00,Seafood Paella (for 2),1
2025-01-02T15:39:00,Seafood Paella (for 2),1
2025-01-02T15:39:00,Menu del Día,1
2025-01-02T15:40:00,Menu del Día,2
2025-01-02T15:41:00,Seafood Paella (for 2),1
2025-01-02T15:45:00,Menu del Día,1
2025-01-02T15:45:00,Seafood Paella (for 2),1
2025-01-02T16:11:00,Menu del Día,2
2025-01-02T16:18:00,Menu del Día,1
2025-01-02T16:18:00,Seafood Paella (for 2),1
2025-01-02T16:18:00,Seafood Paella (for 2),1
2025-01-02T16:18:00,Seafood Paella (for 2),1
2025-01-02T16:22:00,Menu del Día,2
2025-01-02T16:44:00,Menu del Día,1
2025-01-02T16:49:00,Menu del Día,1
2025-01-02T16:49:00,Seafood Paella (for 2),1
2025-01-02T20:02:00,Tortilla Española,1
2025-01-02T20:02:00,Mineral Water,1
2025-01-02T20:04:00,Tortilla Española,1
2025-01-02T20:04:00,Tortilla Española,1
2025-01-02T20:04:00,Tortilla Española,1
2025-01-02T20:04:00,House Red Wine,1
2025-01-02T20:04:00,House Red Wine,1
2025-01-02T20:04:00,Crema Catalana,1
2025-01-02T20:09:00,Tortilla Española,1
2025-01-02T20:09:00,Tortilla Española,1
2025-01-02T20:09:00,Tortilla Española,1
2025-01-02T20:09:00,Mineral Water,1
2025-01-02T20:09:00,House Red Wine,1
2025-01-02T20:10:00,Patatas Bravas,1
2025-01-02T20:10:00,Patatas Bravas,1
2025-01-02T20:10:00,Patatas Bravas,1
2025-01-02T20:10:00,Seafood Paella (for 2),1
2025-01-02T20:10:00,Mineral Water,1
2025-01-02T20:10:00,Mineral Water,1
2025-01-02T20:10:00,Tortilla Española,1
2025-01-02T20:10:00,Patatas Bravas,1
2025-01-02T20:10:00,Tortilla Española,1
2025-01-02T20:10:00,House Red Wine,1
2025-01-02T20:10:00,Mineral Water,1
2025-01-02T20:14:00,Tortilla Española,1
2025-01-02T20:14:00,Tortilla Española,1
2025-01-02T20:14:00,Patatas Bravas,1
2025-01-02T20:14:00,Tortilla Española,1
2025-01-02T20:14:00,Seafood Paella (for 2),1
2025-01-02T20:14:00,Mineral Water,1
2025-01-02T20:14:00,Mineral Water,1
2025-01-02T20:14:00,House Red Wine,1
2025-01-02T20:15:00,Patatas Bravas,1
2025-01-02T20:15:00,Tortilla Española,1
2025-01-02T20:15:00,Tortilla Española,1
2025-01-02T20:15:00,Seafood Paella (for 2),1
2025-01-02T20:15:00,Mineral Water,1
2025-01-02T20:15:00,House Red Wine,1
2025-01-02T20:17:00,Patatas Bravas,1
2025-01-02T20:17:00,Patatas Bravas,1
2025-01-02T20:17:00,Tortilla Española,1
2025-01-02T20:17:00,Patatas Bravas,1
2025-01-02T20:17:00,Patatas Bravas,1
2025-01-02T20:17:00,Patatas Bravas,1
2025-01-02T20:17:00,Seafood Paella (for 2),1
2025-01-02T20:17:00,Mineral Water,1
2025-01-02T20:17:00,Mineral Water,1
2025-01-02T20:17:00,House Red Wine,1
2025-01-02T20:17:00,Mineral Water,1
2025-01-02T20:17:00,Tortilla Española,1
2025-01-02T20:17:00,Tortilla Española,1
2025-01-02T20:17:00,Patatas Bravas,1
2025-01-02T20:17:00,Patatas Bravas,1
2025-01-02T20:17:00,Patatas Bravas,1
2025-01-02T20:17:00,Tortilla Española,1
2025-01-02T20:17:00,Seafood Paella (for 2),1
2025-01-02T20:17:00,Mineral Water,1
2025-01-02T20:17:00,Mineral Water,1
2025-01-02T20:17:00,Mineral Water,1
2025-01-02T20:17:00,House Red Wine,1
2025-01-02T20:18:00,Patatas Bravas,1
2025-01-02T20:18:00,Patatas Bravas,1
2025-01-02T20:18:00,Tortilla Española,1
2025-01-02T20:18:00,Tortilla Española,1
2025-01-02T20:18:00,Seafood Paella (for 2),1
2025-01-02T20:18:00,Mineral Water,1
2025-01-02T20:18:00,Mineral Water,1
2025-01-02T20:18:00,House Red Wine,1
2025-01-02T20:18:00,Crema Catalana,1
2025-01-02T20:18:00,Crema Catalana,1
2025-01-02T20:24:00,Tortilla Española,1
2025-01-02T20:24:00,Mineral Water,1
2025-01-02T20:24:00,Tortilla Española,1
2025-01-02T20:24:00,Tortilla Española,1
2025-01-02T20:24:00,Tortilla Española,1
2025-01-02T20:24:00,Seafood Paella (for 2),1
2025-01-02T20:24:00,Mineral Water,1
2025-01-02T20:24:00,House Red Wine,1
2025-01-02T20:24:00,Crema Catalana,1
2025-01-02T20:48:00,Patatas Bravas,1
2025-01-02T20:48:00,Seafood Paella (for 2),1
2025-01-02T20:48:00,Mineral Water,1
2025-01-03T13:00:00,Patatas Bravas,1
2025-01-03T13:00:00,Tortilla Española,1
2025-01-03T13:00:00,Patatas Bravas,1
2025-01-03T13:00:00,Mineral Water,1
2025-01-03T13:00:00,Mineral Water,1
2025-01-03T13:00:00,Crema Catalana,1
2025-01-03T13:10:00,Tortilla Española,1
2025-01-03T13:10:00,Patatas Bravas,1
2025-01-03T13:10:00,Patatas Bravas,1
2025-01-03T13:10:00,House Red Wine,1
2025-01-03T13:10:00,Mineral Water,1
2025-01-03T13:10:00,Crema Catalana,1
2025-01-03T13:10:00,Crema Catalana,1
2025-01-03T13:11:00,Patatas Bravas,1
2025-01-03T13:11:00,Patatas Bravas,1
2025-01-03T13:11:00,Tortilla Española,1
2025-01-03T13:11:00,Seafood Paella (for 2),1
2025-01-03T13:11:00,Mineral Water,1
2025-01-03T13:11:00,Mineral Water,1
2025-01-03T13:11:00,Crema Catalana,1
2025-01-03T13:16:00,Patatas Bravas,1
2025-01-03T13:16:00,Seafood Paella (for 2),1
2025-01-03T13:16:00,House Red Wine,1
2025-01-03T13:25:00,Patatas Bravas,1
2025-01-03T13:25:00,Patatas Bravas,1
2025-01-03T13:25:00,Tortilla Española,1
2025-01-03T13:25:00,Mineral Water,1
2025-01-03T13:25:00,Mineral Water,1
2025-01-03T13:28:00,Tortilla Española,1
2025-01-03T13:28:00,Tortilla Española,1
2025-01-03T13:28:00,Tortilla Española,1
2025-01-03T13:28:00,Patatas Bravas,1
2025-01-03T13:28:00,Patatas Bravas,1
2025-01-03T13:28:00,Patatas Bravas,1
2025-01-03T13:28:00,Seafood Paella (for 2),1
2025-01-03T13:28:00,Mineral Water,1
2025-01-03T13:28:00,House Red Wine,1
2025-01-03T13:28:00,House Red Wine,1
2025-01-03T13:28:00,Mineral Water,1
2025-01-03T13:29:00,Tortilla Española,1
2025-01-03T13:29:00,Patatas Bravas,1
2025-01-03T13:29:00,Patatas Bravas,1
2025-01-03T13:29:00,Tortilla Española,1
2025-01-03T13:29:00,Seafood Paella (for 2),1
2025-01-03T13:29:00,Mineral Water,1
2025-01-03T13:29:00,Mineral Water,1
2025-01-03T13:29:00,Mineral Water,1
2025-01-03T13:31:00,Tortilla Española,1
2025-01-03T13:31:00,Patatas Bravas,1
2025-01-03T13:31:00,Tortilla Española,1
2025-01-03T13:31:00,Patatas Bravas,1
2025-01-03T13:31:00,Tortilla Española,1
2025-01-03T13:31:00,Tortilla Española,1
2025-01-03T13:31:00,House Red Wine,1
2025-01-03T13:31:00,Mineral Water,1
2025-01-03T13:31:00,House Red Wine,1
2025-01-03T13:31:00,Mineral Water,1
2025-01-03T13:31:00,Crema Catalana,1
2025-01-03T13:31:00,Crema Catalana,1
2025-01-03T13:31:00,Crema Catalana,1
2025-01-03T13:37:00,Patatas Bravas,1
2025-01-03T13:37:00,Patatas Bravas,1
2025-01-03T13:37:00,Patatas Bravas,1
2025-01-03T13:37:00,Patatas Bravas,1
2025-01-03T13:37:00,House Red Wine,1
2025-01-03T13:37:00,Mineral Water,1
2025-01-03T13:37:00,House Red Wine,1
2025-01-03T13:42:00,Patatas Bravas,1
2025-01-03T13:42:00,Patatas Bravas,1
2025-01-03T13:42:00,Patatas Bravas,1
2025-01-03T13:42:00,Tortilla Española,1
2025-01-03T13:42:00,House Red Wine,1
2025-01-03T13:42:00,Mineral Water,1
2025-01-03T13:42:00,Mineral Water,1
2025-01-03T13:42:00,Crema Catalana,1
2025-01-03T13:42:00,Crema Catalana,1
2025-01-03T13:42:00,Crema Catalana,1
2025-01-03T13:48:00,Tortilla Española,1
2025-01-03T13:48:00,Patatas Bravas,1
2025-01-03T13:48:00,Patatas Bravas,1
2025-01-03T13:48:00,Patatas Bravas,1
2025-01-03T13:48:00,Tortilla Española,1
2025-01-03T13:48:00,Tortilla Española,1
2025-01-03T13:48:00,Seafood Paella (for 2),1
2025-01-03T13:48:00,Mineral Water,1
2025-01-03T13:48:00,House Red Wine,1
2025-01-03T13:48:00,House Red Wine,1
2025-01-03T13:48:00,House Red Wine,1
2025-01-03T13:48:00,Crema Catalana,1
2025-01-03T13:48:00,Crema Catalana,1
2025-01-03T13:48:00,Crema Catalana,1
2025-01-03T13:50:00,Patatas Bravas,1
2025-01-03T13:50:00,Patatas Bravas,1
2025-01-03T13:50:00,Tortilla Española,1
2025-01-03T13:50:00,Mineral Water,1
2025-01-03T13:50:00,Mineral Water,1
2025-01-03T13:59:00,Patatas Bravas,1
2025-01-03T13:59:00,Tortilla Española,1
2025-01-03T13:59:00,Tortilla Española,1
2025-01-03T13:59:00,Mineral Water,1
2025-01-03T13:59:00,House Red Wine,1
2025-01-03T13:59:00,Crema Catalana,1
2025-01-03T13:59:00,Crema Catalana,1
2025-01-03T14:05:00,Tortilla Española,1
2025-01-03T14:05:00,Tortilla Española,1
2025-01-03T14:05:00,Patatas Bravas,1
2025-01-03T14:05:00,House Red Wine,1
2025-01-03T14:05:00,Mineral Water,1
2025-01-03T14:14:00,Patatas Bravas,1
2025-01-03T14:14:00,Tortilla Española,1
2025-01-03T14:14:00,Patatas Bravas,1
2025-01-03T14:14:00,Tortilla Española,1
2025-01-03T14:14:00,Tortilla Española,1
2025-01-03T14:14:00,Tortilla Española,1
2025-01-03T14:14:00,House Red Wine,1
2025-01-03T14:14:00,Mineral Water,1
2025-01-03T14:14:00,House Red Wine,1
2025-01-03T14:14:00,Mineral Water,1
2025-01-03T14:14:00,Crema Catalana,1
2025-01-03T14:20:00,Patatas Bravas,1
2025-01-03T14:20:00,Seafood Paella (for 2),1
2025-01-03T14:20:00,Mineral Water,1
2025-01-03T14:20:00,Crema Catalana,1
2025-01-03T14:25:00,Tortilla Española,1
2025-01-03T14:25:00,Patatas Bravas,1
2025-01-03T14:25:00,Tortilla Española,1
2025-01-03T14:25:00,Tortilla Española,1
2025-01-03T14:25:00,Patatas Bravas,1
2025-01-03T14:25:00,Patatas Bravas,1
2025-01-03T14:25:00,Seafood Paella (for 2),1
2025-01-03T14:25:00,House Red Wine,1
2025-01-03T14:25:00,House Red Wine,1
2025-01-03T14:25:00,Mineral Water,1
2025-01-03T14:25:00,Mineral Water,1
2025-01-03T14:33:00,Patatas Bravas,1
2025-01-03T14:33:00,House Red Wine,1
2025-01-03T14:37:00,Tortilla Española,1
2025-01-03T14:37:00,Patatas Bravas,1
2025-01-03T14:37:00,Tortilla Española,1
2025-01-03T14:37:00,Tortilla Española,1
2025-01-03T14:37:00,Tortilla Española,1
2025-01-03T14:37:00,Tortilla Española,1
2025-01-03T14:37:00,Mineral Water,1
2025-01-03T14:37:00,Mineral Water,1
2025-01-03T14:37:00,Mineral Water,1
2025-01-03T14:37:00,House Red Wine,1
2025-01-03T14:46:00,Tortilla Española,1
2025-01-03T14:46:00,Tortilla Española,1
2025-01-03T14:46:00,Tortilla Española,1
2025-01-03T14:46:00,Tortilla Española,1
2025-01-03T14:46:00,Patatas Bravas,1
2025-01-03T14:46:00,Tortilla Española,1
2025-01-03T14:46:00,Mineral Water,1
2025-01-03T14:46:00,Mineral Water,1
2025-01-03T14:46:00,House Red Wine,1
2025-01-03T14:46:00,Mineral Water,1
2025-01-03T14:46:00,Crema Catalana,1
2025-01-03T14:46:00,Crema Catalana,1
2025-01-03T14:46:00,Crema Catalana,1
2025-01-03T14:48:00,Patatas Bravas,1
2025-01-03T14:48:00,Patatas Bravas,1
2025-01-03T14:48:00,Tortilla Española,1
2025-01-03T14:48:00,Seafood Paella (for 2),1
2025-01-03T14:48:00,Mineral Water,1
2025-01-03T14:48:00,Mineral Water,1
2025-01-03T14:48:00,Crema Catalana,1
2025-01-03T14:48:00,Crema Catalana,1
2025-01-03T14:50:00,Patatas Bravas,1
2025-01-03T14:50:00,Patatas Bravas,1
2025-01-03T14:50:00,Tortilla Española,1
2025-01-03T14:50:00,Seafood Paella (for 2),1
2025-01-03T14:50:00,House Red Wine,1
2025-01-03T14:50:00,House Red Wine,1
2025-01-03T14:50:00,Crema Catalana,1
2025-01-03T14:50:00,Crema Catalana,1
2025-01-03T14:50:00,Patatas Bravas,1
2025-01-03T14:50:00,Tortilla Española,1
2025-01-03T14:50:00,Tortilla Española,1
2025-01-03T14:50:00,Mineral Water,1
2025-01-03T14:50:00,Mineral Water,1
2025-01-03T14:50:00,Crema Catalana,1
2025-01-03T14:50:00,Crema Catalana,1
2025-01-03T14:51:00,Tortilla Española,1
2025-01-03T14:51:00,Patatas Bravas,1
2025-01-03T14:51:00,Tortilla Española,1
2025-01-03T14:51:00,Tortilla Española,1
2025-01-03T14:51:00,Tortilla Española,1
2025-01-03T14:51:00,Tortilla Española,1
2025-01-03T14:51:00,House Red Wine,1
2025-01-03T14:51:00,House Red Wine,1
2025-01-03T14:51:00,House Red Wine,1
2025-01-03T14:51:00,House Red Wine,1
2025-01-03T14:51:00,Crema Catalana,1
2025-01-03T14:51:00,Crema Catalana,1
2025-01-03T14:51:00,Crema Catalana,1
2025-01-03T14:51:00,Crema Catalana,1
2025-01-03T14:54:00,Patatas Bravas,1
2025-01-03T14:54:00,Tortilla Española,1
2025-01-03T14:54:00,Patatas Bravas,1
2025-01-03T14:54:00,House Red Wine,1
2025-01-03T14:54:00,House Red Wine,1
2025-01-03T14:54:00,Crema Catalana,1
2025-01-03T14:54:00,Tortilla Española,1
2025-01-03T14:54:00,Patatas Bravas,1
2025-01-03T14:54:00,Tortilla Española,1
2025-01-03T14:54:00,Seafood Paella (for 2),1
2025-01-03T14:54:00,Mineral Water,1
2025-01-03T14:54:00,Mineral Water,1
2025-01-03T15:01:00,Patatas Bravas,1
2025-01-03T15:01:00,Patatas Bravas,1
2025-01-03T15:01:00,Patatas Bravas,1
2025-01-03T15:01:00,House Red Wine,1
2025-01-03T15:01:00,Mineral Water,1
2025-01-03T15:35:00,Tortilla Española,1
2025-01-03T15:35:00,House Red Wine,1
2025-01-03T15:35:00,Crema Catalana,1
2025-01-04T13:01:00,Patatas Bravas,1
2025-01-04T13:01:00,Tortilla Española,1
2025-01-04T13:01:00,Patatas Bravas,1
2025-01-04T13:01:00,Mineral Water,1
2025-01-04T13:01:00,House Red Wine,1
2025-01-04T13:06:00,Patatas Bravas,1
2025-01-04T13:06:00,Tortilla Española,1
2025-01-04T13:06:00,Tortilla Española,1
2025-01-04T13:06:00,House Red Wine,1
2025-01-04T13:06:00,House Red Wine,1
2025-01-04T13:07:00,Patatas Bravas,1
2025-01-04T13:07:00,Tortilla Española,1
2025-01-04T13:07:00,Patatas Bravas,1
2025-01-04T13:07:00,Patatas Bravas,1
2025-01-04T13:07:00,House Red Wine,1
2025-01-04T13:07:00,House Red Wine,1
2025-01-04T13:07:00,Mineral Water,1
2025-01-04T13:07:00,Crema Catalana,1
2025-01-04T13:07:00,Crema Catalana,1
2025-01-04T13:07:00,Crema Catalana,1
2025-01-04T13:07:00,Patatas Bravas,1
2025-01-04T13:07:00,Tortilla Española,1
2025-01-04T13:07:00,Patatas Bravas,1
2025-01-04T13:07:00,Tortilla Española,1
2025-01-04T13:07:00,House Red Wine,1
2025-01-04T13:07:00,Mineral Water,1
2025-01-04T13:07:00,House Red Wine,1
2025-01-04T13:10:00,Patatas Bravas,1
2025-01-04T13:10:00,Patatas Bravas,1
2025-01-04T13:10:00,Patatas Bravas,1
2025-01-04T13:10:00,House Red Wine,1
2025-01-04T13:10:00,House Red Wine,1
2025-01-04T13:10:00,Crema Catalana,1
2025-01-04T13:10:00,Crema Catalana,1
2025-01-04T13:11:00,Patatas Bravas,1
2025-01-04T13:11:00,Patatas Bravas,1
2025-01-04T13:11:00,Patatas Bravas,1
2025-01-04T13:11:00,Tortilla Española,1
2025-01-04T13:11:00,Tortilla Española,1
2025-01-04T13:11:00,Patatas Bravas,1
2025-01-04T13:11:00,House Red Wine,1
2025-01-04T13:11:00,House Red Wine,1
2025-01-04T13:11:00,Mineral Water,1
2025-01-04T13:11:00,Mineral Water,1
2025-01-04T13:18:00,Tortilla Española,1
2025-01-04T13:18:00,Tortilla Española,1
2025-01-04T13:18:00,Tortilla Española,1
2025-01-04T13:18:00,House Red Wine,1
2025-01-04T13:18:00,Mineral Water,1
2025-01-04T13:18:00,Crema Catalana,1
2025-01-04T13:18:00,Crema Catalana,1
2025-01-04T13:19:00,Patatas Bravas,1
2025-01-04T13:19:00,Patatas Bravas,1
2025-01-04T13:19:00,Patatas Bravas,1
2025-01-04T13:19:00,Mineral Water,1
2025-01-04T13:19:00,House Red Wine,1
2025-01-04T13:19:00,Tortilla Española,1
2025-01-04T13:19:00,Patatas Bravas,1
2025-01-04T13:19:00,Tortilla Española,1
2025-01-04T13:19:00,House Red Wine,1
2025-01-04T13:19:00,Mineral Water,1
2025-01-04T13:20:00,Patatas Bravas,1
2025-01-04T13:20:00,Tortilla Española,1
2025-01-04T13:20:00,Tortilla Española,1
2025-01-04T13:20:00,House Red Wine,1
2025-01-04T13:20:00,House Red Wine,1
2025-01-04T13:20:00,Patatas Bravas,1
2025-01-04T13:20:00,Tortilla Española,1
2025-01-04T13:20:00,Patatas Bravas,1
2025-01-04T13:20:00,Patatas Bravas,1
2025-01-04T13:20:00,Tortilla Española,1
2025-01-04T13:20:00,Tortilla Española,1
2025-01-04T13:20:00,House Red Wine,1
2025-01-04T13:20:00,Mineral Water,1
2025-01-04T13:20:00,House Red Wine,1
2025-01-04T13:20:00,Mineral Water,1
2025-01-04T13:21:00,Tortilla Española,1
2025-01-04T13:21:00,Tortilla Española,1
2025-01-04T13:21:00,Patatas Bravas,1
2025-01-04T13:21:00,Patatas Bravas,1
2025-01-04T13:21:00,Mineral Water,1
2025-01-04T13:21:00,House Red Wine,1
2025-01-04T13:21:00,House Red Wine,1
2025-01-04T13:21:00,Crema Catalana,1
2025-01-04T13:22:00,Tortilla Española,1
2025-01-04T13:22:00,Tortilla Española,1
2025-01-04T13:22:00,Tortilla Española,1
2025-01-04T13:22:00,Patatas Bravas,1
2025-01-04T13:22:00,Mineral Water,1
2025-01-04T13:22:00,Mineral Water,1
2025-01-04T13:22:00,Mineral Water,1
2025-01-04T13:22:00,Crema Catalana,1
2025-01-04T13:22:00,Crema Catalana,1
2025-01-04T13:22:00,Crema Catalana,1
2025-01-04T13:22:00,Tortilla Española,1
2025-01-04T13:22:00,Patatas Bravas,1
2025-01-04T13:22:00,Patatas Bravas,1
2025-01-04T13:22:00,Patatas Bravas,1
2025-01-04T13:22:00,House Red Wine,1
2025-01-04T13:22:00,House Red Wine,1
2025-01-04T13:22:00,House Red Wine,1
2025-01-04T13:22:00,Crema Catalana,1
2025-01-04T13:22:00,Crema Catalana,1
2025-01-04T13:22:00,Crema Catalana,1
2025-01-04T13:23:00,Tortilla Española,1
2025-01-04T13:23:00,Tortilla Española,1
2025-01-04T13:23:00,Tortilla Española,1
2025-01-04T13:23:00,House Red Wine,1
2025-01-04T13:23:00,Mineral Water,1
2025-01-04T13:23:00,Crema Catalana,1
2025-01-04T13:24:00,Patatas Bravas,1
2025-01-04T13:24:00,Patatas Bravas,1
2025-01-04T13:24:00,Tortilla Española,1
2025-01-04T13:24:00,House Red Wine,1
2025-01-04T13:24:00,House Red Wine,1
2025-01-04T13:24:00,Tortilla Española,1
2025-01-04T13:24:00,Patatas Bravas,1
2025-01-04T13:24:00,Tortilla Española,1
2025-01-04T13:24:00,Mineral Water,1
2025-01-04T13:24:00,House Red Wine,1
2025-01-04T13:24:00,Patatas Bravas,1
2025-01-04T13:24:00,Tortilla Española,1
2025-01-04T13:24:00,Patatas Bravas,1
2025-01-04T13:24:00,Patatas Bravas,1
2025-01-04T13:24:00,Patatas Bravas,1
2025-01-04T13:24:00,Tortilla Española,1
2025-01-04T13:24:00,House Red Wine,1
2025-01-04T13:24:00,House Red Wine,1
2025-01-04T13:24:00,Mineral Water,1
2025-01-04T13:24:00,House Red Wine,1
2025-01-04T13:25:00,Tortilla Española,1
2025-01-04T13:25:00,Tortilla Española,1
2025-01-04T13:25:00,Patatas Bravas,1
2025-01-04T13:25:00,Mineral Water,1
2025-01-04T13:25:00,House Red Wine,1
2025-01-04T13:25:00,Crema Catalana,1
2025-01-04T13:28:00,Tortilla Española,1
2025-01-04T13:28:00,Tortilla Española,1
2025-01-04T13:28:00,Tortilla Española,1
2025-01-04T13:28:00,House Red Wine,1
2025-01-04T13:28:00,Mineral Water,1
2025-01-04T13:28:00,Crema Catalana,1
2025-01-04T13:29:00,Tortilla Española,1
2025-01-04T13:29:00,Patatas Bravas,1
2025-01-04T13:29:00,Patatas Bravas,1
2025-01-04T13:29:00,House Red Wine,1
2025-01-04T13:29:00,House Red Wine,1
2025-01-04T13:29:00,Crema Catalana,1
2025-01-04T13:29:00,Crema Catalana,1
2025-01-04T13:31:00,Patatas Bravas,1
2025-01-04T13:31:00,Patatas Bravas,1
2025-01-04T13:31:00,Tortilla Española,1
2025-01-04T13:31:00,Mineral Water,1
2025-01-04T13:31:00,Mineral Water,1
2025-01-04T13:31:00,Crema Catalana,1
2025-01-04T13:33:00,Tortilla Española,1
2025-01-04T13:33:00,Tortilla Española,1
2025-01-04T13:33:00,Tortilla Española,1
2025-01-04T13:33:00,House Red Wine,1
2025-01-04T13:33:00,Mineral Water,1
2025-01-04T13:33:00,Crema Catalana,1
2025-01-04T13:33:00,Crema Catalana,1
2025-01-04T13:34:00,Patatas Bravas,1
2025-01-04T13:34:00,Tortilla Española,1
2025-01-04T13:34:00,Tortilla Española,1
2025-01-04T13:34:00,Mineral Water,1
2025-01-04T13:34:00,Mineral Water,1
2025-01-04T13:35:00,Patatas Bravas,1
2025-01-04T13:35:00,Tortilla Española,1
2025-01-04T13:35:00,Patatas Bravas,1
2025-01-04T13:35:00,Mineral Water,1
2025-01-04T13:35:00,House Red Wine,1
2025-01-04T13:35:00,Crema Catalana,1
2025-01-04T13:35:00,Crema Catalana,1
2025-01-04T13:35:00,Patatas Bravas,1
2025-01-04T13:35:00,Patatas Bravas,1
2025-01-04T13:35:00,Tortilla Española,1
2025-01-04T13:35:00,Tortilla Española,1
2025-01-04T13:35:00,Patatas Bravas,1
2025-01-04T13:35:00,Tortilla Española,1
2025-01-04T13:35:00,House Red Wine,1
2025-01-04T13:35:00,Mineral Water,1
2025-01-04T13:35:00,House Red Wine,1
2025-01-04T13:35:00,House Red Wine,1
2025-01-04T13:35:00,Crema Catalana,1
2025-01-04T13:35:00,Crema Catalana,1
2025-01-04T13:35:00,Crema Catalana,1
2025-01-04T13:35:00,Crema Catalana,1
2025-01-04T13:35:00,Tortilla Española,1
2025-01-04T13:35:00,Patatas Bravas,1
2025-01-04T13:35:00,Patatas Bravas,1
2025-01-04T13:35:00,Mineral Water,1
2025-01-04T13:35:00,House Red Wine,1
2025-01-04T13:37:00,Patatas Bravas,1
2025-01-04T13:37:00,Tortilla Española,1
2025-01-04T13:37:00,Tortilla Española,1
2025-01-04T13:37:00,Tortilla Española,1
2025-01-04T13:37:00,Tortilla Española,1
2025-01-04T13:37:00,Patatas Bravas,1
2025-01-04T13:37:00,Mineral Water,1
2025-01-04T13:37:00,Mineral Water,1
2025-01-04T13:37:00,House Red Wine,1
2025-01-04T13:37:00,Mineral Water,1
2025-01-04T13:37:00,Crema Catalana,1
2025-01-04T13:37:00,Tortilla Española,1
2025-01-04T13:37:00,Mineral Water,1
2025-01-04T13:37:00,Crema Catalana,1
2025-01-04T13:43:00,Tortilla Española,1
2025-01-04T13:43:00,Tortilla Española,1
2025-01-04T13:43:00,Tortilla Española,1
2025-01-04T13:43:00,House Red Wine,1
2025-01-04T13:43:00,House Red Wine,1
2025-01-04T13:43:00,Crema Catalana,1
2025-01-04T14:11:00,Tortilla Española,1
2025-01-04T14:11:00,Mineral Water,1
2025-01-04T14:11:00,Crema Catalana,1
2025-01-05T13:01:00,Patatas Bravas,1
2025-01-05T13:01:00,Tortilla Española,1
2025-01-05T13:01:00,Patatas Bravas,1
2025-01-05T13:01:00,Tortilla Española,1
2025-01-05T13:01:00,Tortilla Española,1
2025-01-05T13:01:00,Tortilla Española,1
2025-01-05T13:01:00,Seafood Paella (for 2),1
2025-01-05T13:01:00,Mineral Water,1
2025-01-05T13:01:00,Mineral Water,1
2025-01-05T13:01:00,Mineral Water,1
2025-01-05T13:01:00,Mineral Water,1
2025-01-05T13:04:00,Patatas Bravas,1
2025-01-05T13:04:00,Tortilla Española,1
2025-01-05T13:04:00,Tortilla Española,1
2025-01-05T13:04:00,Patatas Bravas,1
2025-01-05T13:04:00,Tortilla Española,1
2025-01-05T13:04:00,Tortilla Española,1
2025-01-05T13:04:00,Mineral Water,1
2025-01-05T13:04:00,House Red Wine,1
2025-01-05T13:04:00,House Red Wine,1
2025-01-05T13:04:00,House Red Wine,1
2025-01-05T13:04:00,Crema Catalana,1
2025-01-05T13:16:00,Tortilla Española,1
2025-01-05T13:16:00,Patatas Bravas,1
2025-01-05T13:16:00,Tortilla Española,1
2025-01-05T13:16:00,Seafood Paella (for 2),1
2025-01-05T13:16:00,House Red Wine,1
2025-01-05T13:16:00,House Red Wine,1
2025-01-05T13:16:00,Crema Catalana,1
2025-01-05T13:16:00,Crema Catalana,1
2025-01-05T13:29:00,Tortilla Española,1
2025-01-05T13:29:00,Patatas Bravas,1
2025-01-05T13:29:00,Patatas Bravas,1
2025-01-05T13:29:00,Patatas Bravas,1
2025-01-05T13:29:00,Tortilla Española,1
2025-01-05T13:29:00,Tortilla Española,1
2025-01-05T13:29:00,Seafood Paella (for 2),1
2025-01-05T13:29:00,Mineral Water,1
2025-01-05T13:29:00,House Red Wine,1
2025-01-05T13:29:00,Mineral Water,1
2025-01-05T13:29:00,House Red Wine,1
2025-01-05T13:29:00,Crema Catalana,1
2025-01-05T13:29:00,Crema Catalana,1
2025-01-05T13:38:00,Patatas Bravas,1
2025-01-05T13:38:00,Patatas Bravas,1
2025-01-05T13:38:00,Tortilla Española,1
2025-01-05T13:38:00,Tortilla Española,1
2025-01-05T13:38:00,Patatas Bravas,1
2025-01-05T13:38:00,Tortilla Española,1
2025-01-05T13:38:00,Mineral Water,1
2025-01-05T13:38:00,House Red Wine,1
2025-01-05T13:38:00,House Red Wine,1
2025-01-05T13:38:00,Mineral Water,1
2025-01-05T13:38:00,Crema Catalana,1
2025-01-05T13:46:00,Patatas Bravas,1
2025-01-05T13:46:00,Patatas Bravas,1
2025-01-05T13:46:00,Tortilla Española,1
2025-01-05T13:46:00,Patatas Bravas,1
2025-01-05T13:46:00,House Red Wine,1
2025-01-05T13:46:00,House Red Wine,1
2025-01-05T13:46:00,Mineral Water,1
2025-01-05T13:50:00,Patatas Bravas,1
2025-01-05T13:50:00,Patatas Bravas,1
2025-01-05T13:50:00,Tortilla Española,1
2025-01-05T13:50:00,Mineral Water,1
2025-01-05T13:50:00,House Red Wine,1
2025-01-05T13:50:00,Crema Catalana,1
2025-01-05T13:50:00,Crema Catalana,1
2025-01-05T13:51:00,Tortilla Española,1
2025-01-05T13:51:00,Tortilla Española,1
2025-01-05T13:51:00,Tortilla Española,1
2025-01-05T13:51:00,House Red Wine,1
2025-01-05T13:51:00,House Red Wine,1
2025-01-05T13:51:00,Crema Catalana,1
2025-01-05T13:51:00,Crema Catalana,1
2025-01-05T13:59:00,Patatas Bravas,1
2025-01-05T13:59:00,Tortilla Española,1
2025-01-05T13:59:00,Tortilla Española,1
2025-01-05T13:59:00,Tortilla Española,1
2025-01-05T13:59:00,Seafood Paella (for 2),1
2025-01-05T13:59:00,Mineral Water,1
2025-01-05T13:59:00,House Red Wine,1
2025-01-05T13:59:00,House Red Wine,1
2025-01-05T13:59:00,Crema Catalana,1
2025-01-05T13:59:00,Crema Catalana,1
2025-01-05T13:59:00,Crema Catalana,1
2025-01-05T14:04:00,Patatas Bravas,1
2025-01-05T14:04:00,House Red Wine,1
2025-01-05T14:04:00,Crema Catalana,1
2025-01-05T14:05:00,Patatas Bravas,1
2025-01-05T14:05:00,Patatas Bravas,1
2025-01-05T14:05:00,Patatas Bravas,1
2025-01-05T14:05:00,Seafood Paella (for 2),1
2025-01-05T14:05:00,House Red Wine,1
2025-01-05T14:05:00,House Red Wine,1
2025-01-05T14:07:00,Patatas Bravas,1
2025-01-05T14:07:00,Tortilla Española,1
2025-01-05T14:07:00,Patatas Bravas,1
2025-01-05T14:07:00,Patatas Bravas,1
2025-01-05T14:07:00,House Red Wine,1
2025-01-05T14:07:00,House Red Wine,1
2025-01-05T14:07:00,Mineral Water,1
2025-01-05T14:07:00,Crema Catalana,1
2025-01-05T14:07:00,Tortilla Española,1
2025-01-05T14:07:00,Tortilla Española,1
2025-01-05T14:07:00,Patatas Bravas,1
2025-01-05T14:07:00,Mineral Water,1
2025-01-05T14:07:00,House Red Wine,1
2025-01-05T14:08:00,Tortilla Española,1
2025-01-05T14:08:00,Tortilla Española,1
2025-01-05T14:08:00,Patatas Bravas,1
2025-01-05T14:08:00,Seafood Paella (for 2),1
2025-01-05T14:08:00,Mineral Water,1
2025-01-05T14:08:00,House Red Wine,1
2025-01-05T14:08:00,Crema Catalana,1
2025-01-05T14:09:00,Tortilla Española,1
2025-01-05T14:09:00,Tortilla Española,1
2025-01-05T14:09:00,Tortilla Española,1
2025-01-05T14:09:00,Patatas Bravas,1
2025-01-05T14:09:00,Seafood Paella (for 2),1
2025-01-05T14:09:00,House Red Wine,1
2025-01-05T14:09:00,House Red Wine,1
2025-01-05T14:09:00,Mineral Water,1
2025-01-05T14:10:00,Patatas Bravas,1
2025-01-05T14:10:00,Tortilla Española,1
2025-01-05T14:10:00,Patatas Bravas,1
2025-01-05T14:10:00,Patatas Bravas,1
2025-01-05T14:10:00,Seafood Paella (for 2),1
2025-01-05T14:10:00,Mineral Water,1
2025-01-05T14:10:00,Mineral Water,1
2025-01-05T14:10:00,House Red Wine,1
2025-01-05T14:10:00,Tortilla Española,1
2025-01-05T14:10:00,Tortilla Española,1
2025-01-05T14:10:00,Tortilla Española,1
2025-01-05T14:10:00,Seafood Paella (for 2),1
2025-01-05T14:10:00,Mineral Water,1
2025-01-05T14:10:00,House Red Wine,1
2025-01-05T14:10:00,Crema Catalana,1
2025-01-05T14:10:00,Crema Catalana,1
2025-01-05T14:10:00,Tortilla Española,1
2025-01-05T14:10:00,Patatas Bravas,1
2025-01-05T14:10:00,Tortilla Española,1
2025-01-05T14:10:00,Tortilla Española,1
2025-01-05T14:10:00,House Red Wine,1
2025-01-05T14:10:00,House Red Wine,1
2025-01-05T14:10:00,Mineral Water,1
2025-01-05T14:10:00,Crema Catalana,1
2025-01-05T14:10:00,Crema Catalana,1
2025-01-05T14:15:00,Tortilla Española,1
2025-01-05T14:15:00,Tortilla Española,1
2025-01-05T14:15:00,Tortilla Española,1
2025-01-05T14:15:00,Tortilla Española,1
2025-01-05T14:15:00,Patatas Bravas,1
2025-01-05T14:15:00,Tortilla Española,1
2025-01-05T14:15:00,Seafood Paella (for 2),1
2025-01-05T14:15:00,House Red Wine,1
2025-01-05T14:15:00,Mineral Water,1
2025-01-05T14:15:00,House Red Wine,1
2025-01-05T14:15:00,House Red Wine,1
2025-01-05T14:16:00,Tortilla Española,1
2025-01-05T14:16:00,Tortilla Española,1
2025-01-05T14:16:00,Tortilla Española,1
2025-01-05T14:16:00,Tortilla Española,1
2025-01-05T14:16:00,Mineral Water,1
2025-01-05T14:16:00,House Red Wine,1
2025-01-05T14:16:00,Mineral Water,1
2025-01-05T14:16:00,Crema Catalana,1
2025-01-05T14:16:00,Crema Catalana,1
2025-01-05T14:16:00,Crema Catalana,1
2025-01-05T14:18:00,Tortilla Española,1
2025-01-05T14:18:00,Patatas Bravas,1
2025-01-05T14:18:00,Patatas Bravas,1
2025-01-05T14:18:00,Mineral Water,1
2025-01-05T14:18:00,Mineral Water,1
2025-01-05T14:18:00,Crema Catalana,1
2025-01-05T14:24:00,Tortilla Española,1
2025-01-05T14:24:00,Tortilla Española,1
2025-01-05T14:24:00,Patatas Bravas,1
2025-01-05T14:24:00,House Red Wine,1
2025-01-05T14:24:00,Mineral Water,1
2025-01-05T14:28:00,Patatas Bravas,1
2025-01-05T14:28:00,Patatas Bravas,1
2025-01-05T14:28:00,Patatas Bravas,1
2025-01-05T14:28:00,Tortilla Española,1
2025-01-05T14:28:00,Mineral Water,1
2025-01-05T14:28:00,House Red Wine,1
2025-01-05T14:28:00,Mineral Water,1
2025-01-05T14:28:00,Crema Catalana,1
2025-01-05T14:28:00,Crema Catalana,1
2025-01-05T14:28:00,Crema Catalana,1
2025-01-05T14:28:00,Tortilla Española,1
2025-01-05T14:28:00,Seafood Paella (for 2),1
2025-01-05T14:28:00,House Red Wine,1
2025-01-05T14:28:00,Crema Catalana,1
2025-01-05T14:29:00,Tortilla Española,1
2025-01-05T14:29:00,Patatas Bravas,1
2025-01-05T14:29:00,Tortilla Española,1
2025-01-05T14:29:00,House Red Wine,1
2025-01-05T14:29:00,Mineral Water,1
2025-01-05T14:33:00,Patatas Bravas,1
2025-01-05T14:33:00,Mineral Water,1
2025-01-05T14:33:00,Crema Catalana,1
2025-01-05T14:34:00,Tortilla Española,1
2025-01-05T14:34:00,Tortilla Española,1
2025-01-05T14:34:00,Tortilla Española,1
2025-01-05T14:34:00,House Red Wine,1
2025-01-05T14:34:00,Mineral Water,1
2025-01-05T14:34:00,Crema Catalana,1
2025-01-05T14:36:00,Tortilla Española,1
2025-01-05T14:36:00,Tortilla Española,1
2025-01-05T14:36:00,Patatas Bravas,1
2025-01-05T14:36:00,House Red Wine,1
2025-01-05T14:36:00,House Red Wine,1
2025-01-05T14:36:00,Crema Catalana,1
2025-01-05T15:44:00,Tortilla Española,1
2025-01-05T15:44:00,Mineral Water,1
2025-01-06T13:05:00,Seafood Paella (for 2),1
2025-01-06T13:15:00,Menu del Día,2
2025-01-06T13:15:00,Menu del Día,4
2025-01-06T13:28:00,Seafood Paella (for 2),1
2025-01-06T13:30:00,Menu del Día,2
2025-01-06T13:30:00,Seafood Paella (for 2),1
2025-01-06T13:33:00,Menu del Día,1
2025-01-06T13:35:00,Menu del Día,2
2025-01-06T13:35:00,Menu del Día,1
2025-01-06T13:35:00,Seafood Paella (for 2),1
2025-01-06T13:35:00,Seafood Paella (for 2),1
2025-01-06T13:38:00,Menu del Día,3
2025-01-06T13:38:00,Seafood Paella (for 2),1
2025-01-06T13:49:00,Menu del Día,2
2025-01-06T13:49:00,Seafood Paella (for 2),1
2025-01-06T14:03:00,Menu del Día,1
2025-01-06T14:06:00,Menu del Día,2
2025-01-06T14:06:00,Seafood Paella (for 2),1
2025-01-06T14:07:00,Menu del Día,2
2025-01-06T14:09:00,Menu del Día,1
2025-01-06T14:09:00,Menu del Día,3
2025-01-06T14:09:00,Seafood Paella (for 2),1
2025-01-06T14:10:00,Menu del Día,4
2025-01-06T14:11:00,Menu del Día,1
2025-01-06T14:12:00,Menu del Día,2
2025-01-06T14:17:00,Menu del Día,1
2025-01-06T14:17:00,Seafood Paella (for 2),1
2025-01-06T14:21:00,Menu del Día,1
2025-01-06T14:21:00,Seafood Paella (for 2),1
2025-01-06T14:22:00,Menu del Día,1
2025-01-06T14:22:00,Seafood Paella (for 2),1
2025-01-06T14:23:00,Menu del Día,1
2025-01-06T14:23:00,Seafood Paella (for 2),1
2025-01-06T14:23:00,Menu del Día,1
2025-01-06T14:23:00,Seafood Paella (for 2),1
2025-01-06T14:23:00,Menu del Día,1
2025-01-06T14:24:00,Menu del Día,2
2025-01-06T14:24:00,Seafood Paella (for 2),1
2025-01-06T14:24:00,Seafood Paella (for 2),1
2025-01-06T14:26:00,Menu del Día,1
2025-01-06T14:26:00,Seafood Paella (for 2),1
2025-01-06T14:26:00,Seafood Paella (for 2),1
2025-01-06T14:28:00,Menu del Día,2
2025-01-06T14:28:00,Seafood Paella (for 2),1
2025-01-06T14:28:00,Seafood Paella (for 2),1
2025-01-06T14:28:00,Menu del Día,2
2025-01-06T14:31:00,Menu del Día,4
2025-01-06T14:31:00,Menu del Día,1
2025-01-06T14:34:00,Menu del Día,1
2025-01-06T14:34:00,Seafood Paella (for 2),1
2025-01-06T14:35:00,Menu del Día,1
2025-01-06T14:38:00,Menu del Día,1
2025-01-06T14:39:00,Menu del Día,1
2025-01-06T14:39:00,Seafood Paella (for 2),1
2025-01-06T14:40:00,Seafood Paella (for 2),1
2025-01-06T14:42:00,Menu del Día,1
2025-01-06T14:42:00,Menu del Día,3
2025-01-06T14:42:00,Seafood Paella (for 2),1
2025-01-06T14:43:00,Menu del Día,2
2025-01-06T14:44:00,Seafood Paella (for 2),1
2025-01-06T14:44:00,Seafood Paella (for 2),1
2025-01-06T14:49:00,Menu del Día,2
2025-01-06T15:02:00,Menu del Día,2
2025-01-06T15:16:00,Menu del Día,2
2025-01-06T15:20:00,Menu del Día,1
2025-01-06T15:20:00,Menu del Día,1
2025-01-06T15:23:00,Menu del Día,1
2025-01-06T15:23:00,Seafood Paella (for 2),1
2025-01-06T15:24:00,Menu del Día,2
2025-01-06T15:25:00,Menu del Día,1
2025-01-06T15:25:00,Seafood Paella (for 2),1
2025-01-06T15:26:00,Menu del Día,2
2025-01-06T15:31:00,Seafood Paella (for 2),1
2025-01-06T15:31:00,Seafood Paella (for 2),1
2025-01-06T15:32:00,Menu del Día,1
2025-01-06T15:32:00,Seafood Paella (for 2),1
2025-01-06T15:39:00,Seafood Paella (for 2),1
2025-01-06T15:39:00,Menu del Día,2
2025-01-06T15:41:00,Menu del Día,1
2025-01-06T15:42:00,Menu del Día,2
2025-01-06T15:42:00,Seafood Paella (for 2),1
2025-01-06T15:51:00,Menu del Día,1
2025-01-06T16:05:00,Menu del Día,2
2025-01-06T16:06:00,Menu del Día,2
2025-01-06T16:10:00,Seafood Paella (for 2),1
2025-01-06T16:26:00,Menu del Día,1
2025-01-06T16:26:00,Seafood Paella (for 2),1
2025-01-06T16:31:00,Menu del Día,4
2025-01-06T16:41:00,Menu del Día,2
2025-01-06T16:41:00,Seafood Paella (for 2),1
2025-01-06T20:03:00,Tortilla Española,1
2025-01-06T20:03:00,Patatas Bravas,1
2025-01-06T20:03:00,Tortilla Española,1
2025-01-06T20:03:00,Tortilla Española,1
2025-01-06T20:03:00,Patatas Bravas,1
2025-01-06T20:03:00,Tortilla Española,1
2025-01-06T20:03:00,Seafood Paella (for 2),1
2025-01-06T20:03:00,Mineral Water,1
2025-01-06T20:03:00,Mineral Water,1
2025-01-06T20:03:00,Mineral Water,1
2025-01-06T20:03:00,Mineral Water,1
2025-01-06T21:00:00,Patatas Bravas,1
2025-01-06T21:00:00,House Red Wine,1
2025-01-07T13:00:00,Seafood Paella (for 2),1
2025-01-07T13:05:00,Menu del Día,1
2025-01-07T13:05:00,Seafood Paella (for 2),1
2025-01-07T13:14:00,Menu del Día,2
2025-01-07T13:16:00,Menu del Día,1
2025-01-07T13:16:00,Seafood Paella (for 2),1
2025-01-07T13:16:00,Seafood Paella (for 2),1
2025-01-07T13:18:00,Seafood Paella (for 2),1
2025-01-07T13:27:00,Menu del Día,2
2025-01-07T13:30:00,Menu del Día,1
2025-01-07T13:30:00,Seafood Paella (for 2),1
2025-01-07T13:32:00,Menu del Día,2
2025-01-07T13:32:00,Menu del Día,2
2025-01-07T13:38:00,Menu del Día,1
2025-01-07T13:38:00,Seafood Paella (for 2),1
2025-01-07T13:54:00,Menu del Día,1
2025-01-07T13:55:00,Menu del Día,2
2025-01-07T13:58:00,Menu del Día,2
2025-01-07T14:00:00,Menu del Día,2
2025-01-07T14:00:00,Seafood Paella (for 2),1
2025-01-07T14:07:00,Menu del Día,1
2025-01-07T14:07:00,Seafood Paella (for 2),1
2025-01-07T14:09:00,Menu del Día,2
2025-01-07T14:09:00,Menu del Día,2
2025-01-07T14:10:00,Seafood Paella (for 2),1
2025-01-07T14:11:00,Menu del Día,1
2025-01-07T14:21:00,Menu del Día,2
2025-01-07T14:26:00,Seafood Paella (for 2),1
2025-01-07T14:30:00,Menu del Día,1
2025-01-07T14:30:00,Seafood Paella (for 2),1
2025-01-07T14:31:00,Menu del Día,2
2025-01-07T14:38:00,Menu del Día,1
2025-01-07T14:38:00,Menu del Día,1
2025-01-07T14:41:00,Menu del Día,1
2025-01-07T14:41:00,Seafood Paella (for 2),1
2025-01-07T14:43:00,Seafood Paella (for 2),1
2025-01-07T14:47:00,Seafood Paella (for 2),1
2025-01-07T14:47:00,Seafood Paella (for 2),1
2025-01-07T14:47:00,Menu del Día,1
2025-01-07T14:47:00,Seafood Paella (for 2),1
2025-01-07T14:47:00,Menu del Día,2
2025-01-07T14:49:00,Menu del Día,1
2025-01-07T14:49:00,Seafood Paella (for 2),1
2025-01-07T14:55:00,Menu del Día,4
2025-01-07T14:57:00,Seafood Paella (for 2),1
2025-01-07T14:57:00,Seafood Paella (for 2),1
2025-01-07T15:01:00,Menu del Día,1
2025-01-07T15:13:00,Menu del Día,1
2025-01-07T15:25:00,Menu del Día,2
2025-01-07T15:26:00,Menu del Día,1
2025-01-07T15:26:00,Seafood Paella (for 2),1
2025-01-07T15:34:00,Menu del Día,1
2025-01-07T15:36:00,Menu del Día,2
2025-01-07T15:37:00,Seafood Paella (for 2),1
2025-01-07T15:45:00,Menu del Día,2
2025-01-07T15:49:00,Menu del Día,1
2025-01-07T15:49:00,Seafood Paella (for 2),1
2025-01-07T15:54:00,Menu del Día,1
2025-01-07T16:06:00,Menu del Día,2
2025-01-07T16:14:00,Menu del Día,2
2025-01-07T16:14:00,Seafood Paella (for 2),1
2025-01-07T20:03:00,Tortilla Española,1
2025-01-07T20:03:00,Tortilla Española,1
2025-01-07T20:03:00,Patatas Bravas,1
2025-01-07T20:03:00,Mineral Water,1
2025-01-07T20:03:00,Mineral Water,1
2025-01-07T20:07:00,Patatas Bravas,1
2025-01-07T20:07:00,Tortilla Española,1
2025-01-07T20:07:00,Patatas Bravas,1
2025-01-07T20:07:00,Seafood Paella (for 2),1
2025-01-07T20:07:00,Mineral Water,1
2025-01-07T20:07:00,Mineral Water,1
2025-01-07T20:07:00,Crema Catalana,1
2025-01-07T20:18:00,Patatas Bravas,1
2025-01-07T20:18:00,Patatas Bravas,1
2025-01-07T20:18:00,Tortilla Española,1
2025-01-07T20:18:00,Patatas Bravas,1
2025-01-07T20:18:00,Patatas Bravas,1
2025-01-07T20:18:00,Tortilla Española,1
2025-01-07T20:18:00,Seafood Paella (for 2),1
2025-01-07T20:18:00,House Red Wine,1
2025-01-07T20:18:00,House Red Wine,1
2025-01-07T20:18:00,Mineral Water,1
2025-01-07T20:18:00,Mineral Water,1
2025-01-07T20:18:00,Crema Catalana,1
2025-01-07T20:19:00,Patatas Bravas,1
2025-01-07T20:19:00,Tortilla Española,1
2025-01-07T20:19:00,Tortilla Española,1
2025-01-07T20:19:00,Mineral Water,1
2025-01-07T20:19:00,House Red Wine,1
2025-01-07T20:19:00,Crema Catalana,1
2025-01-07T20:22:00,Tortilla Española,1
2025-01-07T20:22:00,Tortilla Española,1
2025-01-07T20:22:00,Patatas Bravas,1
2025-01-07T20:22:00,Mineral Water,1
2025-01-07T20:22:00,Mineral Water,1
2025-01-07T20:22:00,Crema Catalana,1
2025-01-07T20:22:00,Patatas Bravas,1
2025-01-07T20:22:00,Patatas Bravas,1
2025-01-07T20:22:00,Patatas Bravas,1
2025-01-07T20:22:00,Seafood Paella (for 2),1
2025-01-07T20:22:00,House Red Wine,1
2025-01-07T20:22:00,Mineral Water,1
2025-01-07T20:27:00,Patatas Bravas,1
2025-01-07T20:27:00,Tortilla Española,1
2025-01-07T20:27:00,Tortilla Española,1
2025-01-07T20:27:00,House Red Wine,1
2025-01-07T20:27:00,Mineral Water,1
2025-01-07T20:28:00,Patatas Bravas,1
2025-01-07T20:28:00,Patatas Bravas,1
2025-01-07T20:28:00,Tortilla Española,1
2025-01-07T20:28:00,Mineral Water,1
2025-01-07T20:28:00,House Red Wine,1
2025-01-07T20:29:00,Patatas Bravas,1
2025-01-07T20:29:00,Tortilla Española,1
2025-01-07T20:29:00,Patatas Bravas,1
2025-01-07T20:29:00,House Red Wine,1
2025-01-07T20:29:00,House Red Wine,1
2025-01-07T20:29:00,Crema Catalana,1
2025-01-07T20:37:00,Patatas Bravas,1
2025-01-07T20:37:00,House Red Wine,1
2025-01-07T20:42:00,Tortilla Española,1
2025-01-07T20:42:00,Mineral Water,1
2025-01-07T20:42:00,Crema Catalana,1
2025-01-08T13:04:00,Menu del Día,1
2025-01-08T13:04:00,Seafood Paella (for 2),1
2025-01-08T13:13:00,Seafood Paella (for 2),1
2025-01-08T13:22:00,Menu del Día,1
2025-01-08T13:22:00,Menu del Día,1
2025-01-08T13:27:00,Menu del Día,1
2025-01-08T13:27:00,Seafood Paella (for 2),1
2025-01-08T13:27:00,Menu del Día,1
2025-01-08T13:27:00,Seafood Paella (for 2),1
2025-01-08T13:34:00,Menu del Día,1
2025-01-08T13:34:00,Seafood Paella (for 2),1
2025-01-08T13:40:00,Menu del Día,2
2025-01-08T13:51:00,Menu del Día,2
2025-01-08T14:05:00,Seafood Paella (for 2),1
2025-01-08T14:11:00,Menu del Día,1
2025-01-08T14:11:00,Seafood Paella (for 2),1
2025-01-08T14:11:00,Seafood Paella (for 2),1
2025-01-08T14:16:00,Menu del Día,3
2025-01-08T14:26:00,Menu del Día,2
2025-01-08T14:34:00,Seafood Paella (for 2),1
2025-01-08T14:35:00,Menu del Día,3
2025-01-08T14:44:00,Menu del Día,2
2025-01-08T14:46:00,Seafood Paella (for 2),1
2025-01-08T14:50:00,Menu del Día,1
2025-01-08T14:54:00,Menu del Día,3
2025-01-08T14:55:00,Menu del Día,2
2025-01-08T14:56:00,Menu del Día,2
2025-01-08T15:09:00,Menu del Día,2
2025-01-08T15:13:00,Seafood Paella (for 2),1
2025-01-08T15:16:00,Menu del Día,2
2025-01-08T15:31:00,Menu del Día,1
2025-01-08T15:31:00,Seafood Paella (for 2),1
2025-01-08T15:38:00,Menu del Día,1
2025-01-08T15:38:00,Menu del Día,1
2025-01-08T15:38:00,Seafood Paella (for 2),1
2025-01-08T15:40:00,Seafood Paella (for 2),1
2025-01-08T15:43:00,Menu del Día,2
2025-01-08T15:53:00,Menu del Día,1
2025-01-08T15:53:00,Seafood Paella (for 2),1
2025-01-08T15:58:00,Menu del Día,1
2025-01-08T15:58:00,Seafood Paella (for 2),1
2025-01-08T16:26:00,Menu del Día,2
2025-01-08T16:26:00,Menu del Día,2
2025-01-08T16:26:00,Seafood Paella (for 2),1
2025-01-08T20:08:00,Patatas Bravas,1
2025-01-08T20:08:00,Tortilla Española,1
2025-01-08T20:08:00,Patatas Bravas,1
2025-01-08T20:08:00,Tortilla Española,1
2025-01-08T20:08:00,Tortilla Española,1
2025-01-08T20:08:00,Tortilla Española,1
2025-01-08T20:08:00,Mineral Water,1
2025-01-08T20:08:00,House Red Wine,1
2025-01-08T20:08:00,Mineral Water,1
2025-01-08T20:08:00,House Red Wine,1
2025-01-08T20:08:00,Crema Catalana,1
2025-01-08T20:09:00,Patatas Bravas,1
2025-01-08T20:09:00,Patatas Bravas,1
2025-01-08T20:09:00,Tortilla Española,1
2025-01-08T20:09:00,House Red Wine,1
2025-01-08T20:09:00,Mineral Water,1
2025-01-08T20:11:00,Patatas Bravas,1
2025-01-08T20:11:00,Patatas Bravas,1
2025-01-08T20:11:00,Patatas Bravas,1
2025-01-08T20:11:00,House Red Wine,1
2025-01-08T20:11:00,Mineral Water,1
2025-01-08T20:18:00,Patatas Bravas,1
2025-01-08T20:18:00,Tortilla Española,1
2025-01-08T20:18:00,Tortilla Española,1
2025-01-08T20:18:00,House Red Wine,1
2025-01-08T20:18:00,Mineral Water,1
2025-01-08T20:18:00,Crema Catalana,1
2025-01-08T20:31:00,Tortilla Española,1
2025-01-08T20:31:00,Tortilla Española,1
2025-01-08T20:31:00,Tortilla Española,1
2025-01-08T20:31:00,Mineral Water,1
2025-01-08T20:31:00,Mineral Water,1
2025-01-08T20:31:00,Crema Catalana,1
2025-01-08T20:31:00,Crema Catalana,1
2025-01-08T20:34:00,Tortilla Española,1
2025-01-08T20:34:00,Patatas Bravas,1
2025-01-08T20:34:00,Patatas Bravas,1
2025-01-08T20:34:00,Tortilla Española,1
2025-01-08T20:34:00,Seafood Paella (for 2),1
2025-01-08T20:34:00,House Red Wine,1
2025-01-08T20:34:00,House Red Wine,1
2025-01-08T20:34:00,House Red Wine,1
2025-01-08T21:01:00,Patatas Bravas,1
2025-01-08T21:01:00,Patatas Bravas,1
2025-01-08T21:01:00,Tortilla Española,1
2025-01-08T21:01:00,House Red Wine,1
2025-01-08T21:01:00,Mineral Water,1
2025-01-08T21:01:00,Crema Catalana,1
2025-01-08T21:04:00,Patatas Bravas,1
2025-01-08T21:04:00,Patatas Bravas,1
2025-01-08T21:04:00,Tortilla Española,1
2025-01-08T21:04:00,Tortilla Española,1
2025-01-08T21:04:00,Tortilla Española,1
2025-01-08T21:04:00,Patatas Bravas,1
2025-01-08T21:04:00,Seafood Paella (for 2),1
2025-01-08T21:04:00,Mineral Water,1
2025-01-08T21:04:00,House Red Wine,1
2025-01-08T21:04:00,House Red Wine,1
2025-01-08T21:04:00,House Red Wine,1
2025-01-08T21:04:00,Crema Catalana,1
2025-01-08T21:04:00,Crema Catalana,1
2025-01-08T21:04:00,Crema Catalana,1
2025-01-08T21:07:00,Tortilla Española,1
2025-01-08T21:07:00,Tortilla Española,1
2025-01-08T21:07:00,Patatas Bravas,1
2025-01-08T21:07:00,House Red Wine,1
2025-01-08T21:07:00,House Red Wine,1
2025-01-08T21:13:00,Patatas Bravas,1
2025-01-08T21:13:00,Tortilla Española,1
2025-01-08T21:13:00,Tortilla Española,1
2025-01-08T21:13:00,Mineral Water,1
2025-01-08T21:13:00,House Red Wine,1
2025-01-08T21:13:00,Crema Catalana,1
2025-01-08T21:13:00,Crema Catalana,1
2025-01-08T21:16:00,Patatas Bravas,1
2025-01-08T21:16:00,Patatas Bravas,1
2025-01-08T21:16:00,Patatas Bravas,1
2025-01-08T21:16:00,House Red Wine,1
2025-01-08T21:16:00,Mineral Water,1
2025-01-08T21:16:00,Crema Catalana,1
2025-01-08T21:39:00,Patatas Bravas,1
2025-01-08T21:39:00,Mineral Water,1
2025-01-09T13:06:00,Seafood Paella (for 2),1
2025-01-09T13:14:00,Seafood Paella (for 2),1
2025-01-09T13:14:00,Seafood Paella (for 2),1
2025-01-09T13:16:00,Seafood Paella (for 2),1
2025-01-09T13:26:00,Seafood Paella (for 2),1
2025-01-09T13:29:00,Seafood Paella (for 2),1
2025-01-09T13:29:00,Seafood Paella (for 2),1
2025-01-09T13:31:00,Seafood Paella (for 2),1
2025-01-09T13:49:00,Seafood Paella (for 2),1
2025-01-09T13:55:00,Seafood Paella (for 2),1
2025-01-09T14:16:00,Seafood Paella (for 2),1
2025-01-09T14:17:00,Seafood Paella (for 2),1
2025-01-09T14:19:00,Seafood Paella (for 2),1
2025-01-09T14:19:00,Seafood Paella (for 2),1
2025-01-09T14:21:00,Seafood Paella (for 2),1
2025-01-09T14:21:00,Seafood Paella (for 2),1
2025-01-09T14:22:00,Seafood Paella (for 2),1
2025-01-09T14:22:00,Seafood Paella (for 2),1
2025-01-09T14:29:00,Seafood Paella (for 2),1
2025-01-09T14:36:00,Seafood Paella (for 2),1
2025-01-09T14:38:00,Seafood Paella (for 2),1
2025-01-09T14:48:00,Seafood Paella (for 2),1
2025-01-09T14:57:00,Seafood Paella (for 2),1
2025-01-09T14:57:00,Seafood Paella (for 2),1
2025-01-09T15:17:00,Seafood Paella (for 2),1
2025-01-09T15:17:00,Seafood Paella (for 2),1
2025-01-09T15:25:00,Seafood Paella (for 2),1
2025-01-09T15:29:00,Seafood Paella (for 2),1
2025-01-09T15:49:00,Seafood Paella (for 2),1
2025-01-09T15:57:00,Seafood Paella (for 2),1
2025-01-09T16:15:00,Seafood Paella (for 2),1
2025-01-09T16:59:00,Seafood Paella (for 2),1
2025-01-09T20:01:00,Tortilla Española,1
2025-01-09T20:01:00,Tortilla Española,1
2025-01-09T20:01:00,Patatas Bravas,1
2025-01-09T20:01:00,Tortilla Española,1
2025-01-09T20:01:00,Patatas Bravas,1
2025-01-09T20:01:00,Patatas Bravas,1
2025-01-09T20:01:00,Seafood Paella (for 2),1
2025-01-09T20:01:00,House Red Wine,1
2025-01-09T20:01:00,House Red Wine,1
2025-01-09T20:01:00,House Red Wine,1
2025-01-09T20:01:00,Mineral Water,1
2025-01-09T20:03:00,Tortilla Española,1
2025-01-09T20:03:00,Tortilla Española,1
2025-01-09T20:03:00,Patatas Bravas,1
2025-01-09T20:03:00,Seafood Paella (for 2),1
2025-01-09T20:03:00,Mineral Water,1
2025-01-09T20:03:00,Mineral Water,1
2025-01-09T20:06:00,Tortilla Española,1
2025-01-09T20:06:00,Patatas Bravas,1
2025-01-09T20:06:00,Patatas Bravas,1
2025-01-09T20:06:00,Mineral Water,1
2025-01-09T20:06:00,Mineral Water,1
2025-01-09T20:07:00,Patatas Bravas,1
2025-01-09T20:07:00,Tortilla Española,1
2025-01-09T20:07:00,Tortilla Española,1
2025-01-09T20:07:00,Tortilla Española,1
2025-01-09T20:07:00,Seafood Paella (for 2),1
2025-01-09T20:07:00,House Red Wine,1
2025-01-09T20:07:00,Mineral Water,1
2025-01-09T20:07:00,House Red Wine,1
2025-01-09T20:11:00,Tortilla Española,1
2025-01-09T20:11:00,Patatas Bravas,1
2025-01-09T20:11:00,Patatas Bravas,1
2025-01-09T20:11:00,Tortilla Española,1
2025-01-09T20:11:00,Tortilla Española,1
2025-01-09T20:11:00,Patatas Bravas,1
2025-01-09T20:11:00,Seafood Paella (for 2),1
2025-01-09T20:11:00,Mineral Water,1
2025-01-09T20:11:00,Mineral Water,1
2025-01-09T20:11:00,House Red Wine,1
2025-01-09T20:11:00,Mineral Water,1
2025-01-09T20:13:00,Patatas Bravas,1
2025-01-09T20:13:00,Patatas Bravas,1
2025-01-09T20:13:00,Patatas Bravas,1
2025-01-09T20:13:00,Patatas Bravas,1
2025-01-09T20:13:00,House Red Wine,1
2025-01-09T20:13:00,House Red Wine,1
2025-01-09T20:13:00,House Red Wine,1
2025-01-09T20:15:00,Tortilla Española,1
2025-01-09T20:15:00,Tortilla Española,1
2025-01-09T20:15:00,Patatas Bravas,1
2025-01-09T20:15:00,Patatas Bravas,1
2025-01-09T20:15:00,Tortilla Española,1
2025-01-09T20:15:00,Patatas Bravas,1
2025-01-09T20:15:00,House Red Wine,1
2025-01-09T20:15:00,House Red Wine,1
2025-01-09T20:15:00,House Red Wine,1
2025-01-09T20:15:00,Mineral Water,1
2025-01-09T20:17:00,Patatas Bravas,1
2025-01-09T20:17:00,Tortilla Española,1
2025-01-09T20:17:00,Tortilla Española,1
2025-01-09T20:17:00,Tortilla Española,1
2025-01-09T20:17:00,Patatas Bravas,1
2025-01-09T20:17:00,Tortilla Española,1
2025-01-09T20:17:00,Seafood Paella (for 2),1
2025-01-09T20:17:00,Mineral Water,1
2025-01-09T20:17:00,Mineral Water,1
2025-01-09T20:17:00,House Red Wine,1
2025-01-09T20:17:00,House Red Wine,1
2025-01-09T20:21:00,Patatas Bravas,1
2025-01-09T20:21:00,Mineral Water,1
2025-01-09T20:24:00,Tortilla Española,1
2025-01-09T20:24:00,Tortilla Española,1
2025-01-09T20:24:00,Tortilla Española,1
2025-01-09T20:24:00,Tortilla Española,1
2025-01-09T20:24:00,Seafood Paella (for 2),1
2025-01-09T20:24:00,House Red Wine,1
2025-01-09T20:24:00,House Red Wine,1
2025-01-09T20:24:00,Mineral Water,1
2025-01-09T20:26:00,Patatas Bravas,1
2025-01-09T20:26:00,Patatas Bravas,1
2025-01-09T20:26:00,Patatas Bravas,1
2025-01-09T20:26:00,Patatas Bravas,1
2025-01-09T20:26:00,Mineral Water,1
2025-01-09T20:26:00,Mineral Water,1
2025-01-09T20:26:00,Mineral Water,1
2025-01-09T20:33:00,Tortilla Española,1
2025-01-09T20:33:00,Patatas Bravas,1
2025-01-09T20:33:00,Tortilla Española,1
2025-01-09T20:33:00,Patatas Bravas,1
2025-01-09T20:33:00,Patatas Bravas,1
2025-01-09T20:33:00,Tortilla Española,1
2025-01-09T20:33:00,Seafood Paella (for 2),1
2025-01-09T20:33:00,Mineral Water,1
2025-01-09T20:33:00,House Red Wine,1
2025-01-09T20:33:00,Mineral Water,1
2025-01-09T20:33:00,House Red Wine,1
2025-01-09T20:36:00,Tortilla Española,1
2025-01-09T20:36:00,Patatas Bravas,1
2025-01-09T20:36:00,Patatas Bravas,1
2025-01-09T20:36:00,Tortilla Española,1
2025-01-09T20:36:00,House Red Wine,1
2025-01-09T20:36:00,House Red Wine,1
2025-01-09T20:36:00,Mineral Water,1
2025-01-09T20:39:00,Tortilla Española,1
2025-01-09T20:39:00,Patatas Bravas,1
2025-01-09T20:39:00,Patatas Bravas,1
2025-01-09T20:39:00,Seafood Paella (for 2),1
2025-01-09T20:39:00,Mineral Water,1
2025-01-09T20:39:00,Mineral Water,1
2025-01-09T20:46:00,Patatas Bravas,1
2025-01-09T20:46:00,Patatas Bravas,1
2025-01-09T20:46:00,Tortilla Española,1
2025-01-09T20:46:00,House Red Wine,1
2025-01-09T20:46:00,House Red Wine,1
2025-01-09T20:53:00,Patatas Bravas,1
2025-01-09T20:53:00,Tortilla Española,1
2025-01-09T20:53:00,Patatas Bravas,1
2025-01-09T20:53:00,Mineral Water,1
2025-01-09T20:53:00,Mineral Water,1
2025-01-09T20:57:00,Patatas Bravas,1
2025-01-09T20:57:00,Patatas Bravas,1
2025-01-09T20:57:00,Tortilla Española,1
2025-01-09T20:57:00,House Red Wine,1
2025-01-09T20:57:00,Mineral Water,1
2025-01-09T20:58:00,Tortilla Española,1
2025-01-09T20:58:00,Tortilla Española,1
2025-01-09T20:58:00,Tortilla Española,1
2025-01-09T20:58:00,House Red Wine,1
2025-01-09T20:58:00,Mineral Water,1
2025-01-09T21:00:00,Tortilla Española,1
2025-01-09T21:00:00,Tortilla Española,1
2025-01-09T21:00:00,Patatas Bravas,1
2025-01-09T21:00:00,House Red Wine,1
2025-01-09T21:00:00,House Red Wine,1
2025-01-09T21:01:00,Tortilla Española,1
2025-01-09T21:01:00,Patatas Bravas,1
2025-01-09T21:01:00,Patatas Bravas,1
2025-01-09T21:01:00,Seafood Paella (for 2),1
2025-01-09T21:01:00,Mineral Water,1
2025-01-09T21:01:00,House Red Wine,1
2025-01-09T21:01:00,Tortilla Española,1
2025-01-09T21:01:00,Tortilla Española,1
2025-01-09T21:01:00,Patatas Bravas,1
2025-01-09T21:01:00,Patatas Bravas,1
2025-01-09T21:01:00,Patatas Bravas,1
2025-01-09T21:01:00,Tortilla Española,1
2025-01-09T21:01:00,Seafood Paella (for 2),1
2025-01-09T21:01:00,Mineral Water,1
2025-01-09T21:01:00,House Red Wine,1
2025-01-09T21:01:00,House Red Wine,1
2025-01-09T21:01:00,Mineral Water,1
2025-01-09T21:01:00,Tortilla Española,1
2025-01-09T21:01:00,Patatas Bravas,1
2025-01-09T21:01:00,Patatas Bravas,1
2025-01-09T21:01:00,House Red Wine,1
2025-01-09T21:01:00,Mineral Water,1
2025-01-09T21:06:00,Tortilla Española,1
2025-01-09T21:06:00,Patatas Bravas,1
2025-01-09T21:06:00,Tortilla Española,1
2025-01-09T21:06:00,House Red Wine,1
2025-01-09T21:06:00,Mineral Water,1
2025-01-09T21:06:00,Patatas Bravas,1
2025-01-09T21:06:00,Tortilla Española,1
2025-01-09T21:06:00,Patatas Bravas,1
2025-01-09T21:06:00,Mineral Water,1
2025-01-09T21:06:00,Mineral Water,1
2025-01-09T21:12:00,Tortilla Española,1
2025-01-09T21:12:00,Tortilla Española,1
2025-01-09T21:12:00,Patatas Bravas,1
2025-01-09T21:12:00,Mineral Water,1
2025-01-09T21:12:00,House Red Wine,1
2025-01-09T21:15:00,Tortilla Española,1
2025-01-09T21:15:00,Patatas Bravas,1
2025-01-09T21:15:00,Patatas Bravas,1
2025-01-09T21:15:00,Seafood Paella (for 2),1
2025-01-09T21:15:00,Mineral Water,1
2025-01-09T21:15:00,Mineral Water,1
2025-01-09T21:19:00,Tortilla Española,1
2025-01-09T21:19:00,Tortilla Española,1
2025-01-09T21:19:00,Tortilla Española,1
2025-01-09T21:19:00,Mineral Water,1
2025-01-09T21:19:00,House Red Wine,1
2025-01-10T13:21:00,Patatas Bravas,1
2025-01-10T13:21:00,Tortilla Española,1
2025-01-10T13:21:00,Patatas Bravas,1
2025-01-10T13:21:00,Mineral Water,1
2025-01-10T13:21:00,Mineral Water,1
2025-01-10T13:21:00,Crema Catalana,1
2025-01-10T13:32:00,Patatas Bravas,1
2025-01-10T13:32:00,Tortilla Española,1
2025-01-10T13:32:00,Tortilla Española,1
2025-01-10T13:32:00,House Red Wine,1
2025-01-10T13:32:00,Mineral Water,1
2025-01-10T13:32:00,Crema Catalana,1
2025-01-10T13:40:00,Patatas Bravas,1
2025-01-10T13:40:00,Tortilla Española,1
2025-01-10T13:40:00,Tortilla Española,1
2025-01-10T13:40:00,Mineral Water,1
2025-01-10T13:40:00,Mineral Water,1
2025-01-10T14:08:00,Tortilla Española,1
2025-01-10T14:08:00,Patatas Bravas,1
2025-01-10T14:08:00,Patatas Bravas,1
2025-01-10T14:08:00,Mineral Water,1
2025-01-10T14:08:00,House Red Wine,1
2025-01-10T14:12:00,Patatas Bravas,1
2025-01-10T14:12:00,Patatas Bravas,1
2025-01-10T14:12:00,Patatas Bravas,1
2025-01-10T14:12:00,House Red Wine,1
2025-01-10T14:12:00,House Red Wine,1
2025-01-10T14:12:00,Crema Catalana,1
2025-01-10T14:15:00,Tortilla Española,1
2025-01-10T14:15:00,Patatas Bravas,1
2025-01-10T14:15:00,Patatas Bravas,1
2025-01-10T14:15:00,Mineral Water,1
2025-01-10T14:15:00,Mineral Water,1
2025-01-10T14:15:00,Crema Catalana,1
2025-01-10T14:17:00,Patatas Bravas,1
2025-01-10T14:17:00,Mineral Water,1
2025-01-10T14:17:00,Crema Catalana,1
2025-01-10T14:26:00,Tortilla Española,1
2025-01-10T14:26:00,Patatas Bravas,1
2025-01-10T14:26:00,Tortilla Española,1
2025-01-10T14:26:00,Mineral Water,1
2025-01-10T14:26:00,House Red Wine,1
2025-01-10T14:28:00,Patatas Bravas,1
2025-01-10T14:28:00,Patatas Bravas,1
2025-01-10T14:28:00,Tortilla Española,1
2025-01-10T14:28:00,Patatas Bravas,1
2025-01-10T14:28:00,House Red Wine,1
2025-01-10T14:28:00,Mineral Water,1
2025-01-10T14:28:00,House Red Wine,1
2025-01-10T14:29:00,Patatas Bravas,1
2025-01-10T14:29:00,Patatas Bravas,1
2025-01-10T14:29:00,Patatas Bravas,1
2025-01-10T14:29:00,Tortilla Española,1
2025-01-10T14:29:00,House Red Wine,1
2025-01-10T14:29:00,House Red Wine,1
2025-01-10T14:29:00,Mineral Water,1
2025-01-10T14:29:00,Crema Catalana,1
2025-01-10T14:32:00,Patatas Bravas,1
2025-01-10T14:32:00,Patatas Bravas,1
2025-01-10T14:32:00,Tortilla Española,1
2025-01-10T14:32:00,House Red Wine,1
2025-01-10T14:32:00,House Red Wine,1
2025-01-10T14:32:00,Crema Catalana,1
2025-01-10T14:36:00,Tortilla Española,1
2025-01-10T14:36:00,Tortilla Española,1
2025-01-10T14:36:00,Patatas Bravas,1
2025-01-10T14:36:00,House Red Wine,1
2025-01-10T14:36:00,Mineral Water,1
2025-01-10T14:43:00,Tortilla Española,1
2025-01-10T14:43:00,Patatas Bravas,1
2025-01-10T14:43:00,Patatas Bravas,1
2025-01-10T14:43:00,Mineral Water,1
2025-01-10T14:43:00,Mineral Water,1
2025-01-10T14:48:00,Tortilla Española,1
2025-01-10T14:48:00,Patatas Bravas,1
2025-01-10T14:48:00,Patatas Bravas,1
2025-01-10T14:48:00,Seafood Paella (for 2),1
2025-01-10T14:48:00,House Red Wine,1
2025-01-10T14:48:00,Mineral Water,1
2025-01-10T14:48:00,Patatas Bravas,1
2025-01-10T14:48:00,Patatas Bravas,1
2025-01-10T14:48:00,Tortilla Española,1
2025-01-10T14:48:00,Tortilla Española,1
2025-01-10T14:48:00,House Red Wine,1
2025-01-10T14:48:00,Mineral Water,1
2025-01-10T14:48:00,House Red Wine,1
2025-01-10T14:49:00,Tortilla Española,1
2025-01-10T14:49:00,Tortilla Española,1
2025-01-10T14:49:00,Patatas Bravas,1
2025-01-10T14:49:00,Tortilla Española,1
2025-01-10T14:49:00,Tortilla Española,1
2025-01-10T14:49:00,Tortilla Española,1
2025-01-10T14:49:00,Mineral Water,1
2025-01-10T14:49:00,House Red Wine,1
2025-01-10T14:49:00,Mineral Water,1
2025-01-10T14:49:00,Mineral Water,1
2025-01-10T14:49:00,Crema Catalana,1
2025-01-10T14:55:00,Tortilla Española,1
2025-01-10T14:55:00,Tortilla Española,1
2025-01-10T14:55:00,Patatas Bravas,1
2025-01-10T14:55:00,Mineral Water,1
2025-01-10T14:55:00,House Red Wine,1
2025-01-10T15:00:00,Tortilla Española,1
2025-01-10T15:00:00,Tortilla Española,1
2025-01-10T15:00:00,Tortilla Española,1
2025-01-10T15:00:00,Seafood Paella (for 2),1
2025-01-10T15:00:00,House Red Wine,1
2025-01-10T15:00:00,Mineral Water,1
2025-01-10T15:00:00,Crema Catalana,1
2025-01-10T15:05:00,Tortilla Española,1
2025-01-10T15:05:00,Patatas Bravas,1
2025-01-10T15:05:00,Patatas Bravas,1
2025-01-10T15:05:00,Mineral Water,1
2025-01-10T15:05:00,Mineral Water,1
2025-01-10T15:10:00,Patatas Bravas,1
2025-01-10T15:10:00,Patatas Bravas,1
2025-01-10T15:10:00,Tortilla Española,1
2025-01-10T15:10:00,Mineral Water,1
2025-01-10T15:10:00,Mineral Water,1
2025-01-10T15:10:00,Crema Catalana,1
2025-01-10T15:10:00,Crema Catalana,1
2025-01-10T15:13:00,Tortilla Española,1
2025-01-10T15:13:00,Tortilla Española,1
2025-01-10T15:13:00,Tortilla Española,1
2025-01-10T15:13:00,Tortilla Española,1
2025-01-10T15:13:00,Seafood Paella (for 2),1
2025-01-10T15:13:00,Mineral Water,1
2025-01-10T15:13:00,Mineral Water,1
2025-01-10T15:13:00,Mineral Water,1
2025-01-10T15:13:00,Crema Catalana,1
2025-01-10T15:13:00,Crema Catalana,1
2025-01-10T15:21:00,Patatas Bravas,1
2025-01-10T15:21:00,Tortilla Española,1
2025-01-10T15:21:00,Patatas Bravas,1
2025-01-10T15:21:00,Seafood Paella (for 2),1
2025-01-10T15:21:00,Mineral Water,1
2025-01-10T15:21:00,House Red Wine,1
2025-01-10T15:24:00,Tortilla Española,1
2025-01-10T15:24:00,Patatas Bravas,1
2025-01-10T15:24:00,Patatas Bravas,1
2025-01-10T15:24:00,Seafood Paella (for 2),1
2025-01-10T15:24:00,House Red Wine,1
2025-01-10T15:24:00,House Red Wine,1
2025-01-10T15:24:00,Crema Catalana,1
2025-01-10T15:24:00,Crema Catalana,1
2025-01-10T15:27:00,Patatas Bravas,1
2025-01-10T15:27:00,House Red Wine,1
2025-01-10T15:27:00,Crema Catalana,1
2025-01-10T15:32:00,Tortilla Española,1
2025-01-10T15:32:00,Tortilla Española,1
2025-01-10T15:32:00,Tortilla Española,1
2025-01-10T15:32:00,Patatas Bravas,1
2025-01-10T15:32:00,Patatas Bravas,1
2025-01-10T15:32:00,Tortilla Española,1
2025-01-10T15:32:00,Seafood Paella (for 2),1
2025-01-10T15:32:00,House Red Wine,1
2025-01-10T15:32:00,House Red Wine,1
2025-01-10T15:32:00,Mineral Water,1
2025-01-10T15:32:00,Mineral Water,1
2025-01-10T15:32:00,Crema Catalana,1
2025-01-10T15:32:00,Crema Catalana,1
2025-01-10T15:32:00,Crema Catalana,1
2025-01-10T15:32:00,Crema Catalana,1
2025-01-10T15:33:00,Patatas Bravas,1
2025-01-10T15:33:00,Patatas Bravas,1
2025-01-10T15:33:00,Tortilla Española,1
2025-01-10T15:33:00,Mineral Water,1
2025-01-10T15:33:00,House Red Wine,1
2025-01-10T15:33:00,Crema Catalana,1
2025-01-10T15:33:00,Crema Catalana,1
2025-01-10T15:40:00,Patatas Bravas,1
2025-01-10T15:40:00,Tortilla Española,1
2025-01-10T15:40:00,Patatas Bravas,1
2025-01-10T15:40:00,Mineral Water,1
2025-01-10T15:40:00,House Red Wine,1
2025-01-10T15:40:00,Crema Catalana,1
2025-01-10T15:40:00,Crema Catalana,1
2025-01-10T15:41:00,Patatas Bravas,1
2025-01-10T15:41:00,Tortilla Española,1
2025-01-10T15:41:00,Patatas Bravas,1
2025-01-10T15:41:00,Mineral Water,1
2025-01-10T15:41:00,Mineral Water,1
2025-01-10T15:43:00,Patatas Bravas,1
2025-01-10T15:43:00,Tortilla Española,1
2025-01-10T15:43:00,Patatas Bravas,1
2025-01-10T15:43:00,Tortilla Española,1
2025-01-10T15:43:00,Tortilla Española,1
2025-01-10T15:43:00,Tortilla Española,1
2025-01-10T15:43:00,Seafood Paella (for 2),1
2025-01-10T15:43:00,House Red Wine,1
2025-01-10T15:43:00,Mineral Water,1
2025-01-10T15:43:00,House Red Wine,1
2025-01-10T15:43:00,Mineral Water,1
2025-01-10T15:43:00,Crema Catalana,1
2025-01-10T15:43:00,Crema Catalana,1
2025-01-10T15:43:00,Crema Catalana,1
2025-01-10T15:43:00,Crema Catalana,1
2025-01-10T15:48:00,Patatas Bravas,1
2025-01-10T15:48:00,Patatas Bravas,1
2025-01-10T15:48:00,Patatas Bravas,1
2025-01-10T15:48:00,Tortilla Española,1
2025-01-10T15:48:00,Seafood Paella (for 2),1
2025-01-10T15:48:00,House Red Wine,1
2025-01-10T15:48:00,House Red Wine,1
2025-01-10T15:48:00,House Red Wine,1
2025-01-10T15:48:00,Crema Catalana,1
2025-01-10T15:54:00,Patatas Bravas,1
2025-01-10T15:54:00,Tortilla Española,1
2025-01-10T15:54:00,Patatas Bravas,1
2025-01-10T15:54:00,House Red Wine,1
2025-01-10T15:54:00,House Red Wine,1
2025-01-10T15:54:00,Crema Catalana,1
2025-01-10T15:58:00,Patatas Bravas,1
2025-01-10T15:58:00,Mineral Water,1
2025-01-10T21:15:00,Patatas Bravas,1
2025-01-10T21:15:00,Mineral Water,1
2025-01-11T13:00:00,Patatas Bravas,1
2025-01-11T13:00:00,Tortilla Española,1
2025-01-11T13:00:00,Tortilla Española,1
2025-01-11T13:00:00,Mineral Water,1
2025-01-11T13:00:00,House Red Wine,1
2025-01-11T13:00:00,Crema Catalana,1
2025-01-11T13:00:00,Crema Catalana,1
2025-01-11T13:03:00,Tortilla Española,1
2025-01-11T13:03:00,Patatas Bravas,1
2025-01-11T13:03:00,Tortilla Española,1
2025-01-11T13:03:00,Mineral Water,1
2025-01-11T13:03:00,Mineral Water,1
2025-01-11T13:03:00,Crema Catalana,1
2025-01-11T13:11:00,Patatas Bravas,1
2025-01-11T13:11:00,Mineral Water,1
2025-01-11T13:14:00,Tortilla Española,1
2025-01-11T13:14:00,Patatas Bravas,1
2025-01-11T13:14:00,Tortilla Española,1
2025-01-11T13:14:00,Patatas Bravas,1
2025-01-11T13:14:00,Seafood Paella (for 2),1
2025-01-11T13:14:00,House Red Wine,1
2025-01-11T13:14:00,House Red Wine,1
2025-01-11T13:14:00,House Red Wine,1
2025-01-11T13:14:00,Crema Catalana,1
2025-01-11T13:26:00,Patatas Bravas,1
2025-01-11T13:26:00,Patatas Bravas,1
2025-01-11T13:26:00,Patatas Bravas,1
2025-01-11T13:26:00,Seafood Paella (for 2),1
2025-01-11T13:26:00,House Red Wine,1
2025-01-11T13:26:00,House Red Wine,1
2025-01-11T13:26:00,Crema Catalana,1
2025-01-11T13:31:00,Patatas Bravas,1
2025-01-11T13:31:00,Patatas Bravas,1
2025-01-11T13:31:00,Patatas Bravas,1
2025-01-11T13:31:00,Mineral Water,1
2025-01-11T13:31:00,House Red Wine,1
2025-01-11T13:31:00,Crema Catalana,1
2025-01-11T13:44:00,Patatas Bravas,1
2025-01-11T13:44:00,Patatas Bravas,1
2025-01-11T13:44:00,Patatas Bravas,1
2025-01-11T13:44:00,Mineral Water,1
2025-01-11T13:44:00,House Red Wine,1
2025-01-11T13:50:00,Patatas Bravas,1
2025-01-11T13:50:00,Tortilla Española,1
2025-01-11T13:50:00,Tortilla Española,1
2025-01-11T13:50:00,Patatas Bravas,1
2025-01-11T13:50:00,Tortilla Española,1
2025-01-11T13:50:00,Patatas Bravas,1
2025-01-11T13:50:00,House Red Wine,1
2025-01-11T13:50:00,House Red Wine,1
2025-01-11T13:50:00,Mineral Water,1
2025-01-11T13:50:00,House Red Wine,1
2025-01-11T13:51:00,Tortilla Española,1
2025-01-11T13:51:00,Patatas Bravas,1
2025-01-11T13:51:00,Patatas Bravas,1
2025-01-11T13:51:00,House Red Wine,1
2025-01-11T13:51:00,Mineral Water,1
2025-01-11T13:51:00,Crema Catalana,1
2025-01-11T13:51:00,Crema Catalana,1
2025-01-11T13:51:00,Tortilla Española,1
2025-01-11T13:51:00,Tortilla Española,1
2025-01-11T13:51:00,Patatas Bravas,1
2025-01-11T13:51:00,Seafood Paella (for 2),1
2025-01-11T13:51:00,House Red Wine,1
2025-01-11T13:51:00,House Red Wine,1
2025-01-11T13:54:00,Patatas Bravas,1
2025-01-11T13:54:00,Tortilla Española,1
2025-01-11T13:54:00,Tortilla Española,1
2025-01-11T13:54:00,Mineral Water,1
2025-01-11T13:54:00,Mineral Water,1
2025-01-11T13:54:00,Tortilla Española,1
2025-01-11T13:54:00,Patatas Bravas,1
2025-01-11T13:54:00,Patatas Bravas,1
2025-01-11T13:54:00,Seafood Paella (for 2),1
2025-01-11T13:54:00,Mineral Water,1
2025-01-11T13:54:00,House Red Wine,1
2025-01-11T14:00:00,Patatas Bravas,1
2025-01-11T14:00:00,Patatas Bravas,1
2025-01-11T14:00:00,Tortilla Española,1
2025-01-11T14:00:00,Patatas Bravas,1
2025-01-11T14:00:00,Tortilla Española,1
2025-01-11T14:00:00,Patatas Bravas,1
2025-01-11T14:00:00,Seafood Paella (for 2),1
2025-01-11T14:00:00,Mineral Water,1
2025-01-11T14:00:00,Mineral Water,1
2025-01-11T14:00:00,Mineral Water,1
2025-01-11T14:00:00,House Red Wine,1
2025-01-11T14:00:00,Crema Catalana,1
2025-01-11T14:00:00,Crema Catalana,1
2025-01-11T14:00:00,Crema Catalana,1
2025-01-11T14:02:00,Tortilla Española,1
2025-01-11T14:02:00,Patatas Bravas,1
2025-01-11T14:02:00,Patatas Bravas,1
2025-01-11T14:02:00,House Red Wine,1
2025-01-11T14:02:00,Mineral Water,1
2025-01-11T14:02:00,Crema Catalana,1
2025-01-11T14:02:00,Crema Catalana,1
2025-01-11T14:03:00,Patatas Bravas,1
2025-01-11T14:03:00,Tortilla Española,1
2025-01-11T14:03:00,Patatas Bravas,1
2025-01-11T14:03:00,Mineral Water,1
2025-01-11T14:03:00,House Red Wine,1
2025-01-11T14:03:00,Crema Catalana,1
2025-01-11T14:07:00,Tortilla Española,1
2025-01-11T14:07:00,Tortilla Española,1
2025-01-11T14:07:00,Tortilla Española,1
2025-01-11T14:07:00,Seafood Paella (for 2),1
2025-01-11T14:07:00,House Red Wine,1
2025-01-11T14:07:00,House Red Wine,1
2025-01-11T14:07:00,Crema Catalana,1
2025-01-11T14:08:00,Tortilla Española,1
2025-01-11T14:08:00,Patatas Bravas,1
2025-01-11T14:08:00,Patatas Bravas,1
2025-01-11T14:08:00,Tortilla Española,1
2025-01-11T14:08:00,Patatas Bravas,1
2025-01-11T14:08:00,Patatas Bravas,1
2025-01-11T14:08:00,Mineral Water,1
2025-01-11T14:08:00,Mineral Water,1
2025-01-11T14:08:00,Mineral Water,1
2025-01-11T14:08:00,House Red Wine,1
2025-01-11T14:09:00,Tortilla Española,1
2025-01-11T14:09:00,Patatas Bravas,1
2025-01-11T14:09:00,Tortilla Española,1
2025-01-11T14:09:00,Seafood Paella (for 2),1
2025-01-11T14:09:00,House Red Wine,1
2025-01-11T14:09:00,House Red Wine,1
2025-01-11T14:09:00,Patatas Bravas,1
2025-01-11T14:09:00,Patatas Bravas,1
2025-01-11T14:09:00,Tortilla Española,1
2025-01-11T14:09:00,Mineral Water,1
2025-01-11T14:09:00,Mineral Water,1
2025-01-11T14:10:00,Tortilla Española,1
2025-01-11T14:10:00,Tortilla Española,1
2025-01-11T14:10:00,Tortilla Española,1
2025-01-11T14:10:00,House Red Wine,1
2025-01-11T14:10:00,Mineral Water,1
2025-01-11T14:10:00,Crema Catalana,1
2025-01-11T14:10:00,Crema Catalana,1
2025-01-11T14:11:00,Tortilla Española,1
2025-01-11T14:11:00,Tortilla Española,1
2025-01-11T14:11:00,Tortilla Española,1
2025-01-11T14:11:00,Tortilla Española,1
2025-01-11T14:11:00,Seafood Paella (for 2),1
2025-01-11T14:11:00,Mineral Water,1
2025-01-11T14:11:00,House Red Wine,1
2025-01-11T14:11:00,Mineral Water,1
2025-01-11T14:11:00,Patatas Bravas,1
2025-01-11T14:11:00,Patatas Bravas,1
2025-01-11T14:11:00,Patatas Bravas,1
2025-01-11T14:11:00,Mineral Water,1
2025-01-11T14:11:00,House Red Wine,1
2025-01-11T14:11:00,Patatas Bravas,1
2025-01-11T14:11:00,Tortilla Española,1
2025-01-11T14:11:00,Patatas Bravas,1
2025-01-11T14:11:00,Seafood Paella (for 2),1
2025-01-11T14:11:00,Mineral Water,1
2025-01-11T14:11:00,Mineral Water,1
2025-01-11T14:12:00,Tortilla Española,1
2025-01-11T14:12:00,Tortilla Española,1
2025-01-11T14:12:00,Tortilla Española,1
2025-01-11T14:12:00,House Red Wine,1
2025-01-11T14:12:00,Mineral Water,1
2025-01-11T14:12:00,Tortilla Española,1
2025-01-11T14:12:00,Patatas Bravas,1
2025-01-11T14:12:00,Tortilla Española,1
2025-01-11T14:12:00,Tortilla Española,1
2025-01-11T14:12:00,House Red Wine,1
2025-01-11T14:12:00,House Red Wine,1
2025-01-11T14:12:00,House Red Wine,1
2025-01-11T14:13:00,Tortilla Española,1
2025-01-11T14:13:00,Patatas Bravas,1
2025-01-11T14:13:00,Patatas Bravas,1
2025-01-11T14:13:00,Seafood Paella (for 2),1
2025-01-11T14:13:00,House Red Wine,1
2025-01-11T14:13:00,Mineral Water,1
2025-01-11T14:14:00,Patatas Bravas,1
2025-01-11T14:14:00,Tortilla Española,1
2025-01-11T14:14:00,Tortilla Española,1
2025-01-11T14:14:00,Tortilla Española,1
2025-01-11T14:14:00,House Red Wine,1
2025-01-11T14:14:00,House Red Wine,1
2025-01-11T14:14:00,Mineral Water,1
2025-01-11T14:14:00,Tortilla Española,1
2025-01-11T14:14:00,Tortilla Española,1
2025-01-11T14:14:00,Tortilla Española,1
2025-01-11T14:14:00,House Red Wine,1
2025-01-11T14:14:00,Mineral Water,1
2025-01-11T14:14:00,Crema Catalana,1
2025-01-11T14:14:00,Crema Catalana,1
2025-01-11T14:15:00,Tortilla Española,1
2025-01-11T14:15:00,Tortilla Española,1
2025-01-11T14:15:00,Tortilla Española,1
2025-01-11T14:15:00,Mineral Water,1
2025-01-11T14:15:00,House Red Wine,1
2025-01-11T14:15:00,Crema Catalana,1
2025-01-11T14:15:00,Patatas Bravas,1
2025-01-11T14:15:00,Patatas Bravas,1
2025-01-11T14:15:00,Patatas Bravas,1
2025-01-11T14:15:00,Seafood Paella (for 2),1
2025-01-11T14:15:00,House Red Wine,1
2025-01-11T14:15:00,House Red Wine,1
2025-01-11T14:15:00,Crema Catalana,1
2025-01-11T14:15:00,Patatas Bravas,1
2025-01-11T14:15:00,Tortilla Española,1
2025-01-11T14:15:00,Patatas Bravas,1
2025-01-11T14:15:00,Seafood Paella (for 2),1
2025-01-11T14:15:00,House Red Wine,1
2025-01-11T14:15:00,House Red Wine,1
2025-01-11T14:15:00,Patatas Bravas,1
2025-01-11T14:15:00,Tortilla Española,1
2025-01-11T14:15:00,Tortilla Española,1
2025-01-11T14:15:00,Mineral Water,1
2025-01-11T14:15:00,House Red Wine,1
2025-01-11T14:15:00,Crema Catalana,1
2025-01-11T15:42:00,Tortilla Española,1
2025-01-11T15:42:00,House Red Wine,1
2025-01-12T13:14:00,Patatas Bravas,1
2025-01-12T13:14:00,Patatas Bravas,1
2025-01-12T13:14:00,Tortilla Española,1
2025-01-12T13:14:00,Seafood Paella (for 2),1
2025-01-12T13:14:00,Mineral Water,1
2025-01-12T13:14:00,Mineral Water,1
2025-01-12T13:26:00,Tortilla Española,1
2025-01-12T13:26:00,Tortilla Española,1
2025-01-12T13:26:00,Patatas Bravas,1
2025-01-12T13:26:00,Seafood Paella (for 2),1
2025-01-12T13:26:00,House Red Wine,1
2025-01-12T13:26:00,Mineral Water,1
2025-01-12T13:40:00,Tortilla Española,1
2025-01-12T13:40:00,Tortilla Española,1
2025-01-12T13:40:00,Tortilla Española,1
2025-01-12T13:40:00,Mineral Water,1
2025-01-12T13:40:00,House Red Wine,1
2025-01-12T13:57:00,Patatas Bravas,1
2025-01-12T13:57:00,Tortilla Española,1
2025-01-12T13:57:00,Patatas Bravas,1
2025-01-12T13:57:00,House Red Wine,1
2025-01-12T13:57:00,Mineral Water,1
2025-01-12T13:57:00,Crema Catalana,1
2025-01-12T14:06:00,Tortilla Española,1
2025-01-12T14:06:00,Patatas Bravas,1
2025-01-12T14:06:00,Tortilla Española,1
2025-01-12T14:06:00,House Red Wine,1
2025-01-12T14:06:00,Mineral Water,1
2025-01-12T14:06:00,Crema Catalana,1
2025-01-12T14:07:00,Tortilla Española,1
2025-01-12T14:07:00,Patatas Bravas,1
2025-01-12T14:07:00,Tortilla Española,1
2025-01-12T14:07:00,House Red Wine,1
2025-01-12T14:07:00,House Red Wine,1
2025-01-12T14:21:00,Tortilla Española,1
2025-01-12T14:21:00,Patatas Bravas,1
2025-01-12T14:21:00,Patatas Bravas,1
2025-01-12T14:21:00,House Red Wine,1
2025-01-12T14:21:00,Mineral Water,1
2025-01-12T14:21:00,Crema Catalana,1
2025-01-12T14:21:00,Crema Catalana,1
2025-01-12T14:22:00,Tortilla Española,1
2025-01-12T14:22:00,Tortilla Española,1
2025-01-12T14:22:00,Tortilla Española,1
2025-01-12T14:22:00,Patatas Bravas,1
2025-01-12T14:22:00,Mineral Water,1
2025-01-12T14:22:00,Mineral Water,1
2025-01-12T14:22:00,House Red Wine,1
2025-01-12T14:25:00,Tortilla Española,1
2025-01-12T14:25:00,Patatas Bravas,1
2025-01-12T14:25:00,Patatas Bravas,1
2025-01-12T14:25:00,Mineral Water,1
2025-01-12T14:25:00,House Red Wine,1
2025-01-12T14:34:00,Tortilla Española,1
2025-01-12T14:34:00,Tortilla Española,1
2025-01-12T14:34:00,Tortilla Española,1
2025-01-12T14:34:00,Patatas Bravas,1
2025-01-12T14:34:00,Patatas Bravas,1
2025-01-12T14:34:00,Tortilla Española,1
2025-01-12T14:34:00,Seafood Paella (for 2),1
2025-01-12T14:34:00,Mineral Water,1
2025-01-12T14:34:00,Mineral Water,1
2025-01-12T14:34:00,House Red Wine,1
2025-01-12T14:34:00,House Red Wine,1
2025-01-12T14:39:00,Tortilla Española,1
2025-01-12T14:39:00,Patatas Bravas,1
2025-01-12T14:39:00,Patatas Bravas,1
2025-01-12T14:39:00,House Red Wine,1
2025-01-12T14:39:00,Mineral Water,1
2025-01-12T14:44:00,Patatas Bravas,1
2025-01-12T14:44:00,Patatas Bravas,1
2025-01-12T14:44:00,Patatas Bravas,1
2025-01-12T14:44:00,Mineral Water,1
2025-01-12T14:44:00,House Red Wine,1
2025-01-12T14:46:00,Tortilla Española,1
2025-01-12T14:46:00,Tortilla Española,1
2025-01-12T14:46:00,Patatas Bravas,1
2025-01-12T14:46:00,Seafood Paella (for 2),1
2025-01-12T14:46:00,Mineral Water,1
2025-01-12T14:46:00,Mineral Water,1
2025-01-12T14:46:00,Crema Catalana,1
2025-01-12T14:46:00,Crema Catalana,1
2025-01-12T14:54:00,Patatas Bravas,1
2025-01-12T14:54:00,Mineral Water,1
2025-01-12T14:58:00,Tortilla Española,1
2025-01-12T14:58:00,Patatas Bravas,1
2025-01-12T14:58:00,Tortilla Española,1
2025-01-12T14:58:00,House Red Wine,1
2025-01-12T14:58:00,House Red Wine,1
2025-01-12T15:00:00,Patatas Bravas,1
2025-01-12T15:00:00,Patatas Bravas,1
2025-01-12T15:00:00,Patatas Bravas,1
2025-01-12T15:00:00,House Red Wine,1
2025-01-12T15:00:00,Mineral Water,1
2025-01-12T15:00:00,Tortilla Española,1
2025-01-12T15:00:00,Patatas Bravas,1
2025-01-12T15:00:00,Tortilla Española,1
2025-01-12T15:00:00,Tortilla Española,1
2025-01-12T15:00:00,Seafood Paella (for 2),1
2025-01-12T15:00:00,Mineral Water,1
2025-01-12T15:00:00,Mineral Water,1
2025-01-12T15:00:00,Mineral Water,1
2025-01-12T15:01:00,Tortilla Española,1
2025-01-12T15:01:00,Tortilla Española,1
2025-01-12T15:01:00,Tortilla Española,1
2025-01-12T15:01:00,Seafood Paella (for 2),1
2025-01-12T15:01:00,House Red Wine,1
2025-01-12T15:01:00,Mineral Water,1
2025-01-12T15:01:00,Crema Catalana,1
2025-01-12T15:01:00,Crema Catalana,1
2025-01-12T15:03:00,Tortilla Española,1
2025-01-12T15:03:00,House Red Wine,1
2025-01-12T15:04:00,Tortilla Española,1
2025-01-12T15:04:00,Patatas Bravas,1
2025-01-12T15:04:00,Patatas Bravas,1
2025-01-12T15:04:00,Seafood Paella (for 2),1
2025-01-12T15:04:00,House Red Wine,1
2025-01-12T15:04:00,House Red Wine,1
2025-01-12T15:04:00,Crema Catalana,1
2025-01-12T15:04:00,Crema Catalana,1
2025-01-12T15:07:00,Tortilla Española,1
2025-01-12T15:07:00,Tortilla Española,1
2025-01-12T15:07:00,Tortilla Española,1
2025-01-12T15:07:00,Tortilla Española,1
2025-01-12T15:07:00,Seafood Paella (for 2),1
2025-01-12T15:07:00,House Red Wine,1
2025-01-12T15:07:00,Mineral Water,1
2025-01-12T15:07:00,House Red Wine,1
2025-01-12T15:09:00,Patatas Bravas,1
2025-01-12T15:09:00,Tortilla Española,1
2025-01-12T15:09:00,Tortilla Española,1
2025-01-12T15:09:00,Mineral Water,1
2025-01-12T15:09:00,Mineral Water,1
2025-01-12T15:10:00,Patatas Bravas,1
2025-01-12T15:10:00,Patatas Bravas,1
2025-01-12T15:10:00,Patatas Bravas,1
2025-01-12T15:10:00,Seafood Paella (for 2),1
2025-01-12T15:10:00,House Red Wine,1
2025-01-12T15:10:00,House Red Wine,1
2025-01-12T15:10:00,Crema Catalana,1
2025-01-12T15:10:00,Patatas Bravas,1
2025-01-12T15:10:00,Tortilla Española,1
2025-01-12T15:10:00,Tortilla Española,1
2025-01-12T15:10:00,House Red Wine,1
2025-01-12T15:10:00,Mineral Water,1
2025-01-12T15:10:00,Crema Catalana,1
2025-01-12T15:10:00,Crema Catalana,1
2025-01-12T15:10:00,Tortilla Española,1
2025-01-12T15:10:00,Tortilla Española,1
2025-01-12T15:10:00,Tortilla Española,1
2025-01-12T15:10:00,Mineral Water,1
2025-01-12T15:10:00,Mineral Water,1
2025-01-12T15:10:00,Crema Catalana,1
2025-01-12T15:11:00,Patatas Bravas,1
2025-01-12T15:11:00,Mineral Water,1
2025-01-12T15:11:00,Crema Catalana,1
2025-01-12T15:11:00,Tortilla Española,1
2025-01-12T15:11:00,Patatas Bravas,1
2025-01-12T15:11:00,Patatas Bravas,1
2025-01-12T15:11:00,House Red Wine,1
2025-01-12T15:11:00,Mineral Water,1
2025-01-12T15:16:00,Tortilla Española,1
2025-01-12T15:16:00,Patatas Bravas,1
2025-01-12T15:16:00,Tortilla Española,1
2025-01-12T15:16:00,Tortilla Española,1
2025-01-12T15:16:00,Patatas Bravas,1
2025-01-12T15:16:00,Patatas Bravas,1
2025-01-12T15:16:00,Seafood Paella (for 2),1
2025-01-12T15:16:00,House Red Wine,1
2025-01-12T15:16:00,House Red Wine,1
2025-01-12T15:16:00,Mineral Water,1
2025-01-12T15:16:00,Mineral Water,1
2025-01-12T15:16:00,Crema Catalana,1
2025-01-12T15:16:00,Crema Catalana,1
2025-01-12T15:16:00,Crema Catalana,1
2025-01-12T15:16:00,Crema Catalana,1
2025-01-12T15:21:00,Patatas Bravas,1
2025-01-12T15:21:00,Tortilla Española,1
2025-01-12T15:21:00,Patatas Bravas,1
2025-01-12T15:21:00,Tortilla Española,1
2025-01-12T15:21:00,House Red Wine,1
2025-01-12T15:21:00,House Red Wine,1
2025-01-12T15:21:00,Mineral Water,1
2025-01-12T15:21:00,Patatas Bravas,1
2025-01-12T15:21:00,Tortilla Española,1
2025-01-12T15:21:00,Tortilla Española,1
2025-01-12T15:21:00,Mineral Water,1
2025-01-12T15:21:00,House Red Wine,1
2025-01-12T15:21:00,Crema Catalana,1
2025-01-12T15:21:00,Crema Catalana,1
2025-01-12T15:22:00,Tortilla Española,1
2025-01-12T15:22:00,Patatas Bravas,1
2025-01-12T15:22:00,Patatas Bravas,1
2025-01-12T15:22:00,Patatas Bravas,1
2025-01-12T15:22:00,Seafood Paella (for 2),1
2025-01-12T15:22:00,House Red Wine,1
2025-01-12T15:22:00,House Red Wine,1
2025-01-12T15:22:00,Mineral Water,1
2025-01-12T15:22:00,Crema Catalana,1
2025-01-12T15:23:00,Tortilla Española,1
2025-01-12T15:23:00,Patatas Bravas,1
2025-01-12T15:23:00,Tortilla Española,1
2025-01-12T15:23:00,Seafood Paella (for 2),1
2025-01-12T15:23:00,House Red Wine,1
2025-01-12T15:23:00,House Red Wine,1
2025-01-12T15:24:00,Tortilla Española,1
2025-01-12T15:24:00,Patatas Bravas,1
2025-01-12T15:24:00,Tortilla Española,1
2025-01-12T15:24:00,Mineral Water,1
2025-01-12T15:24:00,House Red Wine,1
2025-01-12T15:26:00,Patatas Bravas,1
2025-01-12T15:26:00,Patatas Bravas,1
2025-01-12T15:26:00,Patatas Bravas,1
2025-01-12T15:26:00,Mineral Water,1
2025-01-12T15:26:00,House Red Wine,1
2025-01-13T13:23:00,Menu del Día,3
2025-01-13T13:25:00,Menu del Día,1
2025-01-13T13:26:00,Menu del Día,4
2025-01-13T13:33:00,Menu del Día,2
2025-01-13T13:42:00,Menu del Día,3
2025-01-13T13:42:00,Seafood Paella (for 2),1
2025-01-13T14:15:00,Seafood Paella (for 2),1
2025-01-13T14:15:00,Seafood Paella (for 2),1
2025-01-13T14:19:00,Menu del Día,1
2025-01-13T14:21:00,Menu del Día,1
2025-01-13T14:24:00,Menu del Día,4
2025-01-13T14:24:00,Menu del Día,1
2025-01-13T14:25:00,Menu del Día,2
2025-01-13T14:27:00,Menu del Día,1
2025-01-13T14:29:00,Menu del Día,2
2025-01-13T14:48:00,Menu del Día,2
2025-01-13T14:52:00,Seafood Paella (for 2),1
2025-01-13T14:52:00,Seafood Paella (for 2),1
2025-01-13T14:55:00,Seafood Paella (for 2),1
2025-01-13T14:59:00,Menu del Día,1
2025-01-13T14:59:00,Seafood Paella (for 2),1
2025-01-13T15:10:00,Menu del Día,1
2025-01-13T15:10:00,Seafood Paella (for 2),1
2025-01-13T15:12:00,Menu del Día,1
2025-01-13T15:15:00,Menu del Día,1
2025-01-13T15:15:00,Seafood Paella (for 2),1
2025-01-13T15:23:00,Menu del Día,1
2025-01-13T15:23:00,Seafood Paella (for 2),1
2025-01-13T15:26:00,Seafood Paella (for 2),1
2025-01-13T15:31:00,Menu del Día,2
2025-01-13T15:37:00,Menu del Día,1
2025-01-13T15:37:00,Seafood Paella (for 2),1
2025-01-13T15:39:00,Seafood Paella (for 2),1
2025-01-13T15:40:00,Menu del Día,4
2025-01-13T15:40:00,Menu del Día,2
2025-01-13T15:41:00,Menu del Día,2
2025-01-13T15:53:00,Menu del Día,3
2025-01-13T16:05:00,Menu del Día,2
2025-01-13T16:15:00,Menu del Día,2
2025-01-13T16:15:00,Seafood Paella (for 2),1
2025-01-13T16:20:00,Seafood Paella (for 2),1
2025-01-13T16:38:00,Menu del Día,1
2025-01-13T16:38:00,Seafood Paella (for 2),1
2025-01-13T16:38:00,Seafood Paella (for 2),1
2025-01-13T20:02:00,Tortilla Española,1
2025-01-13T20:02:00,Mineral Water,1
2025-01-13T20:02:00,Crema Catalana,1
2025-01-13T20:04:00,Tortilla Española,1
2025-01-13T20:04:00,Tortilla Española,1
2025-01-13T20:04:00,Tortilla Española,1
2025-01-13T20:04:00,Tortilla Española,1
2025-01-13T20:04:00,Mineral Water,1
2025-01-13T20:04:00,House Red Wine,1
2025-01-13T20:04:00,House Red Wine,1
2025-01-13T20:07:00,Tortilla Española,1
2025-01-13T20:07:00,Patatas Bravas,1
2025-01-13T20:07:00,Tortilla Española,1
2025-01-13T20:07:00,Mineral Water,1
2025-01-13T20:07:00,House Red Wine,1
2025-01-13T20:07:00,Crema Catalana,1
2025-01-13T20:11:00,Patatas Bravas,1
2025-01-13T20:11:00,Tortilla Española,1
2025-01-13T20:11:00,Tortilla Española,1
2025-01-13T20:11:00,Mineral Water,1
2025-01-13T20:11:00,House Red Wine,1
2025-01-13T20:12:00,Patatas Bravas,1
2025-01-13T20:12:00,Patatas Bravas,1
2025-01-13T20:12:00,Tortilla Española,1
2025-01-13T20:12:00,Patatas Bravas,1
2025-01-13T20:12:00,Seafood Paella (for 2),1
2025-01-13T20:12:00,House Red Wine,1
2025-01-13T20:12:00,House Red Wine,1
2025-01-13T20:12:00,House Red Wine,1
2025-01-13T20:12:00,Crema Catalana,1
2025-01-13T20:12:00,Crema Catalana,1
2025-01-13T20:13:00,Tortilla Española,1
2025-01-13T20:13:00,Patatas Bravas,1
2025-01-13T20:13:00,Tortilla Española,1
2025-01-13T20:13:00,House Red Wine,1
2025-01-13T20:13:00,Mineral Water,1
2025-01-13T20:13:00,Crema Catalana,1
2025-01-13T20:13:00,Tortilla Española,1
2025-01-13T20:13:00,Tortilla Española,1
2025-01-13T20:13:00,Patatas Bravas,1
2025-01-13T20:13:00,Patatas Bravas,1
2025-01-13T20:13:00,Patatas Bravas,1
2025-01-13T20:13:00,Patatas Bravas,1
2025-01-13T20:13:00,Seafood Paella (for 2),1
2025-01-13T20:13:00,Mineral Water,1
2025-01-13T20:13:00,Mineral Water,1
2025-01-13T20:13:00,Mineral Water,1
2025-01-13T20:13:00,House Red Wine,1
2025-01-13T20:13:00,Crema Catalana,1
2025-01-13T20:13:00,Crema Catalana,1
2025-01-13T20:13:00,Crema Catalana,1
2025-01-13T20:15:00,Tortilla Española,1
2025-01-13T20:15:00,Patatas Bravas,1
2025-01-13T20:15:00,Tortilla Española,1
2025-01-13T20:15:00,Mineral Water,1
2025-01-13T20:15:00,House Red Wine,1
2025-01-13T20:19:00,Tortilla Española,1
2025-01-13T20:19:00,Tortilla Española,1
2025-01-13T20:19:00,Tortilla Española,1
2025-01-13T20:19:00,House Red Wine,1
2025-01-13T20:19:00,Mineral Water,1
2025-01-13T20:21:00,Tortilla Española,1
2025-01-13T20:21:00,Tortilla Española,1
2025-01-13T20:21:00,Tortilla Española,1
2025-01-13T20:21:00,Mineral Water,1
2025-01-13T20:21:00,House Red Wine,1
2025-01-13T20:21:00,Crema Catalana,1
2025-01-13T20:21:00,Crema Catalana,1
2025-01-13T20:25:00,Patatas Bravas,1
2025-01-13T20:25:00,House Red Wine,1
2025-01-13T20:27:00,Tortilla Española,1
2025-01-13T20:27:00,Tortilla Española,1
2025-01-13T20:27:00,Tortilla Española,1
2025-01-13T20:27:00,House Red Wine,1
2025-01-13T20:27:00,Mineral Water,1
2025-01-13T20:27:00,Crema Catalana,1
2025-01-14T13:00:00,Menu del Día,2
2025-01-14T13:10:00,Menu del Día,2
2025-01-14T13:15:00,Menu del Día,2
2025-01-14T13:23:00,Menu del Día,2
2025-01-14T13:24:00,Menu del Día,2
2025-01-14T13:33:00,Menu del Día,1
2025-01-14T13:50:00,Menu del Día,2
2025-01-14T13:50:00,Seafood Paella (for 2),1
2025-01-14T14:01:00,Menu del Día,1
2025-01-14T14:01:00,Seafood Paella (for 2),1
2025-01-14T14:04:00,Menu del Día,2
2025-01-14T14:04:00,Seafood Paella (for 2),1
2025-01-14T14:14:00,Menu del Día,4
2025-01-14T14:14:00,Menu del Día,2
2025-01-14T14:17:00,Menu del Día,1
2025-01-14T14:22:00,Menu del Día,1
2025-01-14T14:22:00,Seafood Paella (for 2),1
2025-01-14T14:22:00,Seafood Paella (for 2),1
2025-01-14T14:23:00,Menu del Día,1
2025-01-14T14:23:00,Seafood Paella (for 2),1
2025-01-14T14:23:00,Menu del Día,2
2025-01-14T14:24:00,Menu del Día,1
2025-01-14T14:28:00,Menu del Día,1
2025-01-14T14:32:00,Menu del Día,1
2025-01-14T14:32:00,Menu del Día,2
2025-01-14T14:32:00,Seafood Paella (for 2),1
2025-01-14T14:33:00,Menu del Día,2
2025-01-14T14:33:00,Seafood Paella (for 2),1
2025-01-14T14:35:00,Menu del Día,2
2025-01-14T14:35:00,Seafood Paella (for 2),1
2025-01-14T14:35:00,Menu del Día,1
2025-01-14T14:35:00,Seafood Paella (for 2),1
2025-01-14T14:36:00,Menu del Día,2
2025-01-14T14:38:00,Menu del Día,1
2025-01-14T14:38:00,Seafood Paella (for 2),1
2025-01-14T14:39:00,Menu del Día,1
2025-01-14T14:43:00,Menu del Día,1
2025-01-14T14:43:00,Seafood Paella (for 2),1
2025-01-14T14:44:00,Menu del Día,2
2025-01-14T14:44:00,Seafood Paella (for 2),1
2025-01-14T14:46:00,Menu del Día,1
2025-01-14T14:49:00,Menu del Día,1
2025-01-14T14:52:00,Menu del Día,2
2025-01-14T14:53:00,Menu del Día,3
2025-01-14T14:53:00,Menu del Día,2
2025-01-14T14:53:00,Seafood Paella (for 2),1
2025-01-14T14:54:00,Menu del Día,1
2025-01-14T14:54:00,Seafood Paella (for 2),1
2025-01-14T14:55:00,Seafood Paella (for 2),1
2025-01-14T14:56:00,Menu del Día,2
2025-01-14T14:56:00,Menu del Día,1
2025-01-14T14:56:00,Seafood Paella (for 2),1
2025-01-14T14:56:00,Seafood Paella (for 2),1
2025-01-14T15:05:00,Menu del Día,1
2025-01-14T15:07:00,Seafood Paella (for 2),1
2025-01-14T15:08:00,Seafood Paella (for 2),1
2025-01-14T15:11:00,Menu del Día,2
2025-01-14T15:40:00,Menu del Día,3
2025-01-14T15:41:00,Menu del Día,2
2025-01-14T15:41:00,Seafood Paella (for 2),1
2025-01-14T15:42:00,Menu del Día,1
2025-01-14T15:46:00,Menu del Día,1
2025-01-14T15:47:00,Menu del Día,2
2025-01-14T15:47:00,Seafood Paella (for 2),1
2025-01-14T15:54:00,Menu del Día,1
2025-01-14T15:54:00,Seafood Paella (for 2),1
2025-01-14T15:57:00,Menu del Día,1
2025-01-14T16:01:00,Menu del Día,1
2025-01-14T16:06:00,Menu del Día,1
2025-01-14T16:06:00,Seafood Paella (for 2),1
2025-01-14T16:09:00,Menu del Día,1
2025-01-14T16:14:00,Menu del Día,1
2025-01-14T16:14:00,Seafood Paella (for 2),1
2025-01-14T16:18:00,Menu del Día,1
2025-01-14T16:18:00,Seafood Paella (for 2),1
2025-01-14T16:40:00,Seafood Paella (for 2),1
2025-01-14T16:49:00,Menu del Día,1
2025-01-14T16:52:00,Menu del Día,1
2025-01-14T16:53:00,Menu del Día,1
2025-01-14T20:01:00,Patatas Bravas,1
2025-01-14T20:01:00,Patatas Bravas,1
2025-01-14T20:01:00,Patatas Bravas,1
2025-01-14T20:01:00,House Red Wine,1
2025-01-14T20:01:00,Mineral Water,1
2025-01-14T20:05:00,Tortilla Española,1
2025-01-14T20:05:00,Tortilla Española,1
2025-01-14T20:05:00,Tortilla Española,1
2025-01-14T20:05:00,House Red Wine,1
2025-01-14T20:05:00,House Red Wine,1
2025-01-14T20:07:00,Tortilla Española,1
2025-01-14T20:07:00,Patatas Bravas,1
2025-01-14T20:07:00,Patatas Bravas,1
2025-01-14T20:07:00,Seafood Paella (for 2),1
2025-01-14T20:07:00,Mineral Water,1
2025-01-14T20:07:00,House Red Wine,1
2025-01-14T20:07:00,Crema Catalana,1
2025-01-14T20:07:00,Tortilla Española,1
2025-01-14T20:07:00,Patatas Bravas,1
2025-01-14T20:07:00,Tortilla Española,1
2025-01-14T20:07:00,Mineral Water,1
2025-01-14T20:07:00,House Red Wine,1
2025-01-14T20:07:00,Patatas Bravas,1
2025-01-14T20:07:00,Tortilla Española,1
2025-01-14T20:07:00,Patatas Bravas,1
2025-01-14T20:07:00,House Red Wine,1
2025-01-14T20:07:00,Mineral Water,1
2025-01-14T20:07:00,Crema Catalana,1
2025-01-14T20:07:00,Crema Catalana,1
2025-01-14T20:08:00,Patatas Bravas,1
2025-01-14T20:08:00,Patatas Bravas,1
2025-01-14T20:08:00,Tortilla Española,1
2025-01-14T20:08:00,Seafood Paella (for 2),1
2025-01-14T20:08:00,House Red Wine,1
2025-01-14T20:08:00,House Red Wine,1
2025-01-14T20:29:00,Tortilla Española,1
2025-01-14T20:29:00,Mineral Water,1
2025-01-15T13:01:00,Menu del Día,2
2025-01-15T13:08:00,Menu del Día,2
2025-01-15T13:09:00,Menu del Día,2
2025-01-15T13:12:00,Menu del Día,1
2025-01-15T13:18:00,Menu del Día,2
2025-01-15T13:18:00,Seafood Paella (for 2),1
2025-01-15T13:25:00,Menu del Día,1
2025-01-15T13:25:00,Seafood Paella (for 2),1
2025-01-15T13:37:00,Menu del Día,2
2025-01-15T13:37:00,Seafood Paella (for 2),1
2025-01-15T13:42:00,Menu del Día,1
2025-01-15T13:42:00,Seafood Paella (for 2),1
2025-01-15T13:43:00,Seafood Paella (for 2),1
2025-01-15T13:50:00,Seafood Paella (for 2),1
2025-01-15T13:51:00,Menu del Día,2
2025-01-15T13:51:00,Seafood Paella (for 2),1
2025-01-15T14:01:00,Menu del Día,2
2025-01-15T14:02:00,Menu del Día,1
2025-01-15T14:02:00,Seafood Paella (for 2),1
2025-01-15T14:04:00,Menu del Día,1
2025-01-15T14:14:00,Menu del Día,2
2025-01-15T14:17:00,Menu del Día,1
2025-01-15T14:21:00,Menu del Día,1
2025-01-15T14:24:00,Menu del Día,2
2025-01-15T14:25:00,Seafood Paella (for 2),1
2025-01-15T14:25:00,Menu del Día,1
2025-01-15T14:26:00,Seafood Paella (for 2),1
2025-01-15T14:27:00,Menu del Día,1
2025-01-15T14:27:00,Seafood Paella (for 2),1
2025-01-15T14:32:00,Menu del Día,1
2025-01-15T14:34:00,Menu del Día,1
2025-01-15T14:34:00,Seafood Paella (for 2),1
2025-01-15T14:38:00,Menu del Día,3
2025-01-15T14:38:00,Seafood Paella (for 2),1
2025-01-15T14:40:00,Seafood Paella (for 2),1
2025-01-15T14:40:00,Menu del Día,2
2025-01-15T14:40:00,Seafood Paella (for 2),1
2025-01-15T14:43:00,Menu del Día,1
2025-01-15T14:46:00,Menu del Día,2
2025-01-15T14:47:00,Menu del Día,1
2025-01-15T14:48:00,Menu del Día,1
2025-01-15T14:48:00,Seafood Paella (for 2),1
2025-01-15T14:48:00,Seafood Paella (for 2),1
2025-01-15T14:48:00,Seafood Paella (for 2),1
2025-01-15T14:56:00,Menu del Día,3
2025-01-15T14:56:00,Seafood Paella (for 2),1
2025-01-15T15:18:00,Menu del Día,1
2025-01-15T15:18:00,Seafood Paella (for 2),1
2025-01-15T16:06:00,Menu del Día,2
2025-01-15T16:15:00,Menu del Día,1
2025-01-15T16:56:00,Menu del Día,2
2025-01-15T20:02:00,Patatas Bravas,1
2025-01-15T20:02:00,Tortilla Española,1
2025-01-15T20:02:00,Tortilla Española,1
2025-01-15T20:02:00,Tortilla Española,1
2025-01-15T20:02:00,Patatas Bravas,1
2025-01-15T20:02:00,Patatas Bravas,1
2025-01-15T20:02:00,Seafood Paella (for 2),1
2025-01-15T20:02:00,Mineral Water,1
2025-01-15T20:02:00,Mineral Water,1
2025-01-15T20:02:00,Mineral Water,1
2025-01-15T20:02:00,Mineral Water,1
2025-01-15T20:05:00,Tortilla Española,1
2025-01-15T20:05:00,Patatas Bravas,1
2025-01-15T20:05:00,Tortilla Española,1
2025-01-15T20:05:00,House Red Wine,1
2025-01-15T20:05:00,Mineral Water,1
2025-01-15T20:05:00,Crema Catalana,1
2025-01-15T20:05:00,Crema Catalana,1
2025-01-15T20:07:00,Tortilla Española,1
2025-01-15T20:07:00,House Red Wine,1
2025-01-15T20:07:00,Crema Catalana,1
2025-01-15T20:08:00,Patatas Bravas,1
2025-01-15T20:08:00,Patatas Bravas,1
2025-01-15T20:08:00,Patatas Bravas,1
2025-01-15T20:08:00,Patatas Bravas,1
2025-01-15T20:08:00,Patatas Bravas,1
2025-01-15T20:08:00,Tortilla Española,1
2025-01-15T20:08:00,House Red Wine,1
2025-01-15T20:08:00,House Red Wine,1
2025-01-15T20:08:00,Mineral Water,1
2025-01-15T20:08:00,Mineral Water,1
2025-01-15T20:14:00,Patatas Bravas,1
2025-01-15T20:14:00,Tortilla Española,1
2025-01-15T20:14:00,Patatas Bravas,1
2025-01-15T20:14:00,House Red Wine,1
2025-01-15T20:14:00,Mineral Water,1
2025-01-15T20:14:00,Crema Catalana,1
2025-01-15T20:18:00,Tortilla Española,1
2025-01-15T20:18:00,Tortilla Española,1
2025-01-15T20:18:00,Patatas Bravas,1
2025-01-15T20:18:00,Tortilla Española,1
2025-01-15T20:18:00,House Red Wine,1
2025-01-15T20:18:00,Mineral Water,1
2025-01-15T20:18:00,House Red Wine,1
2025-01-15T20:18:00,Crema Catalana,1
2025-01-15T20:18:00,Tortilla Española,1
2025-01-15T20:18:00,Tortilla Española,1
2025-01-15T20:18:00,Tortilla Española,1
2025-01-15T20:18:00,Tortilla Española,1
2025-01-15T20:18:00,Tortilla Española,1
2025-01-15T20:18:00,Tortilla Española,1
2025-01-15T20:18:00,Seafood Paella (for 2),1
2025-01-15T20:18:00,House Red Wine,1
2025-01-15T20:18:00,House Red Wine,1
2025-01-15T20:18:00,House Red Wine,1
2025-01-15T20:18:00,Mineral Water,1
2025-01-15T20:18:00,Crema Catalana,1
2025-01-15T20:18:00,Crema Catalana,1
2025-01-15T20:25:00,Tortilla Española,1
2025-01-15T20:25:00,Tortilla Española,1
2025-01-15T20:25:00,Patatas Bravas,1
2025-01-15T20:25:00,Mineral Water,1
2025-01-15T20:25:00,House Red Wine,1
2025-01-15T20:26:00,Patatas Bravas,1
2025-01-15T20:26:00,Tortilla Española,1
2025-01-15T20:26:00,Tortilla Española,1
2025-01-15T20:26:00,House Red Wine,1
2025-01-15T20:26:00,House Red Wine,1
2025-01-15T20:26:00,Crema Catalana,1
2025-01-15T20:26:00,Crema Catalana,1
2025-01-15T20:29:00,Tortilla Española,1
2025-01-15T20:29:00,Tortilla Española,1
2025-01-15T20:29:00,Tortilla Española,1
2025-01-15T20:29:00,Seafood Paella (for 2),1
2025-01-15T20:29:00,House Red Wine,1
2025-01-15T20:29:00,Mineral Water,1
2025-01-16T13:03:00,Seafood Paella (for 2),1
2025-01-16T13:17:00,Seafood Paella (for 2),1
2025-01-16T13:19:00,Seafood Paella (for 2),1
2025-01-16T13:29:00,Seafood Paella (for 2),1
2025-01-16T13:33:00,Seafood Paella (for 2),1
2025-01-16T13:33:00,Seafood Paella (for 2),1
2025-01-16T13:39:00,Seafood Paella (for 2),1
2025-01-16T13:50:00,Seafood Paella (for 2),1
2025-01-16T14:08:00,Seafood Paella (for 2),1
2025-01-16T14:10:00,Seafood Paella (for 2),1
2025-01-16T14:10:00,Seafood Paella (for 2),1
2025-01-16T14:10:00,Seafood Paella (for 2),1
2025-01-16T14:13:00,Seafood Paella (for 2),1
2025-01-16T14:15:00,Seafood Paella (for 2),1
2025-01-16T14:18:00,Seafood Paella (for 2),1
2025-01-16T14:19:00,Seafood Paella (for 2),1
2025-01-16T14:23:00,Seafood Paella (for 2),1
2025-01-16T14:24:00,Seafood Paella (for 2),1
2025-01-16T14:24:00,Seafood Paella (for 2),1
2025-01-16T14:25:00,Seafood Paella (for 2),1
2025-01-16T14:36:00,Seafood Paella (for 2),1
2025-01-16T14:37:00,Seafood Paella (for 2),1
2025-01-16T14:40:00,Seafood Paella (for 2),1
2025-01-16T14:41:00,Seafood Paella (for 2),1
2025-01-16T14:43:00,Seafood Paella (for 2),1
2025-01-16T14:46:00,Seafood Paella (for 2),1
2025-01-16T14:46:00,Seafood Paella (for 2),1
2025-01-16T15:18:00,Seafood Paella (for 2),1
2025-01-16T15:29:00,Seafood Paella (for 2),1
2025-01-16T15:38:00,Seafood Paella (for 2),1
2025-01-16T15:56:00,Seafood Paella (for 2),1
2025-01-16T15:56:00,Seafood Paella (for 2),1
2025-01-16T16:09:00,Seafood Paella (for 2),1
2025-01-16T16:09:00,Seafood Paella (for 2),1
2025-01-16T16:23:00,Seafood Paella (for 2),1
2025-01-16T16:23:00,Seafood Paella (for 2),1
2025-01-16T16:41:00,Seafood Paella (for 2),1
2025-01-16T16:43:00,Seafood Paella (for 2),1
2025-01-16T16:59:00,Seafood Paella (for 2),1
2025-01-16T20:01:00,Seafood Paella (for 2),1
2025-01-16T20:01:00,Mineral Water,1
2025-01-16T20:01:00,House Red Wine,1
2025-01-16T20:01:00,Mineral Water,1
2025-01-16T20:01:00,House Red Wine,1
2025-01-16T20:01:00,Mineral Water,1
2025-01-16T20:01:00,House Red Wine,1
2025-01-16T20:01:00,House Red Wine,1
2025-01-16T20:01:00,Crema Catalana,1
2025-01-16T20:01:00,Crema Catalana,1
2025-01-16T20:02:00,House Red Wine,1
2025-01-16T20:02:00,Mineral Water,1
2025-01-16T20:02:00,Crema Catalana,1
2025-01-16T20:02:00,Crema Catalana,1
2025-01-16T20:08:00,House Red Wine,1
2025-01-16T20:08:00,Mineral Water,1
2025-01-16T20:08:00,Crema Catalana,1
2025-01-16T20:12:00,House Red Wine,1
2025-01-16T20:12:00,Mineral Water,1
2025-01-16T20:17:00,Mineral Water,1
2025-01-16T20:17:00,Mineral Water,1
2025-01-16T20:19:00,Mineral Water,1
2025-01-16T20:19:00,House Red Wine,1
2025-01-16T20:19:00,Mineral Water,1
2025-01-16T20:19:00,House Red Wine,1
2025-01-16T20:19:00,Crema Catalana,1
2025-01-16T20:19:00,Crema Catalana,1
2025-01-16T20:21:00,Mineral Water,1
2025-01-16T20:21:00,House Red Wine,1
2025-01-16T20:21:00,House Red Wine,1
2025-01-16T20:21:00,Mineral Water,1
2025-01-16T20:21:00,Crema Catalana,1
2025-01-16T20:21:00,Crema Catalana,1
2025-01-16T20:21:00,Seafood Paella (for 2),1
2025-01-16T20:21:00,Mineral Water,1
2025-01-16T20:21:00,House Red Wine,1
2025-01-16T20:30:00,Mineral Water,1
2025-01-16T20:30:00,Mineral Water,1
2025-01-16T20:30:00,Crema Catalana,1
2025-01-16T20:30:00,Crema Catalana,1
2025-01-16T20:32:00,House Red Wine,1
2025-01-16T20:32:00,Mineral Water,1
2025-01-16T20:34:00,Mineral Water,1
2025-01-16T20:34:00,House Red Wine,1
2025-01-16T20:36:00,House Red Wine,1
2025-01-16T20:36:00,Crema Catalana,1
2025-01-16T20:36:00,Mineral Water,1
2025-01-16T20:36:00,Mineral Water,1
2025-01-16T20:36:00,Mineral Water,1
2025-01-16T20:36:00,Crema Catalana,1
2025-01-16T20:36:00,Crema Catalana,1
2025-01-16T20:36:00,Crema Catalana,1
2025-01-16T20:39:00,House Red Wine,1
2025-01-16T20:39:00,House Red Wine,1
2025-01-16T20:39:00,Crema Catalana,1
2025-01-16T20:40:00,Seafood Paella (for 2),1
2025-01-16T20:40:00,House Red Wine,1
2025-01-16T20:40:00,House Red Wine,1
2025-01-16T20:40:00,Mineral Water,1
2025-01-16T20:40:00,House Red Wine,1
2025-01-16T20:42:00,Mineral Water,1
2025-01-16T20:42:00,Mineral Water,1
2025-01-16T20:42:00,Mineral Water,1
2025-01-16T20:42:00,Mineral Water,1
2025-01-16T20:42:00,Seafood Paella (for 2),1
2025-01-16T20:42:00,Mineral Water,1
2025-01-16T20:42:00,Mineral Water,1
2025-01-16T20:42:00,House Red Wine,1
2025-01-16T20:42:00,Mineral Water,1
2025-01-16T20:42:00,Crema Catalana,1
2025-01-16T20:42:00,Crema Catalana,1
2025-01-16T20:42:00,Crema Catalana,1
2025-01-16T20:46:00,Mineral Water,1
2025-01-16T20:46:00,Mineral Water,1
2025-01-16T20:46:00,Crema Catalana,1
2025-01-16T20:46:00,Crema Catalana,1
2025-01-16T20:46:00,Seafood Paella (for 2),1
2025-01-16T20:46:00,Mineral Water,1
2025-01-16T20:46:00,Mineral Water,1
2025-01-16T20:46:00,House Red Wine,1
2025-01-16T20:48:00,House Red Wine,1
2025-01-16T20:48:00,Mineral Water,1
2025-01-16T20:48:00,Mineral Water,1
2025-01-16T20:48:00,Mineral Water,1
2025-01-16T20:49:00,House Red Wine,1
2025-01-16T20:49:00,Mineral Water,1
2025-01-16T20:49:00,House Red Wine,1
2025-01-16T20:49:00,Crema Catalana,1
2025-01-16T20:50:00,Seafood Paella (for 2),1
2025-01-16T20:50:00,Mineral Water,1
2025-01-16T20:50:00,House Red Wine,1
2025-01-16T20:51:00,House Red Wine,1
2025-01-16T20:51:00,Mineral Water,1
2025-01-16T20:51:00,Crema Catalana,1
2025-01-16T20:51:00,Crema Catalana,1
2025-01-16T20:52:00,Mineral Water,1
2025-01-16T20:52:00,House Red Wine,1
2025-01-16T20:52:00,Crema Catalana,1
2025-01-16T20:55:00,Seafood Paella (for 2),1
2025-01-16T20:55:00,Mineral Water,1
2025-01-16T20:55:00,Mineral Water,1
2025-01-16T20:59:00,Seafood Paella (for 2),1
2025-01-16T20:59:00,Mineral Water,1
2025-01-16T20:59:00,House Red Wine,1
2025-01-16T20:59:00,Crema Catalana,1
2025-01-16T21:01:00,House Red Wine,1
2025-01-16T21:01:00,House Red Wine,1
2025-01-16T21:01:00,Crema Catalana,1
2025-01-16T21:01:00,Crema Catalana,1
2025-01-16T21:01:00,Mineral Water,1
2025-01-16T21:01:00,House Red Wine,1
2025-01-16T21:01:00,Crema Catalana,1
2025-01-16T21:01:00,Crema Catalana,1
2025-01-16T21:08:00,Seafood Paella (for 2),1
2025-01-16T21:08:00,Mineral Water,1
2025-01-16T21:08:00,House Red Wine,1
2025-01-16T21:10:00,House Red Wine,1
2025-01-16T21:10:00,Mineral Water,1
2025-01-16T21:10:00,House Red Wine,1
2025-01-16T21:10:00,House Red Wine,1
2025-01-16T21:10:00,House Red Wine,1
2025-01-16T21:10:00,Mineral Water,1
2025-01-16T21:18:00,Seafood Paella (for 2),1
2025-01-16T21:18:00,House Red Wine,1
2025-01-16T21:18:00,Mineral Water,1
2025-01-16T21:18:00,Crema Catalana,1
2025-01-16T21:21:00,Seafood Paella (for 2),1
2025-01-16T21:21:00,Mineral Water,1
2025-01-16T21:21:00,House Red Wine,1
2025-01-16T21:25:00,House Red Wine,1
2025-01-16T21:25:00,Mineral Water,1
2025-01-16T21:31:00,House Red Wine,1
2025-01-16T21:31:00,House Red Wine,1
2025-01-16T21:31:00,House Red Wine,1
2025-01-16T21:31:00,Mineral Water,1
2025-01-16T21:31:00,Crema Catalana,1
2025-01-16T21:32:00,Mineral Water,1
2025-01-16T21:32:00,House Red Wine,1
2025-01-16T21:32:00,Crema Catalana,1
2025-01-16T21:36:00,Seafood Paella (for 2),1
2025-01-16T21:36:00,Mineral Water,1
2025-01-16T21:36:00,House Red Wine,1
2025-01-16T21:36:00,Crema Catalana,1
2025-01-16T21:37:00,Mineral Water,1
2025-01-16T21:37:00,Mineral Water,1
2025-01-16T21:37:00,Crema Catalana,1
2025-01-16T21:37:00,Crema Catalana,1
2025-01-16T21:37:00,Mineral Water,1
2025-01-16T21:37:00,Mineral Water,1
2025-01-16T21:37:00,House Red Wine,1
2025-01-16T21:37:00,Crema Catalana,1
2025-01-16T21:38:00,Mineral Water,1
2025-01-16T21:38:00,House Red Wine,1
2025-01-16T21:38:00,Crema Catalana,1
2025-01-16T21:38:00,Crema Catalana,1
2025-01-16T21:39:00,Mineral Water,1
2025-01-16T21:39:00,Mineral Water,1
2025-01-16T21:41:00,House Red Wine,1
2025-01-16T21:41:00,House Red Wine,1
2025-01-16T21:43:00,House Red Wine,1
2025-01-16T21:43:00,House Red Wine,1
2025-01-16T21:44:00,Mineral Water,1
2025-01-16T21:44:00,Mineral Water,1
2025-01-16T21:44:00,Crema Catalana,1
2025-01-16T21:49:00,Mineral Water,1
2025-01-16T21:49:00,House Red Wine,1
2025-01-16T21:49:00,Crema Catalana,1
2025-01-16T21:49:00,Crema Catalana,1
2025-01-16T21:52:00,Seafood Paella (for 2),1
2025-01-16T21:52:00,House Red Wine,1
2025-01-16T21:52:00,Mineral Water,1
2025-01-16T21:52:00,House Red Wine,1
2025-01-16T21:52:00,House Red Wine,1
2025-01-16T22:52:00,House Red Wine,1
2025-01-16T22:52:00,Crema Catalana,1
2025-01-16T23:03:00,House Red Wine,1
2025-01-17T13:00:00,Patatas Bravas,1
2025-01-17T13:00:00,Patatas Bravas,1
2025-01-17T13:00:00,Patatas Bravas,1
2025-01-17T13:00:00,Tortilla Española,1
2025-01-17T13:00:00,House Red Wine,1
2025-01-17T13:00:00,Mineral Water,1
2025-01-17T13:00:00,House Red Wine,1
2025-01-17T13:03:00,Patatas Bravas,1
2025-01-17T13:03:00,Tortilla Española,1
2025-01-17T13:03:00,Patatas Bravas,1
2025-01-17T13:03:00,House Red Wine,1
2025-01-17T13:03:00,House Red Wine,1
2025-01-17T13:03:00,Crema Catalana,1
2025-01-17T13:03:00,Crema Catalana,1
2025-01-17T13:04:00,Patatas Bravas,1
2025-01-17T13:04:00,Tortilla Española,1
2025-01-17T13:04:00,Patatas Bravas,1
2025-01-17T13:04:00,House Red Wine,1
2025-01-17T13:04:00,House Red Wine,1
2025-01-17T13:04:00,Crema Catalana,1
2025-01-17T13:06:00,Tortilla Española,1
2025-01-17T13:06:00,House Red Wine,1
2025-01-17T13:11:00,Patatas Bravas,1
2025-01-17T13:11:00,Tortilla Española,1
2025-01-17T13:11:00,Tortilla Española,1
2025-01-17T13:11:00,Mineral Water,1
2025-01-17T13:11:00,House Red Wine,1
2025-01-17T13:11:00,Crema Catalana,1
2025-01-17T13:11:00,Crema Catalana,1
2025-01-17T13:15:00,Patatas Bravas,1
2025-01-17T13:15:00,Tortilla Española,1
2025-01-17T13:15:00,Tortilla Española,1
2025-01-17T13:15:00,Tortilla Española,1
2025-01-17T13:15:00,Mineral Water,1
2025-01-17T13:15:00,Mineral Water,1
2025-01-17T13:15:00,House Red Wine,1
2025-01-17T13:17:00,Patatas Bravas,1
2025-01-17T13:17:00,Tortilla Española,1
2025-01-17T13:17:00,Patatas Bravas,1
2025-01-17T13:17:00,Mineral Water,1
2025-01-17T13:17:00,House Red Wine,1
2025-01-17T13:17:00,Crema Catalana,1
2025-01-17T13:17:00,Crema Catalana,1
2025-01-17T13:18:00,Tortilla Española,1
2025-01-17T13:18:00,Patatas Bravas,1
2025-01-17T13:18:00,Tortilla Española,1
2025-01-17T13:18:00,Patatas Bravas,1
2025-01-17T13:18:00,Mineral Water,1
2025-01-17T13:18:00,Mineral Water,1
2025-01-17T13:18:00,Mineral Water,1
2025-01-17T13:18:00,Patatas Bravas,1
2025-01-17T13:18:00,Patatas Bravas,1
2025-01-17T13:18:00,Tortilla Española,1
2025-01-17T13:18:00,Tortilla Española,1
2025-01-17T13:18:00,Mineral Water,1
2025-01-17T13:18:00,Mineral Water,1
2025-01-17T13:18:00,Mineral Water,1
2025-01-17T13:18:00,Crema Catalana,1
2025-01-17T13:18:00,Crema Catalana,1
2025-01-17T13:18:00,Crema Catalana,1
2025-01-17T13:19:00,Tortilla Española,1
2025-01-17T13:19:00,Mineral Water,1
2025-01-17T13:20:00,Tortilla Española,1
2025-01-17T13:20:00,Patatas Bravas,1
2025-01-17T13:20:00,Patatas Bravas,1
2025-01-17T13:20:00,Mineral Water,1
2025-01-17T13:20:00,House Red Wine,1
2025-01-17T13:20:00,Crema Catalana,1
2025-01-17T13:24:00,Tortilla Española,1
2025-01-17T13:24:00,Patatas Bravas,1
2025-01-17T13:24:00,Tortilla Española,1
2025-01-17T13:24:00,Seafood Paella (for 2),1
2025-01-17T13:24:00,Mineral Water,1
2025-01-17T13:24:00,Mineral Water,1
2025-01-17T13:24:00,Crema Catalana,1
2025-01-17T13:24:00,Crema Catalana,1
2025-01-17T13:24:00,Patatas Bravas,1
2025-01-17T13:24:00,Patatas Bravas,1
2025-01-17T13:24:00,Tortilla Española,1
2025-01-17T13:24:00,House Red Wine,1
2025-01-17T13:24:00,Mineral Water,1
2025-01-17T13:25:00,Patatas Bravas,1
2025-01-17T13:25:00,Tortilla Española,1
2025-01-17T13:25:00,Patatas Bravas,1
2025-01-17T13:25:00,Seafood Paella (for 2),1
2025-01-17T13:25:00,Mineral Water,1
2025-01-17T13:25:00,House Red Wine,1
2025-01-17T13:29:00,Patatas Bravas,1
2025-01-17T13:29:00,Tortilla Española,1
2025-01-17T13:29:00,Tortilla Española,1
2025-01-17T13:29:00,Seafood Paella (for 2),1
2025-01-17T13:29:00,Mineral Water,1
2025-01-17T13:29:00,House Red Wine,1
2025-01-17T13:34:00,Tortilla Española,1
2025-01-17T13:34:00,House Red Wine,1
2025-01-17T13:34:00,Crema Catalana,1
2025-01-17T13:38:00,Tortilla Española,1
2025-01-17T13:38:00,Tortilla Española,1
2025-01-17T13:38:00,Tortilla Española,1
2025-01-17T13:38:00,Seafood Paella (for 2),1
2025-01-17T13:38:00,Mineral Water,1
2025-01-17T13:38:00,House Red Wine,1
2025-01-17T13:38:00,Patatas Bravas,1
2025-01-17T13:38:00,Tortilla Española,1
2025-01-17T13:38:00,Tortilla Española,1
2025-01-17T13:38:00,Tortilla Española,1
2025-01-17T13:38:00,Patatas Bravas,1
2025-01-17T13:38:00,Patatas Bravas,1
2025-01-17T13:38:00,Seafood Paella (for 2),1
2025-01-17T13:38:00,House Red Wine,1
2025-01-17T13:38:00,Mineral Water,1
2025-01-17T13:38:00,Mineral Water,1
2025-01-17T13:38:00,House Red Wine,1
2025-01-17T13:38:00,Crema Catalana,1
2025-01-17T13:38:00,Crema Catalana,1
2025-01-17T13:39:00,Tortilla Española,1
2025-01-17T13:39:00,Tortilla Española,1
2025-01-17T13:39:00,Patatas Bravas,1
2025-01-17T13:39:00,Patatas Bravas,1
2025-01-17T13:39:00,Patatas Bravas,1
2025-01-17T13:39:00,Tortilla Española,1
2025-01-17T13:39:00,Seafood Paella (for 2),1
2025-01-17T13:39:00,Mineral Water,1
2025-01-17T13:39:00,Mineral Water,1
2025-01-17T13:39:00,Mineral Water,1
2025-01-17T13:39:00,House Red Wine,1
2025-01-17T13:39:00,Crema Catalana,1
2025-01-17T13:39:00,Crema Catalana,1
2025-01-17T13:39:00,Crema Catalana,1
2025-01-17T13:41:00,Tortilla Española,1
2025-01-17T13:41:00,Mineral Water,1
2025-01-17T13:41:00,Crema Catalana,1
2025-01-17T13:43:00,Patatas Bravas,1
2025-01-17T13:43:00,Patatas Bravas,1
2025-01-17T13:43:00,Tortilla Española,1
2025-01-17T13:43:00,Tortilla Española,1
2025-01-17T13:43:00,Seafood Paella (for 2),1
2025-01-17T13:43:00,House Red Wine,1
2025-01-17T13:43:00,Mineral Water,1
2025-01-17T13:43:00,Mineral Water,1
2025-01-17T13:44:00,Tortilla Española,1
2025-01-17T13:44:00,Patatas Bravas,1
2025-01-17T13:44:00,Patatas Bravas,1
2025-01-17T13:44:00,Seafood Paella (for 2),1
2025-01-17T13:44:00,House Red Wine,1
2025-01-17T13:44:00,House Red Wine,1
2025-01-17T13:44:00,Crema Catalana,1
2025-01-17T13:44:00,Crema Catalana,1
2025-01-17T13:45:00,Tortilla Española,1
2025-01-17T13:45:00,Mineral Water,1
2025-01-17T13:46:00,Tortilla Española,1
2025-01-17T13:46:00,Tortilla Española,1
2025-01-17T13:46:00,Tortilla Española,1
2025-01-17T13:46:00,Mineral Water,1
2025-01-17T13:46:00,Mineral Water,1
2025-01-17T13:46:00,Crema Catalana,1
2025-01-17T13:47:00,Patatas Bravas,1
2025-01-17T13:47:00,Patatas Bravas,1
2025-01-17T13:47:00,Tortilla Española,1
2025-01-17T13:47:00,Seafood Paella (for 2),1
2025-01-17T13:47:00,Mineral Water,1
2025-01-17T13:47:00,Mineral Water,1
2025-01-17T13:51:00,Patatas Bravas,1
2025-01-17T13:51:00,Patatas Bravas,1
2025-01-17T13:51:00,Patatas Bravas,1
2025-01-17T13:51:00,House Red Wine,1
2025-01-17T13:51:00,House Red Wine,1
2025-01-17T13:59:00,Tortilla Española,1
2025-01-17T13:59:00,Patatas Bravas,1
2025-01-17T13:59:00,Tortilla Española,1
2025-01-17T13:59:00,Patatas Bravas,1
2025-01-17T13:59:00,Seafood Paella (for 2),1
2025-01-17T13:59:00,House Red Wine,1
2025-01-17T13:59:00,House Red Wine,1
2025-01-17T13:59:00,House Red Wine,1
2025-01-17T13:59:00,Crema Catalana,1
2025-01-17T13:59:00,Crema Catalana,1
2025-01-17T13:59:00,Crema Catalana,1
2025-01-17T14:00:00,Patatas Bravas,1
2025-01-17T14:00:00,Patatas Bravas,1
2025-01-17T14:00:00,Tortilla Española,1
2025-01-17T14:00:00,Tortilla Española,1
2025-01-17T14:00:00,Tortilla Española,1
2025-01-17T14:00:00,Tortilla Española,1
2025-01-17T14:00:00,Seafood Paella (for 2),1
2025-01-17T14:00:00,House Red Wine,1
2025-01-17T14:00:00,House Red Wine,1
2025-01-17T14:00:00,House Red Wine,1
2025-01-17T14:00:00,House Red Wine,1
2025-01-17T14:00:00,Patatas Bravas,1
2025-01-17T14:00:00,Patatas Bravas,1
2025-01-17T14:00:00,Patatas Bravas,1
2025-01-17T14:00:00,Tortilla Española,1
2025-01-17T14:00:00,Tortilla Española,1
2025-01-17T14:00:00,Patatas Bravas,1
2025-01-17T14:00:00,Seafood Paella (for 2),1
2025-01-17T14:00:00,House Red Wine,1
2025-01-17T14:00:00,House Red Wine,1
2025-01-17T14:00:00,Mineral Water,1
2025-01-17T14:00:00,House Red Wine,1
2025-01-17T14:00:00,Crema Catalana,1
2025-01-17T14:00:00,Crema Catalana,1
2025-01-17T14:01:00,Patatas Bravas,1
2025-01-17T14:01:00,Tortilla Española,1
2025-01-17T14:01:00,Tortilla Española,1
2025-01-17T14:01:00,Seafood Paella (for 2),1
2025-01-17T14:01:00,Mineral Water,1
2025-01-17T14:01:00,House Red Wine,1
2025-01-17T14:01:00,Crema Catalana,1
2025-01-17T14:01:00,Crema Catalana,1
2025-01-17T14:04:00,Tortilla Española,1
2025-01-17T14:04:00,House Red Wine,1
2025-01-17T14:04:00,Crema Catalana,1
2025-01-17T14:12:00,Patatas Bravas,1
2025-01-17T14:12:00,House Red Wine,1
2025-01-17T14:12:00,Crema Catalana,1
2025-01-18T13:02:00,Tortilla Española,1
2025-01-18T13:02:00,Seafood Paella (for 2),1
2025-01-18T13:02:00,House Red Wine,1
2025-01-18T13:08:00,Patatas Bravas,1
2025-01-18T13:08:00,Tortilla Española,1
2025-01-18T13:08:00,Tortilla Española,1
2025-01-18T13:08:00,Mineral Water,1
2025-01-18T13:08:00,Mineral Water,1
2025-01-18T13:09:00,Tortilla Española,1
2025-01-18T13:09:00,Tortilla Española,1
2025-01-18T13:09:00,Patatas Bravas,1
2025-01-18T13:09:00,Tortilla Española,1
2025-01-18T13:09:00,Tortilla Española,1
2025-01-18T13:09:00,Patatas Bravas,1
2025-01-18T13:09:00,Seafood Paella (for 2),1
2025-01-18T13:09:00,Mineral Water,1
2025-01-18T13:09:00,Mineral Water,1
2025-01-18T13:09:00,Mineral Water,1
2025-01-18T13:09:00,House Red Wine,1
2025-01-18T13:10:00,Patatas Bravas,1
2025-01-18T13:10:00,Seafood Paella (for 2),1
2025-01-18T13:10:00,Mineral Water,1
2025-01-18T13:10:00,Tortilla Española,1
2025-01-18T13:10:00,Patatas Bravas,1
2025-01-18T13:10:00,Tortilla Española,1
2025-01-18T13:10:00,Tortilla Española,1
2025-01-18T13:10:00,Patatas Bravas,1
2025-01-18T13:10:00,Patatas Bravas,1
2025-01-18T13:10:00,Seafood Paella (for 2),1
2025-01-18T13:10:00,Mineral Water,1
2025-01-18T13:10:00,Mineral Water,1
2025-01-18T13:10:00,Mineral Water,1
2025-01-18T13:10:00,Mineral Water,1
2025-01-18T13:11:00,Patatas Bravas,1
2025-01-18T13:11:00,Tortilla Española,1
2025-01-18T13:11:00,Tortilla Española,1
2025-01-18T13:11:00,Patatas Bravas,1
2025-01-18T13:11:00,Patatas Bravas,1
2025-01-18T13:11:00,Patatas Bravas,1
2025-01-18T13:11:00,Seafood Paella (for 2),1
2025-01-18T13:11:00,House Red Wine,1
2025-01-18T13:11:00,House Red Wine,1
2025-01-18T13:11:00,House Red Wine,1
2025-01-18T13:11:00,Mineral Water,1
2025-01-18T13:13:00,Patatas Bravas,1
2025-01-18T13:13:00,Tortilla Española,1
2025-01-18T13:13:00,Patatas Bravas,1
2025-01-18T13:13:00,Mineral Water,1
2025-01-18T13:13:00,House Red Wine,1
2025-01-18T13:13:00,Patatas Bravas,1
2025-01-18T13:13:00,Patatas Bravas,1
2025-01-18T13:13:00,Patatas Bravas,1
2025-01-18T13:13:00,Patatas Bravas,1
2025-01-18T13:13:00,House Red Wine,1
2025-01-18T13:13:00,House Red Wine,1
2025-01-18T13:13:00,Mineral Water,1
2025-01-18T13:19:00,Patatas Bravas,1
2025-01-18T13:19:00,Patatas Bravas,1
2025-01-18T13:19:00,Patatas Bravas,1
2025-01-18T13:19:00,Mineral Water,1
2025-01-18T13:19:00,Mineral Water,1
2025-01-18T13:22:00,Tortilla Española,1
2025-01-18T13:22:00,Tortilla Española,1
2025-01-18T13:22:00,Patatas Bravas,1
2025-01-18T13:22:00,House Red Wine,1
2025-01-18T13:22:00,Mineral Water,1
2025-01-18T13:25:00,Tortilla Española,1
2025-01-18T13:25:00,Tortilla Española,1
2025-01-18T13:25:00,Patatas Bravas,1
2025-01-18T13:25:00,Tortilla Española,1
2025-01-18T13:25:00,House Red Wine,1
2025-01-18T13:25:00,House Red Wine,1
2025-01-18T13:25:00,Mineral Water,1
2025-01-18T13:26:00,Tortilla Española,1
2025-01-18T13:26:00,Tortilla Española,1
2025-01-18T13:26:00,Patatas Bravas,1
2025-01-18T13:26:00,House Red Wine,1
2025-01-18T13:26:00,Mineral Water,1
2025-01-18T13:26:00,Patatas Bravas,1
2025-01-18T13:26:00,Tortilla Española,1
2025-01-18T13:26:00,Tortilla Española,1
2025-01-18T13:26:00,Mineral Water,1
2025-01-18T13:26:00,House Red Wine,1
2025-01-18T13:26:00,Patatas Bravas,1
2025-01-18T13:26:00,Patatas Bravas,1
2025-01-18T13:26:00,Tortilla Española,1
2025-01-18T13:26:00,Patatas Bravas,1
2025-01-18T13:26:00,Tortilla Española,1
2025-01-18T13:26:00,Patatas Bravas,1
2025-01-18T13:26:00,Seafood Paella (for 2),1
2025-01-18T13:26:00,House Red Wine,1
2025-01-18T13:26:00,House Red Wine,1
2025-01-18T13:26:00,House Red Wine,1
2025-01-18T13:26:00,House Red Wine,1
2025-01-18T13:27:00,Tortilla Española,1
2025-01-18T13:27:00,Tortilla Española,1
2025-01-18T13:27:00,Patatas Bravas,1
2025-01-18T13:27:00,Patatas Bravas,1
2025-01-18T13:27:00,Patatas Bravas,1
2025-01-18T13:27:00,Patatas Bravas,1
2025-01-18T13:27:00,Seafood Paella (for 2),1
2025-01-18T13:27:00,House Red Wine,1
2025-01-18T13:27:00,Mineral Water,1
2025-01-18T13:27:00,House Red Wine,1
2025-01-18T13:27:00,Mineral Water,1
2025-01-18T13:32:00,Patatas Bravas,1
2025-01-18T13:32:00,Tortilla Española,1
2025-01-18T13:32:00,Patatas Bravas,1
2025-01-18T13:32:00,Tortilla Española,1
2025-01-18T13:32:00,Mineral Water,1
2025-01-18T13:32:00,Mineral Water,1
2025-01-18T13:32:00,Mineral Water,1
2025-01-18T13:34:00,Tortilla Española,1
2025-01-18T13:34:00,Tortilla Española,1
2025-01-18T13:34:00,Tortilla Española,1
2025-01-18T13:34:00,Patatas Bravas,1
2025-01-18T13:34:00,Tortilla Española,1
2025-01-18T13:34:00,Tortilla Española,1
2025-01-18T13:34:00,Seafood Paella (for 2),1
2025-01-18T13:34:00,House Red Wine,1
2025-01-18T13:34:00,Mineral Water,1
2025-01-18T13:34:00,Mineral Water,1
2025-01-18T13:34:00,Mineral Water,1
2025-01-18T13:35:00,Tortilla Española,1
2025-01-18T13:35:00,Tortilla Española,1
2025-01-18T13:35:00,Patatas Bravas,1
2025-01-18T13:35:00,Seafood Paella (for 2),1
2025-01-18T13:35:00,Mineral Water,1
2025-01-18T13:35:00,House Red Wine,1
2025-01-18T13:35:00,Tortilla Española,1
2025-01-18T13:35:00,Tortilla Española,1
2025-01-18T13:35:00,Patatas Bravas,1
2025-01-18T13:35:00,Patatas Bravas,1
2025-01-18T13:35:00,Mineral Water,1
2025-01-18T13:35:00,Mineral Water,1
2025-01-18T13:35:00,House Red Wine,1
2025-01-18T13:39:00,Tortilla Española,1
2025-01-18T13:39:00,Patatas Bravas,1
2025-01-18T13:39:00,Patatas Bravas,1
2025-01-18T13:39:00,House Red Wine,1
2025-01-18T13:39:00,House Red Wine,1
2025-01-18T13:41:00,Tortilla Española,1
2025-01-18T13:41:00,Patatas Bravas,1
2025-01-18T13:41:00,Tortilla Española,1
2025-01-18T13:41:00,Seafood Paella (for 2),1
2025-01-18T13:41:00,Mineral Water,1
2025-01-18T13:41:00,Mineral Water,1
2025-01-18T13:42:00,Patatas Bravas,1
2025-01-18T13:42:00,Mineral Water,1
2025-01-18T13:53:00,Tortilla Española,1
2025-01-18T13:53:00,House Red Wine,1
2025-01-18T13:54:00,Patatas Bravas,1
2025-01-18T13:54:00,Patatas Bravas,1
2025-01-18T13:54:00,Patatas Bravas,1
2025-01-18T13:54:00,Tortilla Española,1
2025-01-18T13:54:00,Patatas Bravas,1
2025-01-18T13:54:00,Patatas Bravas,1
2025-01-18T13:54:00,Seafood Paella (for 2),1
2025-01-18T13:54:00,Mineral Water,1
2025-01-18T13:54:00,House Red Wine,1
2025-01-18T13:54:00,House Red Wine,1
2025-01-18T13:54:00,House Red Wine,1
2025-01-18T13:59:00,Tortilla Española,1
2025-01-18T13:59:00,Mineral Water,1
2025-01-18T13:59:00,Tortilla Española,1
2025-01-18T13:59:00,Patatas Bravas,1
2025-01-18T13:59:00,Tortilla Española,1
2025-01-18T13:59:00,Seafood Paella (for 2),1
2025-01-18T13:59:00,House Red Wine,1
2025-01-18T13:59:00,Mineral Water,1
2025-01-18T14:01:00,Patatas Bravas,1
2025-01-18T14:01:00,Patatas Bravas,1
2025-01-18T14:01:00,Tortilla Española,1
2025-01-18T14:01:00,Mineral Water,1
2025-01-18T14:01:00,Mineral Water,1
2025-01-18T14:03:00,Tortilla Española,1
2025-01-18T14:03:00,Tortilla Española,1
2025-01-18T14:03:00,Patatas Bravas,1
2025-01-18T14:03:00,Seafood Paella (for 2),1
2025-01-18T14:03:00,Mineral Water,1
2025-01-18T14:03:00,Mineral Water,1
2025-01-18T14:06:00,Patatas Bravas,1
2025-01-18T14:06:00,Tortilla Española,1
2025-01-18T14:06:00,Patatas Bravas,1
2025-01-18T14:06:00,Mineral Water,1
2025-01-18T14:06:00,Mineral Water,1
2025-01-18T14:06:00,Tortilla Española,1
2025-01-18T14:06:00,Patatas Bravas,1
2025-01-18T14:06:00,Patatas Bravas,1
2025-01-18T14:06:00,Seafood Paella (for 2),1
2025-01-18T14:06:00,Mineral Water,1
2025-01-18T14:06:00,Mineral Water,1
2025-01-18T14:07:00,Patatas Bravas,1
2025-01-18T14:07:00,Tortilla Española,1
2025-01-18T14:07:00,Patatas Bravas,1
2025-01-18T14:07:00,House Red Wine,1
2025-01-18T14:07:00,Mineral Water,1
2025-01-18T14:09:00,Patatas Bravas,1
2025-01-18T14:09:00,Mineral Water,1
2025-01-18T14:10:00,Patatas Bravas,1
2025-01-18T14:10:00,Patatas Bravas,1
2025-01-18T14:10:00,Tortilla Española,1
2025-01-18T14:10:00,Patatas Bravas,1
2025-01-18T14:10:00,Tortilla Española,1
2025-01-18T14:10:00,Tortilla Española,1
2025-01-18T14:10:00,Mineral Water,1
2025-01-18T14:10:00,House Red Wine,1
2025-01-18T14:10:00,House Red Wine,1
2025-01-18T14:10:00,House Red Wine,1
2025-01-18T14:14:00,Patatas Bravas,1
2025-01-18T14:14:00,Mineral Water,1
2025-01-18T14:17:00,Patatas Bravas,1
2025-01-18T14:17:00,Tortilla Española,1
2025-01-18T14:17:00,Tortilla Española,1
2025-01-18T14:17:00,Mineral Water,1
2025-01-18T14:17:00,Mineral Water,1
2025-01-19T13:01:00,Patatas Bravas,1
2025-01-19T13:01:00,Patatas Bravas,1
2025-01-19T13:01:00,Tortilla Española,1
2025-01-19T13:01:00,Mineral Water,1
2025-01-19T13:01:00,House Red Wine,1
2025-01-19T13:01:00,Crema Catalana,1
2025-01-19T13:01:00,Patatas Bravas,1
2025-01-19T13:01:00,Patatas Bravas,1
2025-01-19T13:01:00,Patatas Bravas,1
2025-01-19T13:01:00,Patatas Bravas,1
2025-01-19T13:01:00,Patatas Bravas,1
2025-01-19T13:01:00,Patatas Bravas,1
2025-01-19T13:01:00,Seafood Paella (for 2),1
2025-01-19T13:01:00,House Red Wine,1
2025-01-19T13:01:00,Mineral Water,1
2025-01-19T13:01:00,Mineral Water,1
2025-01-19T13:01:00,House Red Wine,1
2025-01-19T13:01:00,Crema Catalana,1
2025-01-19T13:01:00,Crema Catalana,1
2025-01-19T13:06:00,Tortilla Española,1
2025-01-19T13:06:00,Tortilla Española,1
2025-01-19T13:06:00,Tortilla Española,1
2025-01-19T13:06:00,Patatas Bravas,1
2025-01-19T13:06:00,House Red Wine,1
2025-01-19T13:06:00,Mineral Water,1
2025-01-19T13:06:00,Mineral Water,1
2025-01-19T13:07:00,Patatas Bravas,1
2025-01-19T13:07:00,Tortilla Española,1
2025-01-19T13:07:00,Tortilla Española,1
2025-01-19T13:07:00,House Red Wine,1
2025-01-19T13:07:00,Mineral Water,1
2025-01-19T13:15:00,Tortilla Española,1
2025-01-19T13:15:00,Tortilla Española,1
2025-01-19T13:15:00,Tortilla Española,1
2025-01-19T13:15:00,Mineral Water,1
2025-01-19T13:15:00,House Red Wine,1
2025-01-19T13:15:00,Crema Catalana,1
2025-01-19T13:19:00,Tortilla Española,1
2025-01-19T13:19:00,Tortilla Española,1
2025-01-19T13:19:00,Patatas Bravas,1
2025-01-19T13:19:00,Patatas Bravas,1
2025-01-19T13:19:00,Mineral Water,1
2025-01-19T13:19:00,House Red Wine,1
2025-01-19T13:19:00,House Red Wine,1
2025-01-19T13:21:00,Patatas Bravas,1
2025-01-19T13:21:00,Mineral Water,1
2025-01-19T13:24:00,Patatas Bravas,1
2025-01-19T13:24:00,Patatas Bravas,1
2025-01-19T13:24:00,Patatas Bravas,1
2025-01-19T13:24:00,Tortilla Española,1
2025-01-19T13:24:00,Tortilla Española,1
2025-01-19T13:24:00,Tortilla Española,1
2025-01-19T13:24:00,Mineral Water,1
2025-01-19T13:24:00,Mineral Water,1
2025-01-19T13:24:00,Mineral Water,1
2025-01-19T13:24:00,House Red Wine,1
2025-01-19T13:24:00,Crema Catalana,1
2025-01-19T13:24:00,Crema Catalana,1
2025-01-19T13:24:00,Crema Catalana,1
2025-01-19T13:24:00,Crema Catalana,1
2025-01-19T13:26:00,Patatas Bravas,1
2025-01-19T13:26:00,Patatas Bravas,1
2025-01-19T13:26:00,Patatas Bravas,1
2025-01-19T13:26:00,Tortilla Española,1
2025-01-19T13:26:00,Seafood Paella (for 2),1
2025-01-19T13:26:00,House Red Wine,1
2025-01-19T13:26:00,House Red Wine,1
2025-01-19T13:26:00,Mineral Water,1
2025-01-19T13:26:00,Crema Catalana,1
2025-01-19T13:27:00,Patatas Bravas,1
2025-01-19T13:27:00,Tortilla Española,1
2025-01-19T13:27:00,Patatas Bravas,1
2025-01-19T13:27:00,Patatas Bravas,1
2025-01-19T13:27:00,House Red Wine,1
2025-01-19T13:27:00,Mineral Water,1
2025-01-19T13:27:00,Mineral Water,1
2025-01-19T13:29:00,Tortilla Española,1
2025-01-19T13:29:00,Tortilla Española,1
2025-01-19T13:29:00,Tortilla Española,1
2025-01-19T13:29:00,Mineral Water,1
2025-01-19T13:29:00,House Red Wine,1
2025-01-19T13:29:00,Patatas Bravas,1
2025-01-19T13:29:00,Tortilla Española,1
2025-01-19T13:29:00,Tortilla Española,1
2025-01-19T13:29:00,Tortilla Española,1
2025-01-19T13:29:00,Mineral Water,1
2025-01-19T13:29:00,Mineral Water,1
2025-01-19T13:29:00,Mineral Water,1
2025-01-19T13:29:00,Crema Catalana,1
2025-01-19T13:30:00,Patatas Bravas,1
2025-01-19T13:30:00,Tortilla Española,1
2025-01-19T13:30:00,Tortilla Española,1
2025-01-19T13:30:00,Tortilla Española,1
2025-01-19T13:30:00,Mineral Water,1
2025-01-19T13:30:00,Mineral Water,1
2025-01-19T13:30:00,House Red Wine,1
2025-01-19T13:30:00,Patatas Bravas,1
2025-01-19T13:30:00,Tortilla Española,1
2025-01-19T13:30:00,Patatas Bravas,1
2025-01-19T13:30:00,Tortilla Española,1
2025-01-19T13:30:00,Seafood Paella (for 2),1
2025-01-19T13:30:00,Mineral Water,1
2025-01-19T13:30:00,Mineral Water,1
2025-01-19T13:30:00,House Red Wine,1
2025-01-19T13:30:00,Crema Catalana,1
2025-01-19T13:30:00,Crema Catalana,1
2025-01-19T13:33:00,Patatas Bravas,1
2025-01-19T13:33:00,Patatas Bravas,1
2025-01-19T13:33:00,Tortilla Española,1
2025-01-19T13:33:00,Mineral Water,1
2025-01-19T13:33:00,Mineral Water,1
2025-01-19T13:33:00,Crema Catalana,1
2025-01-19T13:37:00,Tortilla Española,1
2025-01-19T13:37:00,Tortilla Española,1
2025-01-19T13:37:00,Patatas Bravas,1
2025-01-19T13:37:00,Seafood Paella (for 2),1
2025-01-19T13:37:00,Mineral Water,1
2025-01-19T13:37:00,Mineral Water,1
2025-01-19T13:37:00,Patatas Bravas,1
2025-01-19T13:37:00,Patatas Bravas,1
2025-01-19T13:37:00,Patatas Bravas,1
2025-01-19T13:37:00,Seafood Paella (for 2),1
2025-01-19T13:37:00,Mineral Water,1
2025-01-19T13:37:00,House Red Wine,1
2025-01-19T13:37:00,Patatas Bravas,1
2025-01-19T13:37:00,Patatas Bravas,1
2025-01-19T13:37:00,Tortilla Española,1
2025-01-19T13:37:00,Patatas Bravas,1
2025-01-19T13:37:00,Tortilla Española,1
2025-01-19T13:37:00,Patatas Bravas,1
2025-01-19T13:37:00,Mineral Water,1
2025-01-19T13:37:00,Mineral Water,1
2025-01-19T13:37:00,House Red Wine,1
2025-01-19T13:37:00,Mineral Water,1
2025-01-19T13:37:00,Crema Catalana,1
2025-01-19T13:37:00,Crema Catalana,1
2025-01-19T13:37:00,Crema Catalana,1
2025-01-19T13:37:00,Crema Catalana,1
2025-01-19T13:41:00,Patatas Bravas,1
2025-01-19T13:41:00,Patatas Bravas,1
2025-01-19T13:41:00,Tortilla Española,1
2025-01-19T13:41:00,Mineral Water,1
2025-01-19T13:41:00,House Red Wine,1
2025-01-19T13:47:00,Tortilla Española,1
2025-01-19T13:47:00,Patatas Bravas,1
2025-01-19T13:47:00,Tortilla Española,1
2025-01-19T13:47:00,Seafood Paella (for 2),1
2025-01-19T13:47:00,Mineral Water,1
2025-01-19T13:47:00,House Red Wine,1
2025-01-19T13:50:00,Patatas Bravas,1
2025-01-19T13:50:00,Patatas Bravas,1
2025-01-19T13:50:00,Patatas Bravas,1
2025-01-19T13:50:00,House Red Wine,1
2025-01-19T13:50:00,Mineral Water,1
2025-01-19T13:51:00,Tortilla Española,1
2025-01-19T13:51:00,House Red Wine,1
2025-01-19T13:51:00,Crema Catalana,1
2025-01-19T13:58:00,Tortilla Española,1
2025-01-19T13:58:00,Tortilla Española,1
2025-01-19T13:58:00,Tortilla Española,1
2025-01-19T13:58:00,Mineral Water,1
2025-01-19T13:58:00,House Red Wine,1
2025-01-19T14:03:00,Tortilla Española,1
2025-01-19T14:03:00,Tortilla Española,1
2025-01-19T14:03:00,Tortilla Española,1
2025-01-19T14:03:00,House Red Wine,1
2025-01-19T14:03:00,House Red Wine,1
2025-01-19T14:03:00,Crema Catalana,1
2025-01-19T14:07:00,Patatas Bravas,1
2025-01-19T14:07:00,Patatas Bravas,1
2025-01-19T14:07:00,Tortilla Española,1
2025-01-19T14:07:00,Mineral Water,1
2025-01-19T14:07:00,House Red Wine,1
2025-01-19T14:07:00,Crema Catalana,1
2025-01-19T14:07:00,Patatas Bravas,1
2025-01-19T14:07:00,Mineral Water,1
2025-01-19T14:09:00,Tortilla Española,1
2025-01-19T14:09:00,Patatas Bravas,1
2025-01-19T14:09:00,Tortilla Española,1
2025-01-19T14:09:00,Mineral Water,1
2025-01-19T14:09:00,House Red Wine,1
2025-01-19T14:09:00,Crema Catalana,1
2025-01-19T14:17:00,Tortilla Española,1
2025-01-19T14:17:00,Tortilla Española,1
2025-01-19T14:17:00,Patatas Bravas,1
2025-01-19T14:17:00,Tortilla Española,1
2025-01-19T14:17:00,Mineral Water,1
2025-01-19T14:17:00,Mineral Water,1
2025-01-19T14:17:00,House Red Wine,1
2025-01-19T14:32:00,Patatas Bravas,1
2025-01-19T14:32:00,Tortilla Española,1
2025-01-19T14:32:00,Tortilla Española,1
2025-01-19T14:32:00,Seafood Paella (for 2),1
2025-01-19T14:32:00,Mineral Water,1
2025-01-19T14:32:00,Mineral Water,1
2025-01-19T14:32:00,Crema Catalana,1
2025-01-19T14:37:00,Tortilla Española,1
2025-01-19T14:37:00,Tortilla Española,1
2025-01-19T14:37:00,Patatas Bravas,1
2025-01-19T14:37:00,House Red Wine,1
2025-01-19T14:37:00,House Red Wine,1
2025-01-19T14:37:00,Crema Catalana,1
2025-01-19T14:38:00,Tortilla Española,1
2025-01-19T14:38:00,Patatas Bravas,1
2025-01-19T14:38:00,Tortilla Española,1
2025-01-19T14:38:00,Seafood Paella (for 2),1
2025-01-19T14:38:00,House Red Wine,1
2025-01-19T14:38:00,Mineral Water,1
2025-01-19T14:57:00,Patatas Bravas,1
2025-01-19T14:57:00,Tortilla Española,1
2025-01-19T14:57:00,Patatas Bravas,1
2025-01-19T14:57:00,Mineral Water,1
2025-01-19T14:57:00,House Red Wine,1
2025-01-19T15:02:00,Patatas Bravas,1
2025-01-19T15:02:00,Mineral Water,1
2025-01-19T15:02:00,Crema Catalana,1
2025-01-20T13:02:00,Menu del Día,2
2025-01-20T13:02:00,Seafood Paella (for 2),1
2025-01-20T13:15:00,Menu del Día,1
2025-01-20T13:35:00,Menu del Día,1
2025-01-20T13:35:00,Seafood Paella (for 2),1
2025-01-20T13:42:00,Menu del Día,2
2025-01-20T13:42:00,Seafood Paella (for 2),1
2025-01-20T13:42:00,Seafood Paella (for 2),1
2025-01-20T14:03:00,Menu del Día,3
2025-01-20T14:10:00,Menu del Día,3
2025-01-20T14:12:00,Seafood Paella (for 2),1
2025-01-20T14:15:00,Menu del Día,1
2025-01-20T14:33:00,Seafood Paella (for 2),1
2025-01-20T14:39:00,Menu del Día,1
2025-01-20T14:39:00,Seafood Paella (for 2),1
2025-01-20T14:39:00,Seafood Paella (for 2),1
2025-01-20T14:39:00,Seafood Paella (for 2),1
2025-01-20T14:41:00,Menu del Día,1
2025-01-20T14:51:00,Menu del Día,2
2025-01-20T14:51:00,Seafood Paella (for 2),1
2025-01-20T14:52:00,Menu del Día,1
2025-01-20T14:52:00,Seafood Paella (for 2),1
2025-01-20T15:02:00,Menu del Día,4
2025-01-20T15:03:00,Menu del Día,3
2025-01-20T15:05:00,Seafood Paella (for 2),1
2025-01-20T15:05:00,Menu del Día,4
2025-01-20T15:10:00,Menu del Día,2
2025-01-20T15:10:00,Seafood Paella (for 2),1
2025-01-20T15:12:00,Menu del Día,1
2025-01-20T15:17:00,Menu del Día,1
2025-01-20T15:32:00,Menu del Día,1
2025-01-20T15:32:00,Seafood Paella (for 2),1
2025-01-20T15:34:00,Menu del Día,3
2025-01-20T15:34:00,Seafood Paella (for 2),1
2025-01-20T15:39:00,Seafood Paella (for 2),1
2025-01-20T15:52:00,Seafood Paella (for 2),1
2025-01-20T16:07:00,Menu del Día,3
2025-01-20T16:07:00,Seafood Paella (for 2),1
2025-01-20T16:57:00,Menu del Día,2
2025-01-20T16:57:00,Seafood Paella (for 2),1
2025-01-20T20:00:00,Tortilla Española,1
2025-01-20T20:00:00,Mineral Water,1
2025-01-20T20:04:00,Tortilla Española,1
2025-01-20T20:04:00,Tortilla Española,1
2025-01-20T20:04:00,Patatas Bravas,1
2025-01-20T20:04:00,Tortilla Española,1
2025-01-20T20:04:00,Seafood Paella (for 2),1
2025-01-20T20:04:00,Mineral Water,1
2025-01-20T20:04:00,Mineral Water,1
2025-01-20T20:04:00,Mineral Water,1
2025-01-20T20:06:00,Patatas Bravas,1
2025-01-20T20:06:00,Seafood Paella (for 2),1
2025-01-20T20:06:00,Mineral Water,1
2025-01-20T20:06:00,Patatas Bravas,1
2025-01-20T20:06:00,Patatas Bravas,1
2025-01-20T20:06:00,Tortilla Española,1
2025-01-20T20:06:00,Tortilla Española,1
2025-01-20T20:06:00,Patatas Bravas,1
2025-01-20T20:06:00,Tortilla Española,1
2025-01-20T20:06:00,Seafood Paella (for 2),1
2025-01-20T20:06:00,House Red Wine,1
2025-01-20T20:06:00,Mineral Water,1
2025-01-20T20:06:00,Mineral Water,1
2025-01-20T20:06:00,Mineral Water,1
2025-01-20T20:06:00,Crema Catalana,1
2025-01-20T20:12:00,Patatas Bravas,1
2025-01-20T20:12:00,Mineral Water,1
2025-01-20T20:13:00,Tortilla Española,1
2025-01-20T20:13:00,Tortilla Española,1
2025-01-20T20:13:00,Tortilla Española,1
2025-01-20T20:13:00,Tortilla Española,1
2025-01-20T20:13:00,Patatas Bravas,1
2025-01-20T20:13:00,Patatas Bravas,1
2025-01-20T20:13:00,Seafood Paella (for 2),1
2025-01-20T20:13:00,House Red Wine,1
2025-01-20T20:13:00,House Red Wine,1
2025-01-20T20:13:00,House Red Wine,1
2025-01-20T20:13:00,Mineral Water,1
2025-01-20T20:18:00,Patatas Bravas,1
2025-01-20T20:18:00,House Red Wine,1
2025-01-20T20:18:00,Crema Catalana,1
2025-01-20T20:28:00,Tortilla Española,1
2025-01-20T20:28:00,Tortilla Española,1
2025-01-20T20:28:00,Tortilla Española,1
2025-01-20T20:28:00,Tortilla Española,1
2025-01-20T20:28:00,Tortilla Española,1
2025-01-20T20:28:00,Tortilla Española,1
2025-01-20T20:28:00,Mineral Water,1
2025-01-20T20:28:00,House Red Wine,1
2025-01-20T20:28:00,House Red Wine,1
2025-01-20T20:28:00,Mineral Water,1
2025-01-20T20:28:00,Crema Catalana,1
2025-01-20T20:28:00,Crema Catalana,1
2025-01-20T20:28:00,Tortilla Española,1
2025-01-20T20:28:00,Tortilla Española,1
2025-01-20T20:28:00,Tortilla Española,1
2025-01-20T20:28:00,Tortilla Española,1
2025-01-20T20:28:00,Patatas Bravas,1
2025-01-20T20:28:00,Tortilla Española,1
2025-01-20T20:28:00,Seafood Paella (for 2),1
2025-01-20T20:28:00,Mineral Water,1
2025-01-20T20:28:00,House Red Wine,1
2025-01-20T20:28:00,House Red Wine,1
2025-01-20T20:28:00,House Red Wine,1
2025-01-20T20:34:00,Tortilla Española,1
2025-01-20T20:34:00,Tortilla Española,1
2025-01-20T20:34:00,Tortilla Española,1
2025-01-20T20:34:00,Tortilla Española,1
2025-01-20T20:34:00,Seafood Paella (for 2),1
2025-01-20T20:34:00,House Red Wine,1
2025-01-20T20:34:00,House Red Wine,1
2025-01-20T20:34:00,House Red Wine,1
2025-01-20T20:34:00,Crema Catalana,1
2025-01-20T20:34:00,Crema Catalana,1
2025-01-20T20:36:00,Patatas Bravas,1
2025-01-20T20:36:00,Seafood Paella (for 2),1
2025-01-20T20:36:00,Mineral Water,1
2025-01-20T20:36:00,Crema Catalana,1
2025-01-20T20:41:00,Tortilla Española,1
2025-01-20T20:41:00,Patatas Bravas,1
2025-01-20T20:41:00,Tortilla Española,1
2025-01-20T20:41:00,Mineral Water,1
2025-01-20T20:41:00,Mineral Water,1
2025-01-21T13:01:00,Menu del Día,1
2025-01-21T13:01:00,Seafood Paella (for 2),1
2025-01-21T13:01:00,Seafood Paella (for 2),1
2025-01-21T13:05:00,Menu del Día,2
2025-01-21T13:10:00,Menu del Día,2
2025-01-21T13:55:00,Menu del Día,3
2025-01-21T13:55:00,Seafood Paella (for 2),1
2025-01-21T14:08:00,Menu del Día,2
2025-01-21T14:12:00,Menu del Día,2
2025-01-21T14:13:00,Menu del Día,1
2025-01-21T14:16:00,Menu del Día,1
2025-01-21T14:24:00,Menu del Día,1
2025-01-21T14:24:00,Seafood Paella (for 2),1
2025-01-21T14:26:00,Menu del Día,1
2025-01-21T14:27:00,Menu del Día,2
2025-01-21T14:28:00,Seafood Paella (for 2),1
2025-01-21T14:35:00,Menu del Día,3
2025-01-21T14:35:00,Seafood Paella (for 2),1
2025-01-21T14:35:00,Menu del Día,2
2025-01-21T14:36:00,Menu del Día,1
2025-01-21T14:36:00,Seafood Paella (for 2),1
2025-01-21T14:42:00,Menu del Día,2
2025-01-21T14:43:00,Menu del Día,1
2025-01-21T14:43:00,Menu del Día,1
2025-01-21T14:43:00,Seafood Paella (for 2),1
2025-01-21T14:48:00,Seafood Paella (for 2),1
2025-01-21T14:48:00,Seafood Paella (for 2),1
2025-01-21T14:48:00,Seafood Paella (for 2),1
2025-01-21T14:56:00,Menu del Día,2
2025-01-21T14:58:00,Menu del Día,1
2025-01-21T15:00:00,Menu del Día,2
2025-01-21T15:02:00,Menu del Día,1
2025-01-21T15:12:00,Menu del Día,4
2025-01-21T15:14:00,Menu del Día,2
2025-01-21T15:14:00,Seafood Paella (for 2),1
2025-01-21T15:14:00,Seafood Paella (for 2),1
2025-01-21T15:19:00,Menu del Día,3
2025-01-21T15:19:00,Menu del Día,2
2025-01-21T15:20:00,Menu del Día,1
2025-01-21T15:20:00,Seafood Paella (for 2),1
2025-01-21T15:23:00,Seafood Paella (for 2),1
2025-01-21T15:23:00,Seafood Paella (for 2),1
2025-01-21T15:24:00,Menu del Día,1
2025-01-21T15:24:00,Seafood Paella (for 2),1
2025-01-21T15:25:00,Menu del Día,1
2025-01-21T15:25:00,Menu del Día,3
2025-01-21T15:25:00,Seafood Paella (for 2),1
2025-01-21T15:26:00,Menu del Día,2
2025-01-21T15:29:00,Menu del Día,2
2025-01-21T15:32:00,Menu del Día,1
2025-01-21T15:32:00,Menu del Día,2
2025-01-21T15:32:00,Menu del Día,2
2025-01-21T15:33:00,Menu del Día,2
2025-01-21T15:33:00,Seafood Paella (for 2),1
2025-01-21T15:39:00,Menu del Día,1
2025-01-21T15:39:00,Seafood Paella (for 2),1
2025-01-21T15:39:00,Menu del Día,1
2025-01-21T15:41:00,Seafood Paella (for 2),1
2025-01-21T15:43:00,Menu del Día,1
2025-01-21T15:44:00,Menu del Día,1
2025-01-21T15:44:00,Seafood Paella (for 2),1
2025-01-21T15:50:00,Seafood Paella (for 2),1
2025-01-21T15:50:00,Seafood Paella (for 2),1
2025-01-21T15:51:00,Menu del Día,2
2025-01-21T15:52:00,Menu del Día,2
2025-01-21T15:57:00,Menu del Día,1
2025-01-21T15:57:00,Seafood Paella (for 2),1
2025-01-21T15:57:00,Seafood Paella (for 2),1
2025-01-21T16:15:00,Menu del Día,1
2025-01-21T16:24:00,Menu del Día,1
2025-01-21T16:24:00,Seafood Paella (for 2),1
2025-01-21T16:26:00,Menu del Día,2
2025-01-21T16:35:00,Menu del Día,2
2025-01-21T16:36:00,Menu del Día,1
2025-01-21T16:36:00,Seafood Paella (for 2),1
2025-01-21T20:02:00,Tortilla Española,1
2025-01-21T20:02:00,Patatas Bravas,1
2025-01-21T20:02:00,Tortilla Española,1
2025-01-21T20:02:00,Tortilla Española,1
2025-01-21T20:02:00,Seafood Paella (for 2),1
2025-01-21T20:02:00,House Red Wine,1
2025-01-21T20:02:00,House Red Wine,1
2025-01-21T20:02:00,Mineral Water,1
2025-01-21T20:24:00,Tortilla Española,1
2025-01-21T20:24:00,Patatas Bravas,1
2025-01-21T20:24:00,Tortilla Española,1
2025-01-21T20:24:00,Seafood Paella (for 2),1
2025-01-21T20:24:00,Mineral Water,1
2025-01-21T20:24:00,Mineral Water,1
2025-01-21T20:26:00,Patatas Bravas,1
2025-01-21T20:26:00,Patatas Bravas,1
2025-01-21T20:26:00,Tortilla Española,1
2025-01-21T20:26:00,Patatas Bravas,1
2025-01-21T20:26:00,Tortilla Española,1
2025-01-21T20:26:00,Patatas Bravas,1
2025-01-21T20:26:00,Mineral Water,1
2025-01-21T20:26:00,House Red Wine,1
2025-01-21T20:26:00,Mineral Water,1
2025-01-21T20:26:00,Mineral Water,1
2025-01-21T20:26:00,Crema Catalana,1
2025-01-21T20:30:00,Patatas Bravas,1
2025-01-21T20:30:00,Patatas Bravas,1
2025-01-21T20:30:00,Tortilla Española,1
2025-01-21T20:30:00,Mineral Water,1
2025-01-21T20:30:00,Mineral Water,1
2025-01-21T20:30:00,Crema Catalana,1
2025-01-21T20:46:00,Tortilla Española,1
2025-01-21T20:46:00,Tortilla Española,1
2025-01-21T20:46:00,Patatas Bravas,1
2025-01-21T20:46:00,Mineral Water,1
2025-01-21T20:46:00,House Red Wine,1
2025-01-21T20:46:00,Crema Catalana,1
2025-01-22T13:10:00,Menu del Día,1
2025-01-22T13:10:00,Seafood Paella (for 2),1
2025-01-22T13:27:00,Menu del Día,1
2025-01-22T13:30:00,Menu del Día,1
2025-01-22T13:30:00,Seafood Paella (for 2),1
2025-01-22T13:36:00,Menu del Día,2
2025-01-22T13:37:00,Menu del Día,1
2025-01-22T13:46:00,Menu del Día,2
2025-01-22T13:58:00,Seafood Paella (for 2),1
2025-01-22T13:58:00,Seafood Paella (for 2),1
2025-01-22T14:02:00,Menu del Día,1
2025-01-22T14:02:00,Menu del Día,1
2025-01-22T14:04:00,Menu del Día,3
2025-01-22T14:07:00,Menu del Día,1
2025-01-22T14:07:00,Seafood Paella (for 2),1
2025-01-22T14:09:00,Menu del Día,2
2025-01-22T14:09:00,Menu del Día,2
2025-01-22T14:15:00,Menu del Día,1
2025-01-22T14:15:00,Menu del Día,1
2025-01-22T14:15:00,Seafood Paella (for 2),1
2025-01-22T14:21:00,Menu del Día,2
2025-01-22T14:29:00,Menu del Día,2
2025-01-22T14:31:00,Menu del Día,2
2025-01-22T14:35:00,Menu del Día,1
2025-01-22T14:40:00,Menu del Día,2
2025-01-22T14:42:00,Menu del Día,1
2025-01-22T14:52:00,Menu del Día,1
2025-01-22T14:52:00,Seafood Paella (for 2),1
2025-01-22T14:57:00,Seafood Paella (for 2),1
2025-01-22T14:58:00,Menu del Día,1
2025-01-22T15:29:00,Menu del Día,4
2025-01-22T15:32:00,Menu del Día,2
2025-01-22T15:32:00,Menu del Día,2
2025-01-22T15:32:00,Seafood Paella (for 2),1
2025-01-22T15:32:00,Seafood Paella (for 2),1
2025-01-22T15:45:00,Menu del Día,3
2025-01-22T15:45:00,Seafood Paella (for 2),1
2025-01-22T16:03:00,Menu del Día,2
2025-01-22T16:03:00,Seafood Paella (for 2),1
2025-01-22T16:06:00,Menu del Día,2
2025-01-22T16:09:00,Menu del Día,1
2025-01-22T16:13:00,Menu del Día,1
2025-01-22T16:13:00,Seafood Paella (for 2),1
2025-01-22T16:18:00,Seafood Paella (for 2),1
2025-01-22T16:35:00,Seafood Paella (for 2),1
2025-01-22T16:35:00,Seafood Paella (for 2),1
2025-01-22T16:36:00,Menu del Día,1
2025-01-22T16:36:00,Seafood Paella (for 2),1
2025-01-22T16:37:00,Menu del Día,2
2025-01-22T16:42:00,Menu del Día,2
2025-01-22T16:42:00,Seafood Paella (for 2),1
2025-01-22T16:51:00,Menu del Día,1
2025-01-22T16:51:00,Seafood Paella (for 2),1
2025-01-22T16:55:00,Menu del Día,3
2025-01-22T20:00:00,Tortilla Española,1
2025-01-22T20:00:00,Patatas Bravas,1
2025-01-22T20:00:00,Patatas Bravas,1
2025-01-22T20:00:00,House Red Wine,1
2025-01-22T20:00:00,House Red Wine,1
2025-01-22T20:02:00,Patatas Bravas,1
2025-01-22T20:02:00,Tortilla Española,1
2025-01-22T20:02:00,Tortilla Española,1
2025-01-22T20:02:00,Seafood Paella (for 2),1
2025-01-22T20:02:00,Mineral Water,1
2025-01-22T20:02:00,Mineral Water,1
2025-01-22T20:13:00,Patatas Bravas,1
2025-01-22T20:13:00,Tortilla Española,1
2025-01-22T20:13:00,Patatas Bravas,1
2025-01-22T20:13:00,House Red Wine,1
2025-01-22T20:13:00,Mineral Water,1
2025-01-22T20:17:00,Patatas Bravas,1
2025-01-22T20:17:00,Tortilla Española,1
2025-01-22T20:17:00,Tortilla Española,1
2025-01-22T20:17:00,Seafood Paella (for 2),1
2025-01-22T20:17:00,Mineral Water,1
2025-01-22T20:17:00,Mineral Water,1
2025-01-22T20:17:00,Crema Catalana,1
2025-01-22T20:18:00,Tortilla Española,1
2025-01-22T20:18:00,Mineral Water,1
2025-01-22T20:19:00,Tortilla Española,1
2025-01-22T20:19:00,Tortilla Española,1
2025-01-22T20:19:00,Tortilla Española,1
2025-01-22T20:19:00,Seafood Paella (for 2),1
2025-01-22T20:19:00,House Red Wine,1
2025-01-22T20:19:00,Mineral Water,1
2025-01-22T20:21:00,Patatas Bravas,1
2025-01-22T20:21:00,Patatas Bravas,1
2025-01-22T20:21:00,Patatas Bravas,1
2025-01-22T20:21:00,Tortilla Española,1
2025-01-22T20:21:00,Tortilla Española,1
2025-01-22T20:21:00,Patatas Bravas,1
2025-01-22T20:21:00,Seafood Paella (for 2),1
2025-01-22T20:21:00,House Red Wine,1
2025-01-22T20:21:00,House Red Wine,1
2025-01-22T20:21:00,House Red Wine,1
2025-01-22T20:21:00,House Red Wine,1
2025-01-22T20:26:00,Patatas Bravas,1
2025-01-22T20:26:00,Tortilla Española,1
2025-01-22T20:26:00,Patatas Bravas,1
2025-01-22T20:26:00,House Red Wine,1
2025-01-22T20:26:00,House Red Wine,1
2025-01-22T20:32:00,Tortilla Española,1
2025-01-22T20:32:00,Tortilla Española,1
2025-01-22T20:32:00,Tortilla Española,1
2025-01-22T20:32:00,House Red Wine,1
2025-01-22T20:32:00,House Red Wine,1
2025-01-22T20:39:00,Tortilla Española,1
2025-01-22T20:39:00,Patatas Bravas,1
2025-01-22T20:39:00,Patatas Bravas,1
2025-01-22T20:39:00,Mineral Water,1
2025-01-22T20:39:00,Mineral Water,1
2025-01-22T20:47:00,Patatas Bravas,1
2025-01-22T20:47:00,Patatas Bravas,1
2025-01-22T20:47:00,Tortilla Española,1
2025-01-22T20:47:00,Seafood Paella (for 2),1
2025-01-22T20:47:00,Mineral Water,1
2025-01-22T20:47:00,Mineral Water,1
2025-01-22T20:47:00,Crema Catalana,1
2025-01-22T20:47:00,Crema Catalana,1
2025-01-22T22:21:00,Tortilla Española,1
2025-01-22T22:21:00,Mineral Water,1
2025-01-23T13:15:00,Menu del Día,1
2025-01-23T13:15:00,Seafood Paella (for 2),1
2025-01-23T13:19:00,Menu del Día,1
2025-01-23T13:19:00,Seafood Paella (for 2),1
2025-01-23T13:25:00,Seafood Paella (for 2),1
2025-01-23T13:40:00,Menu del Día,2
2025-01-23T13:41:00,Menu del Día,1
2025-01-23T13:41:00,Seafood Paella (for 2),1
2025-01-23T13:41:00,Seafood Paella (for 2),1
2025-01-23T13:41:00,Seafood Paella (for 2),1
2025-01-23T13:51:00,Menu del Día,1
2025-01-23T13:54:00,Menu del Día,1
2025-01-23T13:54:00,Seafood Paella (for 2),1
2025-01-23T13:58:00,Menu del Día,1
2025-01-23T14:04:00,Menu del Día,3
2025-01-23T14:04:00,Seafood Paella (for 2),1
2025-01-23T14:06:00,Menu del Día,1
2025-01-23T14:08:00,Menu del Día,1
2025-01-23T14:08:00,Seafood Paella (for 2),1
2025-01-23T14:10:00,Menu del Día,2
2025-01-23T14:11:00,Menu del Día,1
2025-01-23T14:21:00,Menu del Día,1
2025-01-23T14:21:00,Menu del Día,1
2025-01-23T14:25:00,Menu del Día,2
2025-01-23T14:26:00,Menu del Día,1
2025-01-23T14:28:00,Menu del Día,2
2025-01-23T14:29:00,Menu del Día,1
2025-01-23T14:29:00,Seafood Paella (for 2),1
2025-01-23T14:30:00,Seafood Paella (for 2),1
2025-01-23T14:32:00,Menu del Día,1
2025-01-23T14:32:00,Seafood Paella (for 2),1
2025-01-23T14:32:00,Menu del Día,2
2025-01-23T14:32:00,Seafood Paella (for 2),1
2025-01-23T14:32:00,Menu del Día,4
2025-01-23T14:34:00,Menu del Día,1
2025-01-23T14:35:00,Menu del Día,1
2025-01-23T14:35:00,Seafood Paella (for 2),1
2025-01-23T14:37:00,Menu del Día,4
2025-01-23T14:38:00,Menu del Día,2
2025-01-23T14:38:00,Seafood Paella (for 2),1
2025-01-23T14:38:00,Seafood Paella (for 2),1
2025-01-23T14:47:00,Menu del Día,1
2025-01-23T14:48:00,Menu del Día,1
2025-01-23T14:53:00,Menu del Día,1
2025-01-23T14:53:00,Seafood Paella (for 2),1
2025-01-23T14:57:00,Menu del Día,2
2025-01-23T14:57:00,Seafood Paella (for 2),1
2025-01-23T15:04:00,Menu del Día,1
2025-01-23T15:08:00,Menu del Día,2
2025-01-23T15:09:00,Menu del Día,1
2025-01-23T15:10:00,Menu del Día,1
2025-01-23T15:10:00,Seafood Paella (for 2),1
2025-01-23T15:10:00,Menu del Día,2
2025-01-23T15:12:00,Menu del Día,2
2025-01-23T15:14:00,Menu del Día,2
2025-01-23T15:15:00,Menu del Día,1
2025-01-23T15:15:00,Seafood Paella (for 2),1
2025-01-23T15:19:00,Seafood Paella (for 2),1
2025-01-23T15:19:00,Seafood Paella (for 2),1
2025-01-23T15:33:00,Menu del Día,2
2025-01-23T15:35:00,Menu del Día,1
2025-01-23T15:35:00,Seafood Paella (for 2),1
2025-01-23T15:46:00,Seafood Paella (for 2),1
2025-01-23T15:54:00,Menu del Día,1
2025-01-23T15:54:00,Seafood Paella (for 2),1
2025-01-23T16:34:00,Menu del Día,2
2025-01-23T16:54:00,Seafood Paella (for 2),1
2025-01-23T16:55:00,Menu del Día,1
2025-01-23T16:55:00,Seafood Paella (for 2),1
2025-01-23T20:03:00,Patatas Bravas,1
2025-01-23T20:03:00,Patatas Bravas,1
2025-01-23T20:03:00,Patatas Bravas,1
2025-01-23T20:03:00,House Red Wine,1
2025-01-23T20:03:00,House Red Wine,1
2025-01-23T20:03:00,Crema Catalana,1
2025-01-23T20:03:00,Crema Catalana,1
2025-01-23T20:10:00,Tortilla Española,1
2025-01-23T20:10:00,Patatas Bravas,1
2025-01-23T20:10:00,Tortilla Española,1
2025-01-23T20:10:00,Mineral Water,1
2025-01-23T20:10:00,House Red Wine,1
2025-01-23T20:11:00,Tortilla Española,1
2025-01-23T20:11:00,Mineral Water,1
2025-01-23T20:11:00,Crema Catalana,1
2025-01-23T20:13:00,Patatas Bravas,1
2025-01-23T20:13:00,Patatas Bravas,1
2025-01-23T20:13:00,Tortilla Española,1
2025-01-23T20:13:00,Patatas Bravas,1
2025-01-23T20:13:00,House Red Wine,1
2025-01-23T20:13:00,House Red Wine,1
2025-01-23T20:13:00,Mineral Water,1
2025-01-23T20:15:00,Tortilla Española,1
2025-01-23T20:15:00,Patatas Bravas,1
2025-01-23T20:15:00,Tortilla Española,1
2025-01-23T20:15:00,Seafood Paella (for 2),1
2025-01-23T20:15:00,House Red Wine,1
2025-01-23T20:15:00,Mineral Water,1
2025-01-23T20:15:00,Patatas Bravas,1
2025-01-23T20:15:00,Mineral Water,1
2025-01-23T20:15:00,Crema Catalana,1
2025-01-23T20:19:00,Tortilla Española,1
2025-01-23T20:19:00,Tortilla Española,1
2025-01-23T20:19:00,Patatas Bravas,1
2025-01-23T20:19:00,House Red Wine,1
2025-01-23T20:19:00,House Red Wine,1
2025-01-23T20:20:00,Tortilla Española,1
2025-01-23T20:20:00,Tortilla Española,1
2025-01-23T20:20:00,Tortilla Española,1
2025-01-23T20:20:00,Mineral Water,1
2025-01-23T20:20:00,Mineral Water,1
2025-01-23T20:20:00,Crema Catalana,1
2025-01-23T20:20:00,Crema Catalana,1
2025-01-23T20:21:00,Patatas Bravas,1
2025-01-23T20:21:00,Patatas Bravas,1
2025-01-23T20:21:00,Patatas Bravas,1
2025-01-23T20:21:00,Seafood Paella (for 2),1
2025-01-23T20:21:00,House Red Wine,1
2025-01-23T20:21:00,Mineral Water,1
2025-01-23T20:21:00,Crema Catalana,1
2025-01-23T20:21:00,Crema Catalana,1
2025-01-23T20:21:00,Tortilla Española,1
2025-01-23T20:21:00,Tortilla Española,1
2025-01-23T20:21:00,Patatas Bravas,1
2025-01-23T20:21:00,Mineral Water,1
2025-01-23T20:21:00,Mineral Water,1
2025-01-23T20:21:00,Crema Catalana,1
2025-01-23T20:21:00,Crema Catalana,1
2025-01-23T20:24:00,Tortilla Española,1
2025-01-23T20:24:00,House Red Wine,1
2025-01-23T20:24:00,Crema Catalana,1
2025-01-23T20:27:00,Patatas Bravas,1
2025-01-23T20:27:00,Patatas Bravas,1
2025-01-23T20:27:00,Tortilla Española,1
2025-01-23T20:27:00,House Red Wine,1
2025-01-23T20:27:00,House Red Wine,1
2025-01-23T20:29:00,Tortilla Española,1
2025-01-23T20:29:00,Tortilla Española,1
2025-01-23T20:29:00,Tortilla Española,1
2025-01-23T20:29:00,House Red Wine,1
2025-01-23T20:29:00,House Red Wine,1
2025-01-23T20:29:00,Crema Catalana,1
2025-01-23T20:29:00,Patatas Bravas,1
2025-01-23T20:29:00,Seafood Paella (for 2),1
2025-01-23T20:29:00,Mineral Water,1
2025-01-23T20:29:00,Crema Catalana,1
2025-01-23T20:30:00,Patatas Bravas,1
2025-01-23T20:30:00,Tortilla Española,1
2025-01-23T20:30:00,Patatas Bravas,1
2025-01-23T20:30:00,Seafood Paella (for 2),1
2025-01-23T20:30:00,House Red Wine,1
2025-01-23T20:30:00,Mineral Water,1
2025-01-23T20:30:00,Crema Catalana,1
2025-01-23T20:30:00,Crema Catalana,1
2025-01-23T20:38:00,Patatas Bravas,1
2025-01-23T20:38:00,Patatas Bravas,1
2025-01-23T20:38:00,Tortilla Española,1
2025-01-23T20:38:00,Patatas Bravas,1
2025-01-23T20:38:00,Mineral Water,1
2025-01-23T20:38:00,Mineral Water,1
2025-01-23T20:38:00,Mineral Water,1
2025-01-23T20:38:00,Crema Catalana,1
2025-01-23T20:38:00,Crema Catalana,1
2025-01-23T20:46:00,Patatas Bravas,1
2025-01-23T20:46:00,Patatas Bravas,1
2025-01-23T20:46:00,Tortilla Española,1
2025-01-23T20:46:00,Patatas Bravas,1
2025-01-23T20:46:00,House Red Wine,1
2025-01-23T20:46:00,House Red Wine,1
2025-01-23T20:46:00,Mineral Water,1
2025-01-23T20:46:00,Tortilla Española,1
2025-01-23T20:46:00,Tortilla Española,1
2025-01-23T20:46:00,Patatas Bravas,1
2025-01-23T20:46:00,Patatas Bravas,1
2025-01-23T20:46:00,Seafood Paella (for 2),1
2025-01-23T20:46:00,Mineral Water,1
2025-01-23T20:46:00,House Red Wine,1
2025-01-23T20:46:00,House Red Wine,1
2025-01-23T20:46:00,Crema Catalana,1
2025-01-23T20:46:00,Crema Catalana,1
2025-01-23T20:47:00,Tortilla Española,1
2025-01-23T20:47:00,Tortilla Española,1
2025-01-23T20:47:00,Patatas Bravas,1
2025-01-23T20:47:00,Tortilla Española,1
2025-01-23T20:47:00,Tortilla Española,1
2025-01-23T20:47:00,Tortilla Española,1
2025-01-23T20:47:00,Mineral Water,1
2025-01-23T20:47:00,House Red Wine,1
2025-01-23T20:47:00,Mineral Water,1
2025-01-23T20:47:00,Mineral Water,1
2025-01-23T20:48:00,Patatas Bravas,1
2025-01-23T20:48:00,Patatas Bravas,1
2025-01-23T20:48:00,Patatas Bravas,1
2025-01-23T20:48:00,Mineral Water,1
2025-01-23T20:48:00,House Red Wine,1
2025-01-24T13:06:00,Tortilla Española,1
2025-01-24T13:06:00,Tortilla Española,1
2025-01-24T13:06:00,Tortilla Española,1
2025-01-24T13:06:00,House Red Wine,1
2025-01-24T13:06:00,Mineral Water,1
2025-01-24T13:06:00,Crema Catalana,1
2025-01-24T13:06:00,Crema Catalana,1
2025-01-24T13:09:00,Tortilla Española,1
2025-01-24T13:09:00,Patatas Bravas,1
2025-01-24T13:09:00,Patatas Bravas,1
2025-01-24T13:09:00,Patatas Bravas,1
2025-01-24T13:09:00,House Red Wine,1
2025-01-24T13:09:00,House Red Wine,1
2025-01-24T13:09:00,House Red Wine,1
2025-01-24T13:09:00,Crema Catalana,1
2025-01-24T13:09:00,Crema Catalana,1
2025-01-24T13:30:00,Patatas Bravas,1
2025-01-24T13:30:00,Patatas Bravas,1
2025-01-24T13:30:00,Tortilla Española,1
2025-01-24T13:30:00,Mineral Water,1
2025-01-24T13:30:00,Mineral Water,1
2025-01-24T13:30:00,Tortilla Española,1
2025-01-24T13:30:00,Tortilla Española,1
2025-01-24T13:30:00,Tortilla Española,1
2025-01-24T13:30:00,Mineral Water,1
2025-01-24T13:30:00,Mineral Water,1
2025-01-24T13:32:00,Patatas Bravas,1
2025-01-24T13:32:00,Tortilla Española,1
2025-01-24T13:32:00,Patatas Bravas,1
2025-01-24T13:32:00,Tortilla Española,1
2025-01-24T13:32:00,Tortilla Española,1
2025-01-24T13:32:00,Tortilla Española,1
2025-01-24T13:32:00,Seafood Paella (for 2),1
2025-01-24T13:32:00,Mineral Water,1
2025-01-24T13:32:00,Mineral Water,1
2025-01-24T13:32:00,Mineral Water,1
2025-01-24T13:32:00,Mineral Water,1
2025-01-24T13:32:00,Crema Catalana,1
2025-01-24T13:32:00,Crema Catalana,1
2025-01-24T13:36:00,Patatas Bravas,1
2025-01-24T13:36:00,Tortilla Española,1
2025-01-24T13:36:00,Patatas Bravas,1
2025-01-24T13:36:00,House Red Wine,1
2025-01-24T13:36:00,Mineral Water,1
2025-01-24T13:36:00,Crema Catalana,1
2025-01-24T13:36:00,Crema Catalana,1
2025-01-24T13:39:00,Tortilla Española,1
2025-01-24T13:39:00,House Red Wine,1
2025-01-24T13:44:00,Tortilla Española,1
2025-01-24T13:44:00,Mineral Water,1
2025-01-24T13:44:00,Tortilla Española,1
2025-01-24T13:44:00,Tortilla Española,1
2025-01-24T13:44:00,Tortilla Española,1
2025-01-24T13:44:00,Mineral Water,1
2025-01-24T13:44:00,Mineral Water,1
2025-01-24T13:44:00,Crema Catalana,1
2025-01-24T13:56:00,Patatas Bravas,1
2025-01-24T13:56:00,Mineral Water,1
2025-01-24T13:56:00,Crema Catalana,1
2025-01-24T14:02:00,Tortilla Española,1
2025-01-24T14:02:00,Patatas Bravas,1
2025-01-24T14:02:00,Patatas Bravas,1
2025-01-24T14:02:00,Mineral Water,1
2025-01-24T14:02:00,Mineral Water,1
2025-01-24T14:10:00,Tortilla Española,1
2025-01-24T14:10:00,Patatas Bravas,1
2025-01-24T14:10:00,Tortilla Española,1
2025-01-24T14:10:00,Mineral Water,1
2025-01-24T14:10:00,Mineral Water,1
2025-01-24T14:10:00,Crema Catalana,1
2025-01-24T14:15:00,Patatas Bravas,1
2025-01-24T14:15:00,Patatas Bravas,1
2025-01-24T14:15:00,Tortilla Española,1
2025-01-24T14:15:00,Seafood Paella (for 2),1
2025-01-24T14:15:00,Mineral Water,1
2025-01-24T14:15:00,Mineral Water,1
2025-01-24T14:21:00,Tortilla Española,1
2025-01-24T14:21:00,Tortilla Española,1
2025-01-24T14:21:00,Tortilla Española,1
2025-01-24T14:21:00,Mineral Water,1
2025-01-24T14:21:00,House Red Wine,1
2025-01-24T14:21:00,Crema Catalana,1
2025-01-24T14:24:00,Tortilla Española,1
2025-01-24T14:24:00,Patatas Bravas,1
2025-01-24T14:24:00,Tortilla Española,1
2025-01-24T14:24:00,Tortilla Española,1
2025-01-24T14:24:00,Seafood Paella (for 2),1
2025-01-24T14:24:00,House Red Wine,1
2025-01-24T14:24:00,Mineral Water,1
2025-01-24T14:24:00,House Red Wine,1
2025-01-24T14:24:00,Crema Catalana,1
2025-01-24T14:24:00,Crema Catalana,1
2025-01-24T14:24:00,Patatas Bravas,1
2025-01-24T14:24:00,Patatas Bravas,1
2025-01-24T14:24:00,Tortilla Española,1
2025-01-24T14:24:00,Patatas Bravas,1
2025-01-24T14:24:00,Patatas Bravas,1
2025-01-24T14:24:00,Tortilla Española,1
2025-01-24T14:24:00,House Red Wine,1
2025-01-24T14:24:00,House Red Wine,1
2025-01-24T14:24:00,Mineral Water,1
2025-01-24T14:24:00,House Red Wine,1
2025-01-24T14:24:00,Crema Catalana,1
2025-01-24T14:24:00,Crema Catalana,1
2025-01-24T14:36:00,Patatas Bravas,1
2025-01-24T14:36:00,Patatas Bravas,1
2025-01-24T14:36:00,Tortilla Española,1
2025-01-24T14:36:00,Mineral Water,1
2025-01-24T14:36:00,Mineral Water,1
2025-01-24T14:49:00,Tortilla Española,1
2025-01-24T14:49:00,Mineral Water,1
2025-01-24T14:49:00,Crema Catalana,1
2025-01-24T14:51:00,Patatas Bravas,1
2025-01-24T14:51:00,Tortilla Española,1
2025-01-24T14:51:00,Tortilla Española,1
2025-01-24T14:51:00,Tortilla Española,1
2025-01-24T14:51:00,Patatas Bravas,1
2025-01-24T14:51:00,Patatas Bravas,1
2025-01-24T14:51:00,Mineral Water,1
2025-01-24T14:51:00,Mineral Water,1
2025-01-24T14:51:00,House Red Wine,1
2025-01-24T14:51:00,Mineral Water,1
2025-01-24T14:51:00,Crema Catalana,1
2025-01-24T14:51:00,Crema Catalana,1
2025-01-24T14:51:00,Crema Catalana,1
2025-01-24T14:51:00,Crema Catalana,1
2025-01-24T14:57:00,Tortilla Española,1
2025-01-24T14:57:00,Patatas Bravas,1
2025-01-24T14:57:00,Tortilla Española,1
2025-01-24T14:57:00,Patatas Bravas,1
2025-01-24T14:57:00,Tortilla Española,1
2025-01-24T14:57:00,Patatas Bravas,1
2025-01-24T14:57:00,Mineral Water,1
2025-01-24T14:57:00,House Red Wine,1
2025-01-24T14:57:00,House Red Wine,1
2025-01-24T14:57:00,House Red Wine,1
2025-01-24T15:01:00,Tortilla Española,1
2025-01-24T15:01:00,Patatas Bravas,1
2025-01-24T15:01:00,Patatas Bravas,1
2025-01-24T15:01:00,Mineral Water,1
2025-01-24T15:01:00,Mineral Water,1
2025-01-24T15:01:00,Tortilla Española,1
2025-01-24T15:01:00,Tortilla Española,1
2025-01-24T15:01:00,Patatas Bravas,1
2025-01-24T15:01:00,Seafood Paella (for 2),1
2025-01-24T15:01:00,Mineral Water,1
2025-01-24T15:01:00,House Red Wine,1
2025-01-24T15:01:00,Crema Catalana,1
2025-01-24T15:04:00,Tortilla Española,1
2025-01-24T15:04:00,Patatas Bravas,1
2025-01-24T15:04:00,Patatas Bravas,1
2025-01-24T15:04:00,Seafood Paella (for 2),1
2025-01-24T15:04:00,Mineral Water,1
2025-01-24T15:04:00,Mineral Water,1
2025-01-24T15:04:00,Crema Catalana,1
2025-01-24T15:04:00,Crema Catalana,1
2025-01-24T15:07:00,Tortilla Española,1
2025-01-24T15:07:00,Tortilla Española,1
2025-01-24T15:07:00,Tortilla Española,1
2025-01-24T15:07:00,Mineral Water,1
2025-01-24T15:07:00,House Red Wine,1
2025-01-24T15:07:00,Crema Catalana,1
2025-01-24T15:07:00,Patatas Bravas,1
2025-01-24T15:07:00,Tortilla Española,1
2025-01-24T15:07:00,Patatas Bravas,1
2025-01-24T15:07:00,Tortilla Española,1
2025-01-24T15:07:00,Seafood Paella (for 2),1
2025-01-24T15:07:00,House Red Wine,1
2025-01-24T15:07:00,Mineral Water,1
2025-01-24T15:07:00,Mineral Water,1
2025-01-24T15:08:00,Patatas Bravas,1
2025-01-24T15:08:00,Patatas Bravas,1
2025-01-24T15:08:00,Tortilla Española,1
2025-01-24T15:08:00,House Red Wine,1
2025-01-24T15:08:00,Mineral Water,1
2025-01-24T15:08:00,Crema Catalana,1
2025-01-24T15:11:00,Patatas Bravas,1
2025-01-24T15:11:00,Tortilla Española,1
2025-01-24T15:11:00,Tortilla Española,1
2025-01-24T15:11:00,Mineral Water,1
2025-01-24T15:11:00,House Red Wine,1
2025-01-24T15:11:00,Crema Catalana,1
2025-01-24T15:15:00,Patatas Bravas,1
2025-01-24T15:15:00,Patatas Bravas,1
2025-01-24T15:15:00,Patatas Bravas,1
2025-01-24T15:15:00,Mineral Water,1
2025-01-24T15:15:00,Mineral Water,1
2025-01-24T15:15:00,Crema Catalana,1
2025-01-24T15:16:00,Patatas Bravas,1
2025-01-24T15:16:00,Patatas Bravas,1
2025-01-24T15:16:00,Tortilla Española,1
2025-01-24T15:16:00,Seafood Paella (for 2),1
2025-01-24T15:16:00,House Red Wine,1
2025-01-24T15:16:00,Mineral Water,1
2025-01-24T15:16:00,Crema Catalana,1
2025-01-24T15:16:00,Crema Catalana,1
2025-01-24T15:17:00,Tortilla Española,1
2025-01-24T15:17:00,Tortilla Española,1
2025-01-24T15:17:00,Patatas Bravas,1
2025-01-24T15:17:00,House Red Wine,1
2025-01-24T15:17:00,House Red Wine,1
2025-01-24T15:18:00,Patatas Bravas,1
2025-01-24T15:18:00,Patatas Bravas,1
2025-01-24T15:18:00,Tortilla Española,1
2025-01-24T15:18:00,House Red Wine,1
2025-01-24T15:18:00,House Red Wine,1
2025-01-24T15:18:00,Crema Catalana,1
2025-01-24T15:18:00,Crema Catalana,1
2025-01-24T15:20:00,Patatas Bravas,1
2025-01-24T15:20:00,Patatas Bravas,1
2025-01-24T15:20:00,Tortilla Española,1
2025-01-24T15:20:00,House Red Wine,1
2025-01-24T15:20:00,House Red Wine,1
2025-01-24T15:48:00,Tortilla Española,1
2025-01-24T15:48:00,Mineral Water,1
2025-01-24T15:48:00,Crema Catalana,1
2025-01-25T13:03:00,Patatas Bravas,1
2025-01-25T13:03:00,Tortilla Española,1
2025-01-25T13:03:00,Patatas Bravas,1
2025-01-25T13:03:00,House Red Wine,1
2025-01-25T13:03:00,Mineral Water,1
2025-01-25T13:07:00,Patatas Bravas,1
2025-01-25T13:07:00,Patatas Bravas,1
2025-01-25T13:07:00,Tortilla Española,1
2025-01-25T13:07:00,Mineral Water,1
2025-01-25T13:07:00,House Red Wine,1
2025-01-25T13:07:00,Crema Catalana,1
2025-01-25T13:07:00,Crema Catalana,1
2025-01-25T13:09:00,Tortilla Española,1
2025-01-25T13:09:00,Tortilla Española,1
2025-01-25T13:09:00,Tortilla Española,1
2025-01-25T13:09:00,Tortilla Española,1
2025-01-25T13:09:00,Patatas Bravas,1
2025-01-25T13:09:00,Tortilla Española,1
2025-01-25T13:09:00,Mineral Water,1
2025-01-25T13:09:00,Mineral Water,1
2025-01-25T13:09:00,Mineral Water,1
2025-01-25T13:09:00,House Red Wine,1
2025-01-25T13:15:00,Tortilla Española,1
2025-01-25T13:15:00,Tortilla Española,1
2025-01-25T13:15:00,Patatas Bravas,1
2025-01-25T13:15:00,Tortilla Española,1
2025-01-25T13:15:00,Seafood Paella (for 2),1
2025-01-25T13:15:00,House Red Wine,1
2025-01-25T13:15:00,House Red Wine,1
2025-01-25T13:15:00,Mineral Water,1
2025-01-25T13:15:00,Crema Catalana,1
2025-01-25T13:15:00,Crema Catalana,1
2025-01-25T13:15:00,Crema Catalana,1
2025-01-25T13:18:00,Patatas Bravas,1
2025-01-25T13:18:00,Patatas Bravas,1
2025-01-25T13:18:00,Tortilla Española,1
2025-01-25T13:18:00,Tortilla Española,1
2025-01-25T13:18:00,Seafood Paella (for 2),1
2025-01-25T13:18:00,House Red Wine,1
2025-01-25T13:18:00,House Red Wine,1
2025-01-25T13:18:00,House Red Wine,1
2025-01-25T13:18:00,Crema Catalana,1
2025-01-25T13:18:00,Crema Catalana,1
2025-01-25T13:18:00,Patatas Bravas,1
2025-01-25T13:18:00,House Red Wine,1
2025-01-25T13:18:00,Tortilla Española,1
2025-01-25T13:18:00,Patatas Bravas,1
2025-01-25T13:18:00,Tortilla Española,1
2025-01-25T13:18:00,House Red Wine,1
2025-01-25T13:18:00,House Red Wine,1
2025-01-25T13:22:00,Patatas Bravas,1
2025-01-25T13:22:00,Tortilla Española,1
2025-01-25T13:22:00,Patatas Bravas,1
2025-01-25T13:22:00,House Red Wine,1
2025-01-25T13:22:00,Mineral Water,1
2025-01-25T13:22:00,Crema Catalana,1
2025-01-25T13:22:00,Crema Catalana,1
2025-01-25T13:23:00,Tortilla Española,1
2025-01-25T13:23:00,Tortilla Española,1
2025-01-25T13:23:00,Tortilla Española,1
2025-01-25T13:23:00,Tortilla Española,1
2025-01-25T13:23:00,Seafood Paella (for 2),1
2025-01-25T13:23:00,House Red Wine,1
2025-01-25T13:23:00,Mineral Water,1
2025-01-25T13:23:00,House Red Wine,1
2025-01-25T13:23:00,Crema Catalana,1
2025-01-25T13:23:00,Crema Catalana,1
2025-01-25T13:23:00,Crema Catalana,1
2025-01-25T13:28:00,Patatas Bravas,1
2025-01-25T13:28:00,Tortilla Española,1
2025-01-25T13:28:00,Tortilla Española,1
2025-01-25T13:28:00,Seafood Paella (for 2),1
2025-01-25T13:28:00,House Red Wine,1
2025-01-25T13:28:00,Mineral Water,1
2025-01-25T13:28:00,Crema Catalana,1
2025-01-25T13:28:00,Crema Catalana,1
2025-01-25T13:28:00,Patatas Bravas,1
2025-01-25T13:28:00,Patatas Bravas,1
2025-01-25T13:28:00,Patatas Bravas,1
2025-01-25T13:28:00,Mineral Water,1
2025-01-25T13:28:00,Mineral Water,1
2025-01-25T13:32:00,Patatas Bravas,1
2025-01-25T13:32:00,Patatas Bravas,1
2025-01-25T13:32:00,Patatas Bravas,1
2025-01-25T13:32:00,Tortilla Española,1
2025-01-25T13:32:00,House Red Wine,1
2025-01-25T13:32:00,House Red Wine,1
2025-01-25T13:32:00,Mineral Water,1
2025-01-25T13:34:00,Tortilla Española,1
2025-01-25T13:34:00,Patatas Bravas,1
2025-01-25T13:34:00,Tortilla Española,1
2025-01-25T13:34:00,House Red Wine,1
2025-01-25T13:34:00,House Red Wine,1
2025-01-25T13:46:00,Tortilla Española,1
2025-01-25T13:46:00,Patatas Bravas,1
2025-01-25T13:46:00,Patatas Bravas,1
2025-01-25T13:46:00,Patatas Bravas,1
2025-01-25T13:46:00,House Red Wine,1
2025-01-25T13:46:00,Mineral Water,1
2025-01-25T13:46:00,Mineral Water,1
2025-01-25T13:52:00,Patatas Bravas,1
2025-01-25T13:52:00,Tortilla Española,1
2025-01-25T13:52:00,Patatas Bravas,1
2025-01-25T13:52:00,Patatas Bravas,1
2025-01-25T13:52:00,Tortilla Española,1
2025-01-25T13:52:00,Tortilla Española,1
2025-01-25T13:52:00,Seafood Paella (for 2),1
2025-01-25T13:52:00,House Red Wine,1
2025-01-25T13:52:00,Mineral Water,1
2025-01-25T13:52:00,House Red Wine,1
2025-01-25T13:52:00,House Red Wine,1
2025-01-25T13:52:00,Crema Catalana,1
2025-01-25T13:53:00,Patatas Bravas,1
2025-01-25T13:53:00,Patatas Bravas,1
2025-01-25T13:53:00,Tortilla Española,1
2025-01-25T13:53:00,House Red Wine,1
2025-01-25T13:53:00,Mineral Water,1
2025-01-25T13:53:00,Crema Catalana,1
2025-01-25T14:00:00,Patatas Bravas,1
2025-01-25T14:00:00,Tortilla Española,1
2025-01-25T14:00:00,Patatas Bravas,1
2025-01-25T14:00:00,Tortilla Española,1
2025-01-25T14:00:00,Seafood Paella (for 2),1
2025-01-25T14:00:00,House Red Wine,1
2025-01-25T14:00:00,Mineral Water,1
2025-01-25T14:00:00,House Red Wine,1
2025-01-25T14:04:00,Patatas Bravas,1
2025-01-25T14:04:00,Patatas Bravas,1
2025-01-25T14:04:00,Patatas Bravas,1
2025-01-25T14:04:00,Patatas Bravas,1
2025-01-25T14:04:00,Seafood Paella (for 2),1
2025-01-25T14:04:00,Mineral Water,1
2025-01-25T14:04:00,House Red Wine,1
2025-01-25T14:04:00,Mineral Water,1
2025-01-25T14:04:00,Patatas Bravas,1
2025-01-25T14:04:00,Tortilla Española,1
2025-01-25T14:04:00,Tortilla Española,1
2025-01-25T14:04:00,Patatas Bravas,1
2025-01-25T14:04:00,House Red Wine,1
2025-01-25T14:04:00,House Red Wine,1
2025-01-25T14:04:00,Mineral Water,1
2025-01-25T14:05:00,Patatas Bravas,1
2025-01-25T14:05:00,Tortilla Española,1
2025-01-25T14:05:00,Patatas Bravas,1
2025-01-25T14:05:00,Mineral Water,1
2025-01-25T14:05:00,House Red Wine,1
2025-01-25T14:06:00,Tortilla Española,1
2025-01-25T14:06:00,House Red Wine,1
2025-01-25T14:06:00,Crema Catalana,1
2025-01-25T14:09:00,Patatas Bravas,1
2025-01-25T14:09:00,Tortilla Española,1
2025-01-25T14:09:00,Patatas Bravas,1
2025-01-25T14:09:00,Seafood Paella (for 2),1
2025-01-25T14:09:00,House Red Wine,1
2025-01-25T14:09:00,House Red Wine,1
2025-01-25T14:09:00,Crema Catalana,1
2025-01-25T14:09:00,Crema Catalana,1
2025-01-25T14:10:00,Patatas Bravas,1
2025-01-25T14:10:00,Patatas Bravas,1
2025-01-25T14:10:00,Patatas Bravas,1
2025-01-25T14:10:00,House Red Wine,1
2025-01-25T14:10:00,House Red Wine,1
2025-01-25T14:11:00,Tortilla Española,1
2025-01-25T14:11:00,Patatas Bravas,1
2025-01-25T14:11:00,Patatas Bravas,1
2025-01-25T14:11:00,House Red Wine,1
2025-01-25T14:11:00,House Red Wine,1
2025-01-25T14:17:00,Patatas Bravas,1
2025-01-25T14:17:00,Tortilla Española,1
2025-01-25T14:17:00,Patatas Bravas,1
2025-01-25T14:17:00,Tortilla Española,1
2025-01-25T14:17:00,Seafood Paella (for 2),1
2025-01-25T14:17:00,House Red Wine,1
2025-01-25T14:17:00,Mineral Water,1
2025-01-25T14:17:00,Mineral Water,1
2025-01-25T14:17:00,Patatas Bravas,1
2025-01-25T14:17:00,Seafood Paella (for 2),1
2025-01-25T14:17:00,House Red Wine,1
2025-01-25T14:17:00,Crema Catalana,1
2025-01-25T14:19:00,Patatas Bravas,1
2025-01-25T14:19:00,Tortilla Española,1
2025-01-25T14:19:00,Tortilla Española,1
2025-01-25T14:19:00,Tortilla Española,1
2025-01-25T14:19:00,Mineral Water,1
2025-01-25T14:19:00,House Red Wine,1
2025-01-25T14:19:00,Mineral Water,1
2025-01-25T14:24:00,Patatas Bravas,1
2025-01-25T14:24:00,Patatas Bravas,1
2025-01-25T14:24:00,Tortilla Española,1
2025-01-25T14:24:00,Patatas Bravas,1
2025-01-25T14:24:00,Tortilla Española,1
2025-01-25T14:24:00,Patatas Bravas,1
2025-01-25T14:24:00,Mineral Water,1
2025-01-25T14:24:00,Mineral Water,1
2025-01-25T14:24:00,Mineral Water,1
2025-01-25T14:24:00,Mineral Water,1
2025-01-25T14:24:00,Crema Catalana,1
2025-01-25T14:24:00,Crema Catalana,1
2025-01-25T14:24:00,Crema Catalana,1
2025-01-25T14:35:00,Patatas Bravas,1
2025-01-25T14:35:00,Tortilla Española,1
2025-01-25T14:35:00,Patatas Bravas,1
2025-01-25T14:35:00,House Red Wine,1
2025-01-25T14:35:00,Mineral Water,1
2025-01-25T14:35:00,Crema Catalana,1
2025-01-25T14:41:00,Patatas Bravas,1
2025-01-25T14:41:00,Patatas Bravas,1
2025-01-25T14:41:00,Patatas Bravas,1
2025-01-25T14:41:00,Mineral Water,1
2025-01-25T14:41:00,House Red Wine,1
2025-01-25T14:53:00,Patatas Bravas,1
2025-01-25T14:53:00,House Red Wine,1
2025-01-25T14:53:00,Crema Catalana,1
2025-01-25T15:28:00,Patatas Bravas,1
2025-01-25T15:28:00,Mineral Water,1
2025-01-25T15:28:00,Crema Catalana,1
2025-01-26T13:01:00,Patatas Bravas,1
2025-01-26T13:01:00,Tortilla Española,1
2025-01-26T13:01:00,Patatas Bravas,1
2025-01-26T13:01:00,Mineral Water,1
2025-01-26T13:01:00,Mineral Water,1
2025-01-26T13:01:00,Tortilla Española,1
2025-01-26T13:01:00,Tortilla Española,1
2025-01-26T13:01:00,Tortilla Española,1
2025-01-26T13:01:00,Seafood Paella (for 2),1
2025-01-26T13:01:00,House Red Wine,1
2025-01-26T13:01:00,House Red Wine,1
2025-01-26T13:09:00,Patatas Bravas,1
2025-01-26T13:09:00,Tortilla Española,1
2025-01-26T13:09:00,Tortilla Española,1
2025-01-26T13:09:00,Mineral Water,1
2025-01-26T13:09:00,House Red Wine,1
2025-01-26T13:10:00,Patatas Bravas,1
2025-01-26T13:10:00,Tortilla Española,1
2025-01-26T13:10:00,Tortilla Española,1
2025-01-26T13:10:00,Seafood Paella (for 2),1
2025-01-26T13:10:00,House Red Wine,1
2025-01-26T13:10:00,Mineral Water,1
2025-01-26T13:10:00,Tortilla Española,1
2025-01-26T13:10:00,Tortilla Española,1
2025-01-26T13:10:00,Patatas Bravas,1
2025-01-26T13:10:00,Tortilla Española,1
2025-01-26T13:10:00,Seafood Paella (for 2),1
2025-01-26T13:10:00,Mineral Water,1
2025-01-26T13:10:00,House Red Wine,1
2025-01-26T13:10:00,House Red Wine,1
2025-01-26T13:10:00,Crema Catalana,1
2025-01-26T13:10:00,Crema Catalana,1
2025-01-26T13:18:00,Patatas Bravas,1
2025-01-26T13:18:00,Tortilla Española,1
2025-01-26T13:18:00,Tortilla Española,1
2025-01-26T13:18:00,House Red Wine,1
2025-01-26T13:18:00,Mineral Water,1
2025-01-26T13:19:00,Tortilla Española,1
2025-01-26T13:19:00,Tortilla Española,1
2025-01-26T13:19:00,Patatas Bravas,1
2025-01-26T13:19:00,House Red Wine,1
2025-01-26T13:19:00,Mineral Water,1
2025-01-26T13:19:00,Patatas Bravas,1
2025-01-26T13:19:00,Mineral Water,1
2025-01-26T13:19:00,Crema Catalana,1
2025-01-26T13:19:00,Patatas Bravas,1
2025-01-26T13:19:00,Tortilla Española,1
2025-01-26T13:19:00,Patatas Bravas,1
2025-01-26T13:19:00,Mineral Water,1
2025-01-26T13:19:00,House Red Wine,1
2025-01-26T13:19:00,Crema Catalana,1
2025-01-26T13:21:00,Patatas Bravas,1
2025-01-26T13:21:00,Tortilla Española,1
2025-01-26T13:21:00,Tortilla Española,1
2025-01-26T13:21:00,Seafood Paella (for 2),1
2025-01-26T13:21:00,Mineral Water,1
2025-01-26T13:21:00,Mineral Water,1
2025-01-26T13:26:00,Tortilla Española,1
2025-01-26T13:26:00,Tortilla Española,1
2025-01-26T13:26:00,Patatas Bravas,1
2025-01-26T13:26:00,Mineral Water,1
2025-01-26T13:26:00,Mineral Water,1
2025-01-26T13:26:00,Crema Catalana,1
2025-01-26T13:28:00,Tortilla Española,1
2025-01-26T13:28:00,House Red Wine,1
2025-01-26T13:28:00,Crema Catalana,1
2025-01-26T13:30:00,Patatas Bravas,1
2025-01-26T13:30:00,Patatas Bravas,1
2025-01-26T13:30:00,Patatas Bravas,1
2025-01-26T13:30:00,Tortilla Española,1
2025-01-26T13:30:00,Tortilla Española,1
2025-01-26T13:30:00,Patatas Bravas,1
2025-01-26T13:30:00,House Red Wine,1
2025-01-26T13:30:00,Mineral Water,1
2025-01-26T13:30:00,House Red Wine,1
2025-01-26T13:30:00,House Red Wine,1
2025-01-26T13:30:00,Patatas Bravas,1
2025-01-26T13:30:00,Tortilla Española,1
2025-01-26T13:30:00,Tortilla Española,1
2025-01-26T13:30:00,Mineral Water,1
2025-01-26T13:30:00,House Red Wine,1
2025-01-26T13:31:00,Patatas Bravas,1
2025-01-26T13:31:00,Tortilla Española,1
2025-01-26T13:31:00,Patatas Bravas,1
2025-01-26T13:31:00,Patatas Bravas,1
2025-01-26T13:31:00,Seafood Paella (for 2),1
2025-01-26T13:31:00,House Red Wine,1
2025-01-26T13:31:00,House Red Wine,1
2025-01-26T13:31:00,Mineral Water,1
2025-01-26T13:33:00,Patatas Bravas,1
2025-01-26T13:33:00,Tortilla Española,1
2025-01-26T13:33:00,Patatas Bravas,1
2025-01-26T13:33:00,Patatas Bravas,1
2025-01-26T13:33:00,Mineral Water,1
2025-01-26T13:33:00,House Red Wine,1
2025-01-26T13:33:00,House Red Wine,1
2025-01-26T13:33:00,Crema Catalana,1
2025-01-26T13:33:00,Patatas Bravas,1
2025-01-26T13:33:00,Patatas Bravas,1
2025-01-26T13:33:00,Patatas Bravas,1
2025-01-26T13:33:00,Patatas Bravas,1
2025-01-26T13:33:00,Mineral Water,1
2025-01-26T13:33:00,House Red Wine,1
2025-01-26T13:33:00,Mineral Water,1
2025-01-26T13:33:00,Patatas Bravas,1
2025-01-26T13:33:00,Patatas Bravas,1
2025-01-26T13:33:00,Patatas Bravas,1
2025-01-26T13:33:00,Tortilla Española,1
2025-01-26T13:33:00,Seafood Paella (for 2),1
2025-01-26T13:33:00,Mineral Water,1
2025-01-26T13:33:00,Mineral Water,1
2025-01-26T13:33:00,Mineral Water,1
2025-01-26T13:33:00,Patatas Bravas,1
2025-01-26T13:33:00,Tortilla Española,1
2025-01-26T13:33:00,Patatas Bravas,1
2025-01-26T13:33:00,House Red Wine,1
2025-01-26T13:33:00,House Red Wine,1
2025-01-26T13:33:00,Crema Catalana,1
2025-01-26T13:33:00,Crema Catalana,1
2025-01-26T13:34:00,Patatas Bravas,1
2025-01-26T13:34:00,Patatas Bravas,1
2025-01-26T13:34:00,Tortilla Española,1
2025-01-26T13:34:00,Mineral Water,1
2025-01-26T13:34:00,House Red Wine,1
2025-01-26T13:34:00,Crema Catalana,1
2025-01-26T13:36:00,Tortilla Española,1
2025-01-26T13:36:00,Patatas Bravas,1
2025-01-26T13:36:00,Tortilla Española,1
2025-01-26T13:36:00,Tortilla Española,1
2025-01-26T13:36:00,Patatas Bravas,1
2025-01-26T13:36:00,Patatas Bravas,1
2025-01-26T13:36:00,Seafood Paella (for 2),1
2025-01-26T13:36:00,House Red Wine,1
2025-01-26T13:36:00,Mineral Water,1
2025-01-26T13:36:00,House Red Wine,1
2025-01-26T13:36:00,Mineral Water,1
2025-01-26T13:46:00,Tortilla Española,1
2025-01-26T13:46:00,Patatas Bravas,1
2025-01-26T13:46:00,Tortilla Española,1
2025-01-26T13:46:00,Seafood Paella (for 2),1
2025-01-26T13:46:00,House Red Wine,1
2025-01-26T13:46:00,House Red Wine,1
2025-01-26T13:46:00,Patatas Bravas,1
2025-01-26T13:46:00,Tortilla Española,1
2025-01-26T13:46:00,Patatas Bravas,1
2025-01-26T13:46:00,Mineral Water,1
2025-01-26T13:46:00,Mineral Water,1
2025-01-26T13:46:00,Crema Catalana,1
2025-01-26T13:46:00,Crema Catalana,1
2025-01-26T13:47:00,Tortilla Española,1
2025-01-26T13:47:00,Tortilla Española,1
2025-01-26T13:47:00,Tortilla Española,1
2025-01-26T13:47:00,House Red Wine,1
2025-01-26T13:47:00,Mineral Water,1
2025-01-26T13:47:00,Crema Catalana,1
2025-01-26T13:47:00,Crema Catalana,1
2025-01-26T13:48:00,Tortilla Española,1
2025-01-26T13:48:00,Tortilla Española,1
2025-01-26T13:48:00,Tortilla Española,1
2025-01-26T13:48:00,Patatas Bravas,1
2025-01-26T13:48:00,Seafood Paella (for 2),1
2025-01-26T13:48:00,Mineral Water,1
2025-01-26T13:48:00,House Red Wine,1
2025-01-26T13:48:00,Mineral Water,1
2025-01-26T13:49:00,Tortilla Española,1
2025-01-26T13:49:00,Patatas Bravas,1
2025-01-26T13:49:00,Patatas Bravas,1
2025-01-26T13:49:00,Mineral Water,1
2025-01-26T13:49:00,House Red Wine,1
2025-01-26T13:53:00,Patatas Bravas,1
2025-01-26T13:53:00,Patatas Bravas,1
2025-01-26T13:53:00,Tortilla Española,1
2025-01-26T13:53:00,Patatas Bravas,1
2025-01-26T13:53:00,Patatas Bravas,1
2025-01-26T13:53:00,Patatas Bravas,1
2025-01-26T13:53:00,Mineral Water,1
2025-01-26T13:53:00,Mineral Water,1
2025-01-26T13:53:00,House Red Wine,1
2025-01-26T13:53:00,Mineral Water,1
2025-01-26T13:53:00,Crema Catalana,1
2025-01-26T13:53:00,Patatas Bravas,1
2025-01-26T13:53:00,Patatas Bravas,1
2025-01-26T13:53:00,Tortilla Española,1
2025-01-26T13:53:00,Mineral Water,1
2025-01-26T13:53:00,Mineral Water,1
2025-01-26T13:54:00,Patatas Bravas,1
2025-01-26T13:54:00,Tortilla Española,1
2025-01-26T13:54:00,Patatas Bravas,1
2025-01-26T13:54:00,House Red Wine,1
2025-01-26T13:54:00,Mineral Water,1
2025-01-26T13:54:00,Crema Catalana,1
2025-01-26T13:55:00,Patatas Bravas,1
2025-01-26T13:55:00,Tortilla Española,1
2025-01-26T13:55:00,Patatas Bravas,1
2025-01-26T13:55:00,Patatas Bravas,1
2025-01-26T13:55:00,Mineral Water,1
2025-01-26T13:55:00,Mineral Water,1
2025-01-26T13:55:00,House Red Wine,1
2025-01-26T13:57:00,Patatas Bravas,1
2025-01-26T13:57:00,Tortilla Española,1
2025-01-26T13:57:00,Tortilla Española,1
2025-01-26T13:57:00,House Red Wine,1
2025-01-26T13:57:00,Mineral Water,1
2025-01-26T13:57:00,Crema Catalana,1
2025-01-26T14:00:00,Tortilla Española,1
2025-01-26T14:00:00,Patatas Bravas,1
2025-01-26T14:00:00,Patatas Bravas,1
2025-01-26T14:00:00,House Red Wine,1
2025-01-26T14:00:00,House Red Wine,1
2025-01-26T14:08:00,Tortilla Española,1
2025-01-26T14:08:00,Tortilla Española,1
2025-01-26T14:08:00,Patatas Bravas,1
2025-01-26T14:08:00,Seafood Paella (for 2),1
2025-01-26T14:08:00,House Red Wine,1
2025-01-26T14:08:00,House Red Wine,1
2025-01-27T13:01:00,Menu del Día,1
2025-01-27T13:16:00,Menu del Día,1
2025-01-27T13:16:00,Seafood Paella (for 2),1
2025-01-27T13:34:00,Menu del Día,1
2025-01-27T13:34:00,Seafood Paella (for 2),1
2025-01-27T13:39:00,Menu del Día,1
2025-01-27T13:39:00,Seafood Paella (for 2),1
2025-01-27T13:39:00,Seafood Paella (for 2),1
2025-01-27T13:43:00,Seafood Paella (for 2),1
2025-01-27T13:43:00,Seafood Paella (for 2),1
2025-01-27T14:02:00,Menu del Día,2
2025-01-27T14:06:00,Menu del Día,1
2025-01-27T14:06:00,Seafood Paella (for 2),1
2025-01-27T14:06:00,Seafood Paella (for 2),1
2025-01-27T14:06:00,Seafood Paella (for 2),1
2025-01-27T14:07:00,Menu del Día,1
2025-01-27T14:07:00,Seafood Paella (for 2),1
2025-01-27T14:08:00,Menu del Día,1
2025-01-27T14:08:00,Seafood Paella (for 2),1
2025-01-27T14:24:00,Menu del Día,1
2025-01-27T14:24:00,Seafood Paella (for 2),1
2025-01-27T14:32:00,Seafood Paella (for 2),1
2025-01-27T14:36:00,Menu del Día,1
2025-01-27T14:40:00,Menu del Día,2
2025-01-27T14:48:00,Menu del Día,1
2025-01-27T14:50:00,Menu del Día,1
2025-01-27T14:52:00,Menu del Día,3
2025-01-27T14:52:00,Seafood Paella (for 2),1
2025-01-27T14:54:00,Menu del Día,1
2025-01-27T15:00:00,Menu del Día,2
2025-01-27T15:09:00,Menu del Día,3
2025-01-27T15:09:00,Seafood Paella (for 2),1
2025-01-27T15:13:00,Menu del Día,3
2025-01-27T15:13:00,Seafood Paella (for 2),1
2025-01-27T15:14:00,Menu del Día,1
2025-01-27T15:16:00,Menu del Día,1
2025-01-27T15:23:00,Seafood Paella (for 2),1
2025-01-27T15:23:00,Seafood Paella (for 2),1
2025-01-27T15:27:00,Menu del Día,1
2025-01-27T15:29:00,Menu del Día,2
2025-01-27T15:29:00,Seafood Paella (for 2),1
2025-01-27T15:29:00,Seafood Paella (for 2),1
2025-01-27T15:39:00,Seafood Paella (for 2),1
2025-01-27T15:46:00,Menu del Día,1
2025-01-27T15:46:00,Seafood Paella (for 2),1
2025-01-27T15:52:00,Menu del Día,1
2025-01-27T15:52:00,Menu del Día,1
2025-01-27T15:52:00,Seafood Paella (for 2),1
2025-01-27T15:55:00,Seafood Paella (for 2),1
2025-01-27T16:00:00,Seafood Paella (for 2),1
2025-01-27T16:00:00,Seafood Paella (for 2),1
2025-01-27T16:07:00,Menu del Día,1
2025-01-27T16:20:00,Menu del Día,1
2025-01-27T16:20:00,Seafood Paella (for 2),1
2025-01-27T16:35:00,Seafood Paella (for 2),1
2025-01-27T16:43:00,Seafood Paella (for 2),1
2025-01-27T16:43:00,Seafood Paella (for 2),1
2025-01-27T16:46:00,Menu del Día,2
2025-01-27T16:46:00,Seafood Paella (for 2),1
2025-01-27T16:50:00,Menu del Día,2
2025-01-27T16:50:00,Seafood Paella (for 2),1
2025-01-27T16:59:00,Menu del Día,1
2025-01-27T20:04:00,Patatas Bravas,1
2025-01-27T20:04:00,Patatas Bravas,1
2025-01-27T20:04:00,Tortilla Española,1
2025-01-27T20:04:00,Seafood Paella (for 2),1
2025-01-27T20:04:00,House Red Wine,1
2025-01-27T20:04:00,House Red Wine,1
2025-01-27T20:04:00,Crema Catalana,1
2025-01-27T20:04:00,Crema Catalana,1
2025-01-27T20:05:00,Tortilla Española,1
2025-01-27T20:05:00,Patatas Bravas,1
2025-01-27T20:05:00,Tortilla Española,1
2025-01-27T20:05:00,Seafood Paella (for 2),1
2025-01-27T20:05:00,House Red Wine,1
2025-01-27T20:05:00,House Red Wine,1
2025-01-27T20:30:00,Tortilla Española,1
2025-01-27T20:30:00,Patatas Bravas,1
2025-01-27T20:30:00,Patatas Bravas,1
2025-01-27T20:30:00,Mineral Water,1
2025-01-27T20:30:00,Mineral Water,1
2025-01-27T20:30:00,Crema Catalana,1
2025-01-27T20:32:00,Tortilla Española,1
2025-01-27T20:32:00,Tortilla Española,1
2025-01-27T20:32:00,Tortilla Española,1
2025-01-27T20:32:00,Seafood Paella (for 2),1
2025-01-27T20:32:00,House Red Wine,1
2025-01-27T20:32:00,Mineral Water,1
2025-01-27T20:32:00,Crema Catalana,1
2025-01-27T20:40:00,Patatas Bravas,1
2025-01-27T20:40:00,Tortilla Española,1
2025-01-27T20:40:00,Tortilla Española,1
2025-01-27T20:40:00,Patatas Bravas,1
2025-01-27T20:40:00,Tortilla Española,1
2025-01-27T20:40:00,Tortilla Española,1
2025-01-27T20:40:00,Seafood Paella (for 2),1
2025-01-27T20:40:00,Mineral Water,1
2025-01-27T20:40:00,House Red Wine,1
2025-01-27T20:40:00,House Red Wine,1
2025-01-27T20:40:00,Mineral Water,1
2025-01-27T20:40:00,Crema Catalana,1
2025-01-27T20:53:00,Patatas Bravas,1
2025-01-27T20:53:00,Patatas Bravas,1
2025-01-27T20:53:00,Patatas Bravas,1
2025-01-27T20:53:00,Tortilla Española,1
2025-01-27T20:53:00,Patatas Bravas,1
2025-01-27T20:53:00,Tortilla Española,1
2025-01-27T20:53:00,Seafood Paella (for 2),1
2025-01-27T20:53:00,House Red Wine,1
2025-01-27T20:53:00,House Red Wine,1
2025-01-27T20:53:00,Mineral Water,1
2025-01-27T20:53:00,House Red Wine,1
2025-01-27T20:53:00,Crema Catalana,1
2025-01-27T20:53:00,Crema Catalana,1
2025-01-27T20:53:00,Crema Catalana,1
2025-01-27T20:53:00,Crema Catalana,1
2025-01-27T20:57:00,Patatas Bravas,1
2025-01-27T20:57:00,Patatas Bravas,1
2025-01-27T20:57:00,Tortilla Española,1
2025-01-27T20:57:00,Patatas Bravas,1
2025-01-27T20:57:00,Patatas Bravas,1
2025-01-27T20:57:00,Tortilla Española,1
2025-01-27T20:57:00,Mineral Water,1
2025-01-27T20:57:00,Mineral Water,1
2025-01-27T20:57:00,House Red Wine,1
2025-01-27T20:57:00,Mineral Water,1
2025-01-27T20:57:00,Crema Catalana,1
2025-01-27T21:03:00,Tortilla Española,1
2025-01-27T21:03:00,Patatas Bravas,1
2025-01-27T21:03:00,Patatas Bravas,1
2025-01-27T21:03:00,House Red Wine,1
2025-01-27T21:03:00,Mineral Water,1
2025-01-28T13:02:00,Menu del Día,1
2025-01-28T13:02:00,Seafood Paella (for 2),1
2025-01-28T13:17:00,Menu del Día,1
2025-01-28T13:17:00,Seafood Paella (for 2),1
2025-01-28T13:36:00,Menu del Día,1
2025-01-28T13:37:00,Menu del Día,1
2025-01-28T13:38:00,Menu del Día,1
2025-01-28T13:38:00,Seafood Paella (for 2),1
2025-01-28T13:42:00,Menu del Día,3
2025-01-28T13:42:00,Seafood Paella (for 2),1
2025-01-28T13:55:00,Menu del Día,2
2025-01-28T13:55:00,Seafood Paella (for 2),1
2025-01-28T13:55:00,Seafood Paella (for 2),1
2025-01-28T13:56:00,Menu del Día,3
2025-01-28T13:57:00,Menu del Día,1
2025-01-28T13:57:00,Seafood Paella (for 2),1
2025-01-28T13:59:00,Menu del Día,1
2025-01-28T13:59:00,Seafood Paella (for 2),1
2025-01-28T14:02:00,Menu del Día,1
2025-01-28T14:10:00,Seafood Paella (for 2),1
2025-01-28T14:10:00,Seafood Paella (for 2),1
2025-01-28T14:14:00,Menu del Día,4
2025-01-28T14:19:00,Menu del Día,2
2025-01-28T14:37:00,Menu del Día,2
2025-01-28T14:37:00,Menu del Día,3
2025-01-28T14:37:00,Seafood Paella (for 2),1
2025-01-28T14:45:00,Menu del Día,1
2025-01-28T14:48:00,Seafood Paella (for 2),1
2025-01-28T14:48:00,Seafood Paella (for 2),1
2025-01-28T14:54:00,Menu del Día,1
2025-01-28T14:54:00,Seafood Paella (for 2),1
2025-01-28T14:55:00,Menu del Día,1
2025-01-28T14:55:00,Seafood Paella (for 2),1
2025-01-28T14:58:00,Menu del Día,2
2025-01-28T15:05:00,Menu del Día,1
2025-01-28T15:05:00,Seafood Paella (for 2),1
2025-01-28T15:09:00,Seafood Paella (for 2),1
2025-01-28T15:11:00,Menu del Día,4
2025-01-28T15:12:00,Menu del Día,1
2025-01-28T15:14:00,Menu del Día,1
2025-01-28T15:14:00,Seafood Paella (for 2),1
2025-01-28T15:14:00,Menu del Día,1
2025-01-28T15:14:00,Seafood Paella (for 2),1
2025-01-28T15:15:00,Menu del Día,1
2025-01-28T15:15:00,Seafood Paella (for 2),1
2025-01-28T15:21:00,Menu del Día,1
2025-01-28T15:21:00,Menu del Día,1
2025-01-28T15:21:00,Seafood Paella (for 2),1
2025-01-28T15:28:00,Menu del Día,2
2025-01-28T15:42:00,Menu del Día,1
2025-01-28T16:03:00,Menu del Día,2
2025-01-28T16:04:00,Menu del Día,2
2025-01-28T16:12:00,Seafood Paella (for 2),1
2025-01-28T16:49:00,Menu del Día,2
2025-01-28T16:53:00,Menu del Día,1
2025-01-28T16:53:00,Seafood Paella (for 2),1
2025-01-28T16:55:00,Menu del Día,3
2025-01-28T16:55:00,Seafood Paella (for 2),1
2025-01-28T20:10:00,Patatas Bravas,1
2025-01-28T20:10:00,Patatas Bravas,1
2025-01-28T20:10:00,Patatas Bravas,1
2025-01-28T20:10:00,Mineral Water,1
2025-01-28T20:10:00,House Red Wine,1
2025-01-28T20:14:00,Tortilla Española,1
2025-01-28T20:14:00,Tortilla Española,1
2025-01-28T20:14:00,Patatas Bravas,1
2025-01-28T20:14:00,House Red Wine,1
2025-01-28T20:14:00,House Red Wine,1
2025-01-28T20:14:00,Crema Catalana,1
2025-01-28T20:14:00,Crema Catalana,1
2025-01-28T20:20:00,Patatas Bravas,1
2025-01-28T20:20:00,House Red Wine,1
2025-01-28T20:20:00,Crema Catalana,1
2025-01-28T20:25:00,Patatas Bravas,1
2025-01-28T20:25:00,House Red Wine,1
2025-01-28T20:25:00,Crema Catalana,1
2025-01-28T20:37:00,Tortilla Española,1
2025-01-28T20:37:00,Patatas Bravas,1
2025-01-28T20:37:00,Patatas Bravas,1
2025-01-28T20:37:00,Mineral Water,1
2025-01-28T20:37:00,Mineral Water,1
2025-01-28T20:37:00,Crema Catalana,1
2025-01-28T20:58:00,Tortilla Española,1
2025-01-28T20:58:00,Seafood Paella (for 2),1
2025-01-28T20:58:00,House Red Wine,1
2025-01-28T20:58:00,Tortilla Española,1
2025-01-28T20:58:00,Patatas Bravas,1
2025-01-28T20:58:00,Patatas Bravas,1
2025-01-28T20:58:00,Mineral Water,1
2025-01-28T20:58:00,Mineral Water,1
2025-01-28T20:58:00,Crema Catalana,1
2025-01-28T21:01:00,Patatas Bravas,1
2025-01-28T21:01:00,Tortilla Española,1
2025-01-28T21:01:00,Patatas Bravas,1
2025-01-28T21:01:00,Mineral Water,1
2025-01-28T21:01:00,Mineral Water,1
2025-01-28T21:02:00,Patatas Bravas,1
2025-01-28T21:02:00,Tortilla Española,1
2025-01-28T21:02:00,Tortilla Española,1
2025-01-28T21:02:00,Patatas Bravas,1
2025-01-28T21:02:00,Mineral Water,1
2025-01-28T21:02:00,Mineral Water,1
2025-01-28T21:02:00,Mineral Water,1
2025-01-28T21:03:00,Tortilla Española,1
2025-01-28T21:03:00,Tortilla Española,1
2025-01-28T21:03:00,Tortilla Española,1
2025-01-28T21:03:00,Patatas Bravas,1
2025-01-28T21:03:00,Patatas Bravas,1
2025-01-28T21:03:00,Tortilla Española,1
2025-01-28T21:03:00,Seafood Paella (for 2),1
2025-01-28T21:03:00,House Red Wine,1
2025-01-28T21:03:00,House Red Wine,1
2025-01-28T21:03:00,House Red Wine,1
2025-01-28T21:03:00,House Red Wine,1
2025-01-28T21:03:00,Tortilla Española,1
2025-01-28T21:03:00,Mineral Water,1
2025-01-28T21:04:00,Tortilla Española,1
2025-01-28T21:04:00,Patatas Bravas,1
2025-01-28T21:04:00,Patatas Bravas,1
2025-01-28T21:04:00,Mineral Water,1
2025-01-28T21:04:00,Mineral Water,1
2025-01-29T13:15:00,Menu del Día,3
2025-01-29T13:19:00,Menu del Día,2
2025-01-29T13:23:00,Menu del Día,3
2025-01-29T13:27:00,Menu del Día,1
2025-01-29T13:27:00,Seafood Paella (for 2),1
2025-01-29T13:29:00,Seafood Paella (for 2),1
2025-01-29T13:29:00,Seafood Paella (for 2),1
2025-01-29T13:39:00,Seafood Paella (for 2),1
2025-01-29T13:54:00,Menu del Día,2
2025-01-29T13:54:00,Menu del Día,2
2025-01-29T13:59:00,Menu del Día,2
2025-01-29T14:02:00,Menu del Día,2
2025-01-29T14:03:00,Menu del Día,2
2025-01-29T14:04:00,Seafood Paella (for 2),1
2025-01-29T14:04:00,Menu del Día,3
2025-01-29T14:04:00,Seafood Paella (for 2),1
2025-01-29T14:09:00,Menu del Día,1
2025-01-29T14:10:00,Menu del Día,1
2025-01-29T14:10:00,Seafood Paella (for 2),1
2025-01-29T14:12:00,Menu del Día,1
2025-01-29T14:15:00,Menu del Día,1
2025-01-29T14:15:00,Seafood Paella (for 2),1
2025-01-29T14:15:00,Seafood Paella (for 2),1
2025-01-29T14:15:00,Menu del Día,1
2025-01-29T14:15:00,Seafood Paella (for 2),1
2025-01-29T14:20:00,Menu del Día,2
2025-01-29T14:20:00,Menu del Día,1
2025-01-29T14:20:00,Seafood Paella (for 2),1
2025-01-29T14:20:00,Seafood Paella (for 2),1
2025-01-29T14:21:00,Menu del Día,1
2025-01-29T14:21:00,Seafood Paella (for 2),1
2025-01-29T14:23:00,Menu del Día,1
2025-01-29T14:27:00,Menu del Día,2
2025-01-29T14:33:00,Menu del Día,1
2025-01-29T14:33:00,Seafood Paella (for 2),1
2025-01-29T14:33:00,Seafood Paella (for 2),1
2025-01-29T14:33:00,Menu del Día,2
2025-01-29T14:36:00,Menu del Día,1
2025-01-29T14:39:00,Menu del Día,2
2025-01-29T14:40:00,Menu del Día,2
2025-01-29T14:46:00,Menu del Día,3
2025-01-29T14:50:00,Menu del Día,1
2025-01-29T14:51:00,Menu del Día,2
2025-01-29T14:51:00,Menu del Día,1
2025-01-29T14:56:00,Menu del Día,4
2025-01-29T14:56:00,Menu del Día,2
2025-01-29T14:58:00,Menu del Día,1
2025-01-29T15:03:00,Seafood Paella (for 2),1
2025-01-29T15:10:00,Menu del Día,3
2025-01-29T15:10:00,Seafood Paella (for 2),1
2025-01-29T15:11:00,Seafood Paella (for 2),1
2025-01-29T15:11:00,Seafood Paella (for 2),1
2025-01-29T15:25:00,Menu del Día,1
2025-01-29T15:25:00,Seafood Paella (for 2),1
2025-01-29T15:27:00,Menu del Día,1
2025-01-29T15:27:00,Seafood Paella (for 2),1
2025-01-29T15:27:00,Seafood Paella (for 2),1
2025-01-29T15:31:00,Menu del Día,1
2025-01-29T15:45:00,Menu del Día,2
2025-01-29T16:01:00,Seafood Paella (for 2),1
2025-01-29T16:03:00,Menu del Día,1
2025-01-29T16:03:00,Seafood Paella (for 2),1
2025-01-29T16:08:00,Menu del Día,1
2025-01-29T16:58:00,Menu del Día,2
2025-01-29T20:02:00,Tortilla Española,1
2025-01-29T20:02:00,Patatas Bravas,1
2025-01-29T20:02:00,Patatas Bravas,1
2025-01-29T20:02:00,Mineral Water,1
2025-01-29T20:02:00,House Red Wine,1
2025-01-29T20:25:00,Tortilla Española,1
2025-01-29T20:25:00,Patatas Bravas,1
2025-01-29T20:25:00,Tortilla Española,1
2025-01-29T20:25:00,Patatas Bravas,1
2025-01-29T20:25:00,Seafood Paella (for 2),1
2025-01-29T20:25:00,Mineral Water,1
2025-01-29T20:25:00,Mineral Water,1
2025-01-29T20:25:00,Mineral Water,1
2025-01-29T20:36:00,Patatas Bravas,1
2025-01-29T20:36:00,Patatas Bravas,1
2025-01-29T20:36:00,Tortilla Española,1
2025-01-29T20:36:00,Patatas Bravas,1
2025-01-29T20:36:00,Patatas Bravas,1
2025-01-29T20:36:00,Tortilla Española,1
2025-01-29T20:36:00,Seafood Paella (for 2),1
2025-01-29T20:36:00,Mineral Water,1
2025-01-29T20:36:00,House Red Wine,1
2025-01-29T20:36:00,Mineral Water,1
2025-01-29T20:36:00,Mineral Water,1
2025-01-29T20:56:00,Tortilla Española,1
2025-01-29T20:56:00,Tortilla Española,1
2025-01-29T20:56:00,Tortilla Española,1
2025-01-29T20:56:00,Patatas Bravas,1
2025-01-29T20:56:00,Patatas Bravas,1
2025-01-29T20:56:00,Patatas Bravas,1
2025-01-29T20:56:00,Seafood Paella (for 2),1
2025-01-29T20:56:00,House Red Wine,1
2025-01-29T20:56:00,Mineral Water,1
2025-01-29T20:56:00,House Red Wine,1
2025-01-29T20:56:00,Mineral Water,1
2025-01-29T20:57:00,Tortilla Española,1
2025-01-29T20:57:00,Patatas Bravas,1
2025-01-29T20:57:00,Patatas Bravas,1
2025-01-29T20:57:00,Mineral Water,1
2025-01-29T20:57:00,House Red Wine,1
2025-01-29T21:00:00,Patatas Bravas,1
2025-01-29T21:00:00,Tortilla Española,1
2025-01-29T21:00:00,Tortilla Española,1
2025-01-29T21:00:00,House Red Wine,1
2025-01-29T21:00:00,Mineral Water,1
2025-01-29T21:00:00,Crema Catalana,1
2025-01-29T21:00:00,Crema Catalana,1
2025-01-29T21:03:00,Tortilla Española,1
2025-01-29T21:03:00,Patatas Bravas,1
2025-01-29T21:03:00,Tortilla Española,1
2025-01-29T21:03:00,Mineral Water,1
2025-01-29T21:03:00,House Red Wine,1
2025-01-30T13:01:00,Menu del Día,2
2025-01-30T13:07:00,Menu del Día,1
2025-01-30T13:07:00,Seafood Paella (for 2),1
2025-01-30T13:07:00,Seafood Paella (for 2),1
2025-01-30T13:07:00,Seafood Paella (for 2),1
2025-01-30T13:18:00,Menu del Día,3
2025-01-30T13:26:00,Menu del Día,2
2025-01-30T13:39:00,Menu del Día,3
2025-01-30T13:46:00,Seafood Paella (for 2),1
2025-01-30T13:46:00,Menu del Día,2
2025-01-30T13:53:00,Menu del Día,3
2025-01-30T13:53:00,Seafood Paella (for 2),1
2025-01-30T14:01:00,Menu del Día,1
2025-01-30T14:01:00,Seafood Paella (for 2),1
2025-01-30T14:02:00,Menu del Día,2
2025-01-30T14:02:00,Seafood Paella (for 2),1
2025-01-30T14:02:00,Seafood Paella (for 2),1
2025-01-30T14:03:00,Menu del Día,1
2025-01-30T14:04:00,Menu del Día,1
2025-01-30T14:04:00,Seafood Paella (for 2),1
2025-01-30T14:05:00,Menu del Día,2
2025-01-30T14:05:00,Menu del Día,1
2025-01-30T14:12:00,Menu del Día,2
2025-01-30T14:14:00,Menu del Día,2
2025-01-30T14:15:00,Menu del Día,2
2025-01-30T14:16:00,Menu del Día,2
2025-01-30T14:16:00,Seafood Paella (for 2),1
2025-01-30T14:16:00,Seafood Paella (for 2),1
2025-01-30T14:29:00,Menu del Día,1
2025-01-30T14:29:00,Seafood Paella (for 2),1
2025-01-30T14:31:00,Menu del Día,1
2025-01-30T14:31:00,Seafood Paella (for 2),1
2025-01-30T14:32:00,Menu del Día,2
2025-01-30T14:37:00,Seafood Paella (for 2),1
2025-01-30T14:37:00,Seafood Paella (for 2),1
2025-01-30T14:43:00,Menu del Día,1
2025-01-30T14:43:00,Seafood Paella (for 2),1
2025-01-30T14:44:00,Menu del Día,3
2025-01-30T14:44:00,Seafood Paella (for 2),1
2025-01-30T14:44:00,Menu del Día,1
2025-01-30T14:44:00,Seafood Paella (for 2),1
2025-01-30T14:46:00,Menu del Día,1
2025-01-30T14:53:00,Menu del Día,3
2025-01-30T14:54:00,Menu del Día,3
2025-01-30T14:54:00,Seafood Paella (for 2),1
2025-01-30T14:56:00,Menu del Día,1
2025-01-30T15:01:00,Menu del Día,1
2025-01-30T15:02:00,Seafood Paella (for 2),1
2025-01-30T15:14:00,Seafood Paella (for 2),1
2025-01-30T15:14:00,Menu del Día,1
2025-01-30T15:14:00,Seafood Paella (for 2),1
2025-01-30T15:15:00,Menu del Día,2
2025-01-30T15:18:00,Menu del Día,2
2025-01-30T15:18:00,Seafood Paella (for 2),1
2025-01-30T15:19:00,Seafood Paella (for 2),1
2025-01-30T15:21:00,Menu del Día,1
2025-01-30T15:21:00,Menu del Día,1
2025-01-30T15:21:00,Seafood Paella (for 2),1
2025-01-30T15:27:00,Menu del Día,1
2025-01-30T15:27:00,Seafood Paella (for 2),1
2025-01-30T15:28:00,Seafood Paella (for 2),1
2025-01-30T15:29:00,Menu del Día,1
2025-01-30T15:29:00,Seafood Paella (for 2),1
2025-01-30T15:30:00,Menu del Día,1
2025-01-30T15:30:00,Seafood Paella (for 2),1
2025-01-30T15:30:00,Menu del Día,1
2025-01-30T15:30:00,Seafood Paella (for 2),1
2025-01-30T15:37:00,Menu del Día,1
2025-01-30T15:41:00,Menu del Día,2
2025-01-30T15:45:00,Menu del Día,2
2025-01-30T15:45:00,Seafood Paella (for 2),1
2025-01-30T15:45:00,Menu del Día,1
2025-01-30T15:45:00,Seafood Paella (for 2),1
2025-01-30T15:47:00,Menu del Día,2
2025-01-30T15:47:00,Seafood Paella (for 2),1
2025-01-30T15:47:00,Menu del Día,4
2025-01-30T15:48:00,Menu del Día,2
2025-01-30T15:49:00,Seafood Paella (for 2),1
2025-01-30T15:56:00,Menu del Día,1
2025-01-30T15:56:00,Seafood Paella (for 2),1
2025-01-30T15:58:00,Menu del Día,2
2025-01-30T15:58:00,Seafood Paella (for 2),1
2025-01-30T15:58:00,Seafood Paella (for 2),1
2025-01-30T16:01:00,Menu del Día,2
2025-01-30T16:01:00,Seafood Paella (for 2),1
2025-01-30T16:08:00,Menu del Día,1
2025-01-30T16:12:00,Menu del Día,2
2025-01-30T16:16:00,Menu del Día,1
2025-01-30T16:16:00,Seafood Paella (for 2),1
2025-01-30T16:23:00,Menu del Día,1
2025-01-30T16:23:00,Seafood Paella (for 2),1
2025-01-30T16:25:00,Menu del Día,1
2025-01-30T16:31:00,Menu del Día,2
2025-01-30T16:32:00,Seafood Paella (for 2),1
2025-01-30T16:33:00,Menu del Día,1
2025-01-30T16:38:00,Menu del Día,2
2025-01-30T16:48:00,Menu del Día,1
2025-01-30T16:50:00,Menu del Día,1
2025-01-30T16:50:00,Seafood Paella (for 2),1
2025-01-30T16:52:00,Menu del Día,1
2025-01-30T16:56:00,Menu del Día,2
2025-01-30T16:56:00,Seafood Paella (for 2),1
2025-01-30T16:57:00,Menu del Día,1
2025-01-30T16:57:00,Seafood Paella (for 2),1
2025-01-30T16:57:00,Seafood Paella (for 2),1
2025-01-30T20:00:00,Patatas Bravas,1
2025-01-30T20:00:00,Tortilla Española,1
2025-01-30T20:00:00,Tortilla Española,1
2025-01-30T20:00:00,House Red Wine,1
2025-01-30T20:00:00,House Red Wine,1
2025-01-30T20:00:00,Crema Catalana,1
2025-01-30T20:00:00,Crema Catalana,1
2025-01-30T20:01:00,Patatas Bravas,1
2025-01-30T20:01:00,House Red Wine,1
2025-01-30T20:01:00,Crema Catalana,1
2025-01-30T20:04:00,Patatas Bravas,1
2025-01-30T20:04:00,Tortilla Española,1
2025-01-30T20:04:00,Tortilla Española,1
2025-01-30T20:04:00,Mineral Water,1
2025-01-30T20:04:00,House Red Wine,1
2025-01-30T20:04:00,Crema Catalana,1
2025-01-30T20:04:00,Patatas Bravas,1
2025-01-30T20:04:00,Patatas Bravas,1
2025-01-30T20:04:00,Patatas Bravas,1
2025-01-30T20:04:00,House Red Wine,1
2025-01-30T20:04:00,House Red Wine,1
2025-01-30T20:05:00,Patatas Bravas,1
2025-01-30T20:05:00,House Red Wine,1
2025-01-30T20:07:00,Patatas Bravas,1
2025-01-30T20:07:00,Mineral Water,1
2025-01-30T20:07:00,Crema Catalana,1
2025-01-30T20:07:00,Patatas Bravas,1
2025-01-30T20:07:00,House Red Wine,1
2025-01-30T20:11:00,Patatas Bravas,1
2025-01-30T20:11:00,Patatas Bravas,1
2025-01-30T20:11:00,Tortilla Española,1
2025-01-30T20:11:00,Mineral Water,1
2025-01-30T20:11:00,Mineral Water,1
2025-01-30T20:11:00,Crema Catalana,1
2025-01-30T20:13:00,Tortilla Española,1
2025-01-30T20:13:00,Patatas Bravas,1
2025-01-30T20:13:00,Tortilla Española,1
2025-01-30T20:13:00,House Red Wine,1
2025-01-30T20:13:00,Mineral Water,1
2025-01-30T20:13:00,Crema Catalana,1
2025-01-30T20:13:00,Crema Catalana,1
2025-01-30T20:25:00,Tortilla Española,1
2025-01-30T20:25:00,Patatas Bravas,1
2025-01-30T20:25:00,Patatas Bravas,1
2025-01-30T20:25:00,House Red Wine,1
2025-01-30T20:25:00,Mineral Water,1
2025-01-30T20:26:00,Patatas Bravas,1
2025-01-30T20:26:00,Patatas Bravas,1
2025-01-30T20:26:00,Tortilla Española,1
2025-01-30T20:26:00,Mineral Water,1
2025-01-30T20:26:00,Mineral Water,1
2025-01-30T20:27:00,Patatas Bravas,1
2025-01-30T20:27:00,Patatas Bravas,1
2025-01-30T20:27:00,Tortilla Española,1
2025-01-30T20:27:00,Tortilla Española,1
2025-01-30T20:27:00,Mineral Water,1
2025-01-30T20:27:00,House Red Wine,1
2025-01-30T20:27:00,House Red Wine,1
2025-01-30T20:28:00,Tortilla Española,1
2025-01-30T20:28:00,Tortilla Española,1
2025-01-30T20:28:00,Patatas Bravas,1
2025-01-30T20:28:00,House Red Wine,1
2025-01-30T20:28:00,Mineral Water,1
2025-01-30T20:31:00,Tortilla Española,1
2025-01-30T20:31:00,Tortilla Española,1
2025-01-30T20:31:00,Tortilla Española,1
2025-01-30T20:31:00,Tortilla Española,1
2025-01-30T20:31:00,House Red Wine,1
2025-01-30T20:31:00,House Red Wine,1
2025-01-30T20:31:00,Mineral Water,1
2025-01-30T20:31:00,Crema Catalana,1
2025-01-30T20:31:00,Crema Catalana,1
2025-01-30T20:31:00,Crema Catalana,1
2025-01-31T13:01:00,Tortilla Española,1
2025-01-31T13:01:00,Mineral Water,1
2025-01-31T13:01:00,Crema Catalana,1
2025-01-31T13:02:00,Tortilla Española,1
2025-01-31T13:02:00,Tortilla Española,1
2025-01-31T13:02:00,Tortilla Española,1
2025-01-31T13:02:00,Tortilla Española,1
2025-01-31T13:02:00,Patatas Bravas,1
2025-01-31T13:02:00,Patatas Bravas,1
2025-01-31T13:02:00,Mineral Water,1
2025-01-31T13:02:00,House Red Wine,1
2025-01-31T13:02:00,Mineral Water,1
2025-01-31T13:02:00,House Red Wine,1
2025-01-31T13:02:00,Crema Catalana,1
2025-01-31T13:02:00,Crema Catalana,1
2025-01-31T13:02:00,Crema Catalana,1
2025-01-31T13:06:00,Tortilla Española,1
2025-01-31T13:06:00,Tortilla Española,1
2025-01-31T13:06:00,Tortilla Española,1
2025-01-31T13:06:00,Mineral Water,1
2025-01-31T13:06:00,House Red Wine,1
2025-01-31T13:11:00,Tortilla Española,1
2025-01-31T13:11:00,Patatas Bravas,1
2025-01-31T13:11:00,Tortilla Española,1
2025-01-31T13:11:00,Tortilla Española,1
2025-01-31T13:11:00,Patatas Bravas,1
2025-01-31T13:11:00,Tortilla Española,1
2025-01-31T13:11:00,House Red Wine,1
2025-01-31T13:11:00,House Red Wine,1
2025-01-31T13:11:00,House Red Wine,1
2025-01-31T13:11:00,House Red Wine,1
2025-01-31T13:11:00,Crema Catalana,1
2025-01-31T13:13:00,Tortilla Española,1
2025-01-31T13:13:00,Tortilla Española,1
2025-01-31T13:13:00,Patatas Bravas,1
2025-01-31T13:13:00,Seafood Paella (for 2),1
2025-01-31T13:13:00,House Red Wine,1
2025-01-31T13:13:00,Mineral Water,1
2025-01-31T13:13:00,Crema Catalana,1
2025-01-31T13:13:00,Patatas Bravas,1
2025-01-31T13:13:00,Tortilla Española,1
2025-01-31T13:13:00,Tortilla Española,1
2025-01-31T13:13:00,Seafood Paella (for 2),1
2025-01-31T13:13:00,House Red Wine,1
2025-01-31T13:13:00,Mineral Water,1
2025-01-31T13:23:00,Tortilla Española,1
2025-01-31T13:23:00,House Red Wine,1
2025-01-31T13:24:00,Patatas Bravas,1
2025-01-31T13:24:00,Tortilla Española,1
2025-01-31T13:24:00,Patatas Bravas,1
2025-01-31T13:24:00,Mineral Water,1
2025-01-31T13:24:00,Mineral Water,1
2025-01-31T13:24:00,Crema Catalana,1
2025-01-31T13:28:00,Patatas Bravas,1
2025-01-31T13:28:00,Tortilla Española,1
2025-01-31T13:28:00,Patatas Bravas,1
2025-01-31T13:28:00,Patatas Bravas,1
2025-01-31T13:28:00,Patatas Bravas,1
2025-01-31T13:28:00,Patatas Bravas,1
2025-01-31T13:28:00,Seafood Paella (for 2),1
2025-01-31T13:28:00,House Red Wine,1
2025-01-31T13:28:00,Mineral Water,1
2025-01-31T13:28:00,House Red Wine,1
2025-01-31T13:28:00,House Red Wine,1
2025-01-31T13:31:00,Patatas Bravas,1
2025-01-31T13:31:00,Patatas Bravas,1
2025-01-31T13:31:00,Patatas Bravas,1
2025-01-31T13:31:00,House Red Wine,1
2025-01-31T13:31:00,House Red Wine,1
2025-01-31T13:31:00,Crema Catalana,1
2025-01-31T13:32:00,Tortilla Española,1
2025-01-31T13:32:00,Patatas Bravas,1
2025-01-31T13:32:00,Patatas Bravas,1
2025-01-31T13:32:00,Patatas Bravas,1
2025-01-31T13:32:00,Seafood Paella (for 2),1
2025-01-31T13:32:00,House Red Wine,1
2025-01-31T13:32:00,Mineral Water,1
2025-01-31T13:32:00,Mineral Water,1
2025-01-31T13:33:00,Patatas Bravas,1
2025-01-31T13:33:00,Patatas Bravas,1
2025-01-31T13:33:00,Patatas Bravas,1
2025-01-31T13:33:00,Patatas Bravas,1
2025-01-31T13:33:00,Tortilla Española,1
2025-01-31T13:33:00,Patatas Bravas,1
2025-01-31T13:33:00,House Red Wine,1
2025-01-31T13:33:00,House Red Wine,1
2025-01-31T13:33:00,House Red Wine,1
2025-01-31T13:33:00,House Red Wine,1
2025-01-31T13:40:00,Patatas Bravas,1
2025-01-31T13:40:00,Patatas Bravas,1
2025-01-31T13:40:00,Tortilla Española,1
2025-01-31T13:40:00,Tortilla Española,1
2025-01-31T13:40:00,Tortilla Española,1
2025-01-31T13:40:00,Patatas Bravas,1
2025-01-31T13:40:00,Seafood Paella (for 2),1
2025-01-31T13:40:00,House Red Wine,1
2025-01-31T13:40:00,House Red Wine,1
2025-01-31T13:40:00,Mineral Water,1
2025-01-31T13:40:00,Mineral Water,1
2025-01-31T13:43:00,Patatas Bravas,1
2025-01-31T13:43:00,Tortilla Española,1
2025-01-31T13:43:00,Tortilla Española,1
2025-01-31T13:43:00,House Red Wine,1
2025-01-31T13:43:00,Mineral Water,1
2025-01-31T13:45:00,Tortilla Española,1
2025-01-31T13:45:00,Tortilla Española,1
2025-01-31T13:45:00,Patatas Bravas,1
2025-01-31T13:45:00,Mineral Water,1
2025-01-31T13:45:00,House Red Wine,1
2025-01-31T13:51:00,Patatas Bravas,1
2025-01-31T13:51:00,Tortilla Española,1
2025-01-31T13:51:00,Tortilla Española,1
2025-01-31T13:51:00,Seafood Paella (for 2),1
2025-01-31T13:51:00,House Red Wine,1
2025-01-31T13:51:00,House Red Wine,1
2025-01-31T13:53:00,Tortilla Española,1
2025-01-31T13:53:00,Patatas Bravas,1
2025-01-31T13:53:00,Patatas Bravas,1
2025-01-31T13:53:00,House Red Wine,1
2025-01-31T13:53:00,Mineral Water,1
2025-01-31T13:53:00,Crema Catalana,1
2025-01-31T13:59:00,Patatas Bravas,1
2025-01-31T13:59:00,Tortilla Española,1
2025-01-31T13:59:00,Tortilla Española,1
2025-01-31T13:59:00,Patatas Bravas,1
2025-01-31T13:59:00,Tortilla Española,1
2025-01-31T13:59:00,Tortilla Española,1
2025-01-31T13:59:00,Seafood Paella (for 2),1
2025-01-31T13:59:00,House Red Wine,1
2025-01-31T13:59:00,Mineral Water,1
2025-01-31T13:59:00,Mineral Water,1
2025-01-31T13:59:00,House Red Wine,1
2025-01-31T14:06:00,Tortilla Española,1
2025-01-31T14:06:00,Patatas Bravas,1
2025-01-31T14:06:00,Tortilla Española,1
2025-01-31T14:06:00,Mineral Water,1
2025-01-31T14:06:00,Mineral Water,1
2025-01-31T14:06:00,Crema Catalana,1
2025-01-31T14:12:00,Tortilla Española,1
2025-01-31T14:12:00,Tortilla Española,1
2025-01-31T14:12:00,Patatas Bravas,1
2025-01-31T14:12:00,Seafood Paella (for 2),1
2025-01-31T14:12:00,Mineral Water,1
2025-01-31T14:12:00,House Red Wine,1
2025-01-31T14:18:00,Patatas Bravas,1
2025-01-31T14:18:00,Tortilla Española,1
2025-01-31T14:18:00,Tortilla Española,1
2025-01-31T14:18:00,Tortilla Española,1
2025-01-31T14:18:00,House Red Wine,1
2025-01-31T14:18:00,House Red Wine,1
2025-01-31T14:18:00,House Red Wine,1
2025-01-31T14:18:00,Crema Catalana,1
2025-01-31T14:23:00,Patatas Bravas,1
2025-01-31T14:23:00,Patatas Bravas,1
2025-01-31T14:23:00,Tortilla Española,1
2025-01-31T14:23:00,Mineral Water,1
2025-01-31T14:23:00,Mineral Water,1
2025-01-31T14:30:00,Tortilla Española,1
2025-01-31T14:30:00,Patatas Bravas,1
2025-01-31T14:30:00,Tortilla Española,1
2025-01-31T14:30:00,Tortilla Española,1
2025-01-31T14:30:00,House Red Wine,1
2025-01-31T14:30:00,Mineral Water,1
2025-01-31T14:30:00,House Red Wine,1
2025-01-31T14:30:00,Crema Catalana,1
2025-01-31T14:35:00,Tortilla Española,1
2025-01-31T14:35:00,Mineral Water,1
2025-01-31T14:36:00,Tortilla Española,1
2025-01-31T14:36:00,Patatas Bravas,1
2025-01-31T14:36:00,Patatas Bravas,1
2025-01-31T14:36:00,Mineral Water,1
2025-01-31T14:36:00,House Red Wine,1
2025-01-31T14:36:00,Crema Catalana,1
2025-01-31T14:47:00,Patatas Bravas,1
2025-01-31T14:47:00,Patatas Bravas,1
2025-01-31T14:47:00,Patatas Bravas,1
2025-01-31T14:47:00,Patatas Bravas,1
2025-01-31T14:47:00,House Red Wine,1
2025-01-31T14:47:00,House Red Wine,1
2025-01-31T14:47:00,Mineral Water,1
2025-01-31T14:47:00,Crema Catalana,1
2025-01-31T14:47:00,Crema Catalana,1
2025-01-31T14:50:00,Tortilla Española,1
2025-01-31T14:50:00,Tortilla Española,1
2025-01-31T14:50:00,Tortilla Española,1
2025-01-31T14:50:00,Mineral Water,1
2025-01-31T14:50:00,Mineral Water,1
2025-01-31T14:52:00,Patatas Bravas,1
2025-01-31T14:52:00,Patatas Bravas,1
2025-01-31T14:52:00,Patatas Bravas,1
2025-01-31T14:52:00,Mineral Water,1
2025-01-31T14:52:00,House Red Wine,1
2025-01-31T14:52:00,Crema Catalana,1
2025-01-31T14:52:00,Crema Catalana,1
2025-01-31T14:58:00,Tortilla Española,1
2025-01-31T14:58:00,Tortilla Española,1
2025-01-31T14:58:00,Tortilla Española,1
2025-01-31T14:58:00,Mineral Water,1
2025-01-31T14:58:00,Mineral Water,1
2025-01-31T14:59:00,Patatas Bravas,1
2025-01-31T14:59:00,Patatas Bravas,1
2025-01-31T14:59:00,Tortilla Española,1
2025-01-31T14:59:00,Mineral Water,1
2025-01-31T14:59:00,House Red Wine,1
2025-01-31T15:00:00,Tortilla Española,1
2025-01-31T15:00:00,House Red Wine,1
2025-01-31T15:06:00,Tortilla Española,1
2025-01-31T15:06:00,Tortilla Española,1
2025-01-31T15:06:00,Patatas Bravas,1
2025-01-31T15:06:00,House Red Wine,1
2025-01-31T15:06:00,Mineral Water,1
2025-01-31T15:40:00,Patatas Bravas,1
2025-01-31T15:40:00,House Red Wine,1
2025-01-31T15:40:00,Crema Catalana,1
2025-01-31T21:44:00,Patatas Bravas,1
2025-01-31T21:44:00,Mineral Water,1
2025-02-01T13:39:00,House Red Wine,1
2025-02-01T13:39:00,House Red Wine,1
2025-02-01T13:39:00,House Red Wine,1
2025-02-01T13:39:00,Crema Catalana,1
2025-02-01T13:39:00,Crema Catalana,1
2025-02-01T13:39:00,Crema Catalana,1
2025-02-01T13:42:00,Mineral Water,1
2025-02-01T13:42:00,Mineral Water,1
2025-02-01T13:42:00,Crema Catalana,1
2025-02-01T13:42:00,Crema Catalana,1
2025-02-01T13:53:00,House Red Wine,1
2025-02-01T13:53:00,House Red Wine,1
2025-02-01T13:53:00,Mineral Water,1
2025-02-01T13:53:00,Crema Catalana,1
2025-02-01T13:53:00,Crema Catalana,1
2025-02-01T14:12:00,Mineral Water,1
2025-02-01T14:12:00,House Red Wine,1
2025-02-01T14:12:00,House Red Wine,1
2025-02-01T14:12:00,Mineral Water,1
2025-02-01T14:12:00,Mineral Water,1
2025-02-01T14:12:00,Mineral Water,1
2025-02-01T14:12:00,House Red Wine,1
2025-02-01T14:12:00,Crema Catalana,1
2025-02-01T14:12:00,Crema Catalana,1
2025-02-01T14:14:00,House Red Wine,1
2025-02-01T14:14:00,House Red Wine,1
2025-02-01T14:14:00,House Red Wine,1
2025-02-01T14:14:00,Crema Catalana,1
2025-02-01T14:14:00,Crema Catalana,1
2025-02-01T14:14:00,Crema Catalana,1
2025-02-01T14:16:00,House Red Wine,1
2025-02-01T14:16:00,Mineral Water,1
2025-02-01T14:16:00,House Red Wine,1
2025-02-01T14:34:00,House Red Wine,1
2025-02-01T14:34:00,Crema Catalana,1
2025-02-01T14:36:00,Mineral Water,1
2025-02-01T14:36:00,Crema Catalana,1
2025-02-01T14:40:00,Mineral Water,1
2025-02-01T14:40:00,Mineral Water,1
2025-02-01T14:40:00,Mineral Water,1
2025-02-01T14:40:00,Mineral Water,1
2025-02-01T14:41:00,Mineral Water,1
2025-02-01T14:41:00,Mineral Water,1
2025-02-01T14:45:00,Mineral Water,1
2025-02-01T14:45:00,House Red Wine,1
2025-02-01T14:45:00,Crema Catalana,1
2025-02-01T14:50:00,House Red Wine,1
2025-02-01T14:50:00,Mineral Water,1
2025-02-01T14:50:00,Mineral Water,1
2025-02-01T14:50:00,House Red Wine,1
2025-02-01T14:50:00,Crema Catalana,1
2025-02-01T14:57:00,House Red Wine,1
2025-02-01T14:57:00,Crema Catalana,1
2025-02-01T14:59:00,Mineral Water,1
2025-02-01T15:02:00,Mineral Water,1
2025-02-01T15:02:00,House Red Wine,1
2025-02-01T15:02:00,House Red Wine,1
2025-02-01T15:02:00,Mineral Water,1
2025-02-01T15:04:00,House Red Wine,1
2025-02-01T15:04:00,Mineral Water,1
2025-02-01T15:04:00,House Red Wine,1
2025-02-01T15:04:00,Crema Catalana,1
2025-02-01T15:04:00,Crema Catalana,1
2025-02-01T15:04:00,Mineral Water,1
2025-02-01T15:04:00,House Red Wine,1
2025-02-01T15:04:00,Crema Catalana,1
2025-02-01T15:07:00,Mineral Water,1
2025-02-01T15:07:00,Mineral Water,1
2025-02-01T15:07:00,House Red Wine,1
2025-02-01T15:08:00,House Red Wine,1
2025-02-01T15:08:00,Mineral Water,1
2025-02-01T15:10:00,House Red Wine,1
2025-02-01T15:10:00,Mineral Water,1
2025-02-01T15:10:00,Mineral Water,1
2025-02-01T15:10:00,Crema Catalana,1
2025-02-01T15:11:00,House Red Wine,1
2025-02-01T15:11:00,Mineral Water,1
2025-02-01T15:13:00,Mineral Water,1
2025-02-01T15:13:00,Crema Catalana,1
2025-02-01T15:14:00,House Red Wine,1
2025-02-01T15:14:00,House Red Wine,1
2025-02-01T15:14:00,House Red Wine,1
2025-02-01T15:17:00,Mineral Water,1
2025-02-01T15:17:00,Mineral Water,1
2025-02-01T15:17:00,Mineral Water,1
2025-02-01T15:17:00,Crema Catalana,1
2025-02-01T15:18:00,Mineral Water,1
2025-02-01T15:18:00,Mineral Water,1
2025-02-01T15:21:00,Mineral Water,1
2025-02-01T15:21:00,Crema Catalana,1
2025-02-01T15:21:00,Mineral Water,1
2025-02-01T15:21:00,House Red Wine,1
2025-02-01T15:21:00,Mineral Water,1
2025-02-01T15:21:00,Mineral Water,1
2025-02-01T15:21:00,Crema Catalana,1
2025-02-01T15:21:00,Crema Catalana,1
2025-02-01T15:21:00,Crema Catalana,1
2025-02-01T15:21:00,Crema Catalana,1
2025-02-01T15:22:00,Mineral Water,1
2025-02-01T15:22:00,House Red Wine,1
2025-02-01T15:22:00,House Red Wine,1
2025-02-01T15:22:00,Crema Catalana,1
2025-02-01T15:22:00,Crema Catalana,1
2025-02-01T15:24:00,Mineral Water,1
2025-02-01T15:24:00,House Red Wine,1
2025-02-01T15:25:00,Mineral Water,1
2025-02-01T15:25:00,Mineral Water,1
2025-02-01T15:25:00,Crema Catalana,1
2025-02-01T15:25:00,House Red Wine,1
2025-02-01T15:25:00,Mineral Water,1
2025-02-01T15:25:00,House Red Wine,1
2025-02-01T15:28:00,Mineral Water,1
2025-02-01T15:28:00,Mineral Water,1
2025-02-01T15:28:00,Mineral Water,1
2025-02-01T15:28:00,Mineral Water,1
2025-02-01T15:34:00,Mineral Water,1
2025-02-01T15:34:00,Mineral Water,1
2025-02-01T15:35:00,House Red Wine,1
2025-02-01T15:35:00,House Red Wine,1
2025-02-01T15:35:00,House Red Wine,1
2025-02-01T15:40:00,Mineral Water,1
2025-02-01T15:40:00,House Red Wine,1
2025-02-01T15:40:00,Crema Catalana,1
2025-02-01T15:40:00,Crema Catalana,1
2025-02-01T15:48:00,House Red Wine,1
2025-02-01T15:48:00,Mineral Water,1
2025-02-01T15:54:00,House Red Wine,1
2025-02-01T15:54:00,House Red Wine,1
2025-02-01T15:56:00,Mineral Water,1
2025-02-01T15:58:00,Mineral Water,1
2025-02-01T15:58:00,House Red Wine,1
2025-02-01T16:03:00,House Red Wine,1
2025-02-01T16:03:00,House Red Wine,1
2025-02-01T16:03:00,House Red Wine,1
2025-02-01T16:08:00,Mineral Water,1
2025-02-01T16:08:00,Mineral Water,1
2025-02-01T16:08:00,Mineral Water,1
2025-02-01T16:08:00,House Red Wine,1
2025-02-01T16:08:00,Crema Catalana,1
2025-02-01T16:08:00,Crema Catalana,1
2025-02-01T16:10:00,House Red Wine,1
2025-02-01T16:10:00,House Red Wine,1
2025-02-01T16:10:00,House Red Wine,1
2025-02-01T16:10:00,Mineral Water,1
2025-02-01T16:10:00,Crema Catalana,1
2025-02-01T16:10:00,Crema Catalana,1
2025-02-01T16:10:00,Crema Catalana,1
2025-02-01T16:10:00,Crema Catalana,1
2025-02-01T16:14:00,House Red Wine,1
2025-02-01T16:14:00,Mineral Water,1
2025-02-01T16:23:00,Mineral Water,1
2025-02-01T16:23:00,House Red Wine,1
2025-02-01T16:25:00,Mineral Water,1
2025-02-01T16:25:00,House Red Wine,1
2025-02-01T16:25:00,Mineral Water,1
2025-02-01T16:26:00,House Red Wine,1
2025-02-01T16:26:00,House Red Wine,1
2025-02-01T16:26:00,Mineral Water,1
2025-02-01T16:32:00,Mineral Water,1
2025-02-01T16:32:00,House Red Wine,1
2025-02-01T16:32:00,Crema Catalana,1
2025-02-01T16:36:00,House Red Wine,1
2025-02-01T16:36:00,Mineral Water,1
2025-02-01T16:36:00,Crema Catalana,1
2025-02-01T16:38:00,Mineral Water,1
2025-02-01T16:38:00,Mineral Water,1
2025-02-01T16:38:00,Mineral Water,1
2025-02-01T16:38:00,Mineral Water,1
2025-02-01T16:38:00,House Red Wine,1
2025-02-01T16:38:00,Crema Catalana,1
2025-02-01T16:41:00,Mineral Water,1
2025-02-01T16:41:00,Mineral Water,1
2025-02-01T16:41:00,Crema Catalana,1
2025-02-01T16:41:00,Mineral Water,1
2025-02-01T16:41:00,House Red Wine,1
2025-02-01T16:41:00,House Red Wine,1
2025-02-01T16:42:00,Mineral Water,1
2025-02-01T16:42:00,Mineral Water,1
2025-02-01T16:42:00,Mineral Water,1
2025-02-01T16:42:00,Crema Catalana,1
2025-02-01T16:42:00,Crema Catalana,1
2025-02-01T16:43:00,House Red Wine,1
2025-02-01T16:43:00,House Red Wine,1
2025-02-01T16:44:00,Mineral Water,1
2025-02-01T16:44:00,House Red Wine,1
2025-02-01T16:46:00,Mineral Water,1
2025-02-01T16:46:00,House Red Wine,1
2025-02-01T16:49:00,Mineral Water,1
2025-02-01T16:49:00,Mineral Water,1
2025-02-01T16:49:00,Mineral Water,1
2025-02-01T16:49:00,Crema Catalana,1
2025-02-01T16:49:00,House Red Wine,1
2025-02-01T16:49:00,Mineral Water,1
2025-02-01T16:49:00,Crema Catalana,1
2025-02-01T16:49:00,Crema Catalana,1
2025-02-01T16:50:00,Mineral Water,1
2025-02-01T16:50:00,Mineral Water,1
2025-02-01T16:50:00,Crema Catalana,1
2025-02-01T16:50:00,Crema Catalana,1
2025-02-01T16:50:00,Mineral Water,1
2025-02-01T16:50:00,Mineral Water,1
2025-02-01T16:50:00,Crema Catalana,1
2025-02-01T16:50:00,Crema Catalana,1
2025-02-01T16:51:00,Mineral Water,1
2025-02-01T16:51:00,Mineral Water,1
2025-02-01T16:51:00,Crema Catalana,1
2025-02-01T16:53:00,House Red Wine,1
2025-02-01T16:53:00,House Red Wine,1
2025-02-01T16:53:00,Crema Catalana,1
2025-02-01T16:54:00,House Red Wine,1
2025-02-01T16:54:00,Mineral Water,1
2025-02-01T16:54:00,House Red Wine,1
2025-02-01T20:14:00,Mineral Water,1
2025-02-01T20:34:00,House Red Wine,1
2025-02-01T20:43:00,House Red Wine,1
2025-02-02T13:01:00,Seafood Paella (for 2),1
2025-02-02T13:01:00,House Red Wine,1
2025-02-02T13:01:00,Mineral Water,1
2025-02-02T13:01:00,Crema Catalana,1
2025-02-02T13:02:00,Seafood Paella (for 2),1
2025-02-02T13:02:00,Mineral Water,1
2025-02-02T13:02:00,House Red Wine,1
2025-02-02T13:02:00,Crema Catalana,1
2025-02-02T13:02:00,Crema Catalana,1
2025-02-02T13:02:00,Mineral Water,1
2025-02-02T13:02:00,House Red Wine,1
2025-02-02T13:02:00,Crema Catalana,1
2025-02-02T13:05:00,Mineral Water,1
2025-02-02T13:05:00,House Red Wine,1
2025-02-02T13:05:00,Crema Catalana,1
2025-02-02T13:09:00,Seafood Paella (for 2),1
2025-02-02T13:09:00,House Red Wine,1
2025-02-02T13:09:00,Mineral Water,1
2025-02-02T13:09:00,Mineral Water,1
2025-02-02T13:17:00,Mineral Water,1
2025-02-02T13:17:00,House Red Wine,1
2025-02-02T13:17:00,Mineral Water,1
2025-02-02T13:17:00,Crema Catalana,1
2025-02-02T13:23:00,Seafood Paella (for 2),1
2025-02-02T13:23:00,Mineral Water,1
2025-02-02T13:23:00,Mineral Water,1
2025-02-02T13:23:00,Crema Catalana,1
2025-02-02T13:23:00,Crema Catalana,1
2025-02-02T13:35:00,Mineral Water,1
2025-02-02T13:35:00,Mineral Water,1
2025-02-02T13:35:00,Crema Catalana,1
2025-02-02T13:44:00,Mineral Water,1
2025-02-02T13:44:00,Crema Catalana,1
2025-02-02T14:04:00,Mineral Water,1
2025-02-02T14:04:00,Mineral Water,1
2025-02-02T14:04:00,Crema Catalana,1
2025-02-02T14:04:00,Crema Catalana,1
2025-02-02T14:06:00,Mineral Water,1
2025-02-02T14:06:00,Crema Catalana,1
2025-02-02T14:07:00,Seafood Paella (for 2),1
2025-02-02T14:07:00,House Red Wine,1
2025-02-02T14:07:00,Mineral Water,1
2025-02-02T14:07:00,Mineral Water,1
2025-02-02T14:07:00,House Red Wine,1
2025-02-02T14:09:00,Seafood Paella (for 2),1
2025-02-02T14:09:00,Mineral Water,1
2025-02-02T14:09:00,House Red Wine,1
2025-02-02T14:09:00,House Red Wine,1
2025-02-02T14:09:00,House Red Wine,1
2025-02-02T14:09:00,Crema Catalana,1
2025-02-02T14:09:00,Crema Catalana,1
2025-02-02T14:13:00,Mineral Water,1
2025-02-02T14:13:00,House Red Wine,1
2025-02-02T14:19:00,Seafood Paella (for 2),1
2025-02-02T14:19:00,House Red Wine,1
2025-02-02T14:19:00,House Red Wine,1
2025-02-02T14:19:00,Crema Catalana,1
2025-02-02T14:19:00,Crema Catalana,1
2025-02-02T14:20:00,Seafood Paella (for 2),1
2025-02-02T14:20:00,Mineral Water,1
2025-02-02T14:20:00,House Red Wine,1
2025-02-02T14:22:00,Seafood Paella (for 2),1
2025-02-02T14:22:00,House Red Wine,1
2025-02-02T14:22:00,Mineral Water,1
2025-02-02T14:22:00,Crema Catalana,1
2025-02-02T14:22:00,Crema Catalana,1
2025-02-02T14:26:00,Mineral Water,1
2025-02-02T14:26:00,Mineral Water,1
2025-02-02T14:26:00,House Red Wine,1
2025-02-02T14:26:00,Mineral Water,1
2025-02-02T14:26:00,Crema Catalana,1
2025-02-02T14:27:00,Seafood Paella (for 2),1
2025-02-02T14:27:00,House Red Wine,1
2025-02-02T14:27:00,Mineral Water,1
2025-02-02T14:28:00,Mineral Water,1
2025-02-02T14:28:00,Mineral Water,1
2025-02-02T14:29:00,Mineral Water,1
2025-02-02T14:29:00,House Red Wine,1
2025-02-02T14:29:00,Crema Catalana,1
2025-02-02T14:34:00,Mineral Water,1
2025-02-02T14:34:00,House Red Wine,1
2025-02-02T14:34:00,House Red Wine,1
2025-02-02T14:34:00,House Red Wine,1
2025-02-02T14:37:00,Seafood Paella (for 2),1
2025-02-02T14:37:00,Mineral Water,1
2025-02-02T14:37:00,Mineral Water,1
2025-02-02T14:37:00,Mineral Water,1
2025-02-02T14:39:00,Mineral Water,1
2025-02-02T14:39:00,Crema Catalana,1
2025-02-02T14:39:00,House Red Wine,1
2025-02-02T14:39:00,House Red Wine,1
2025-02-02T14:40:00,House Red Wine,1
2025-02-02T14:41:00,Seafood Paella (for 2),1
2025-02-02T14:41:00,House Red Wine,1
2025-02-02T14:41:00,House Red Wine,1
2025-02-02T14:41:00,Crema Catalana,1
2025-02-02T14:41:00,Mineral Water,1
2025-02-02T14:41:00,House Red Wine,1
2025-02-02T14:41:00,Mineral Water,1
2025-02-02T14:41:00,House Red Wine,1
2025-02-02T14:41:00,Crema Catalana,1
2025-02-02T14:41:00,Crema Catalana,1
2025-02-02T14:41:00,Crema Catalana,1
2025-02-02T14:44:00,House Red Wine,1
2025-02-02T14:44:00,House Red Wine,1
2025-02-02T14:44:00,Mineral Water,1
2025-02-02T14:45:00,Mineral Water,1
2025-02-02T14:45:00,House Red Wine,1
2025-02-02T14:45:00,House Red Wine,1
2025-02-02T14:47:00,Seafood Paella (for 2),1
2025-02-02T14:47:00,House Red Wine,1
2025-02-02T14:47:00,House Red Wine,1
2025-02-02T14:47:00,Crema Catalana,1
2025-02-02T14:48:00,Seafood Paella (for 2),1
2025-02-02T14:48:00,House Red Wine,1
2025-02-02T14:48:00,Mineral Water,1
2025-02-02T14:48:00,Mineral Water,1
2025-02-02T14:48:00,House Red Wine,1
2025-02-02T14:50:00,Seafood Paella (for 2),1
2025-02-02T14:50:00,Mineral Water,1
2025-02-02T14:50:00,House Red Wine,1
2025-02-02T14:53:00,House Red Wine,1
2025-02-02T14:53:00,House Red Wine,1
2025-02-02T14:53:00,Crema Catalana,1
2025-02-02T14:53:00,Crema Catalana,1
2025-02-02T14:53:00,House Red Wine,1
2025-02-02T14:53:00,Mineral Water,1
2025-02-02T14:57:00,House Red Wine,1
2025-02-02T14:57:00,Mineral Water,1
2025-02-02T14:57:00,Mineral Water,1
2025-02-02T15:04:00,Mineral Water,1
2025-02-02T15:04:00,Mineral Water,1
2025-02-02T15:04:00,House Red Wine,1
2025-02-02T15:04:00,Mineral Water,1
2025-02-02T15:09:00,Seafood Paella (for 2),1
2025-02-02T15:09:00,House Red Wine,1
2025-02-02T15:09:00,Mineral Water,1
2025-02-02T15:09:00,Mineral Water,1
2025-02-02T15:09:00,House Red Wine,1
2025-02-02T15:09:00,Crema Catalana,1
2025-02-02T15:09:00,Crema Catalana,1
2025-02-02T15:11:00,Seafood Paella (for 2),1
2025-02-02T15:11:00,Mineral Water,1
2025-02-02T15:12:00,Mineral Water,1
2025-02-02T15:12:00,Mineral Water,1
2025-02-02T15:13:00,Seafood Paella (for 2),1
2025-02-02T15:13:00,House Red Wine,1
2025-02-02T15:14:00,Seafood Paella (for 2),1
2025-02-02T15:14:00,House Red Wine,1
2025-02-02T15:14:00,Mineral Water,1
2025-02-02T15:20:00,Seafood Paella (for 2),1
2025-02-02T15:20:00,Mineral Water,1
2025-02-02T15:20:00,Mineral Water,1
2025-02-02T15:20:00,House Red Wine,1
2025-02-02T15:20:00,Crema Catalana,1
2025-02-02T15:20:00,Mineral Water,1
2025-02-02T15:20:00,Mineral Water,1
2025-02-02T15:20:00,Crema Catalana,1
2025-02-02T15:20:00,Crema Catalana,1
2025-02-02T15:22:00,Mineral Water,1
2025-02-02T15:22:00,Mineral Water,1
2025-02-02T15:22:00,Crema Catalana,1
2025-02-02T15:24:00,Mineral Water,1
2025-02-02T15:24:00,Mineral Water,1
2025-02-02T15:26:00,Mineral Water,1
2025-02-02T15:26:00,House Red Wine,1
2025-02-02T15:26:00,Crema Catalana,1
2025-02-02T15:26:00,Crema Catalana,1
2025-02-02T15:30:00,Mineral Water,1
2025-02-02T15:30:00,House Red Wine,1
2025-02-02T15:30:00,Crema Catalana,1
2025-02-02T15:30:00,Crema Catalana,1
2025-02-02T15:30:00,Seafood Paella (for 2),1
2025-02-02T15:30:00,Mineral Water,1
2025-02-02T15:30:00,Mineral Water,1
2025-02-02T15:30:00,Mineral Water,1
2025-02-02T15:30:00,House Red Wine,1
2025-02-02T15:41:00,House Red Wine,1
2025-02-02T15:41:00,Mineral Water,1
2025-02-02T15:41:00,Mineral Water,1
2025-02-02T15:41:00,Mineral Water,1
2025-02-02T15:41:00,Mineral Water,1
2025-02-02T15:45:00,House Red Wine,1
2025-02-02T15:45:00,House Red Wine,1
2025-02-02T15:45:00,Crema Catalana,1
2025-02-02T15:45:00,Crema Catalana,1
2025-02-02T15:45:00,Mineral Water,1
2025-02-02T15:45:00,Crema Catalana,1
2025-02-02T15:46:00,Seafood Paella (for 2),1
2025-02-02T15:46:00,House Red Wine,1
2025-02-02T15:46:00,Mineral Water,1
2025-02-02T15:46:00,Mineral Water,1
2025-02-02T15:46:00,Crema Catalana,1
2025-02-02T15:46:00,Mineral Water,1
2025-02-02T15:46:00,Mineral Water,1
2025-02-02T15:48:00,Seafood Paella (for 2),1
2025-02-02T15:48:00,Mineral Water,1
2025-02-02T15:48:00,Mineral Water,1
2025-02-02T15:48:00,Seafood Paella (for 2),1
2025-02-02T15:48:00,House Red Wine,1
2025-02-02T15:48:00,Mineral Water,1
2025-02-02T15:48:00,Mineral Water,1
2025-02-02T15:50:00,House Red Wine,1
2025-02-02T15:50:00,Mineral Water,1
2025-02-02T15:50:00,House Red Wine,1
2025-02-02T15:50:00,Crema Catalana,1
2025-02-02T15:50:00,Crema Catalana,1
2025-02-02T15:54:00,Seafood Paella (for 2),1
2025-02-02T15:54:00,House Red Wine,1
2025-02-02T15:54:00,Mineral Water,1
2025-02-02T15:59:00,Seafood Paella (for 2),1
2025-02-02T15:59:00,Mineral Water,1
2025-02-02T16:24:00,House Red Wine,1
2025-02-02T16:33:00,House Red Wine,1
2025-02-02T16:36:00,Mineral Water,1
2025-02-03T13:02:00,Menu del Día,1
2025-02-03T13:11:00,Menu del Día,2
2025-02-03T13:12:00,Menu del Día,1
2025-02-03T13:12:00,Seafood Paella (for 2),1
2025-02-03T13:20:00,Menu del Día,2
2025-02-03T13:20:00,Menu del Día,2
2025-02-03T13:20:00,Menu del Día,2
2025-02-03T13:20:00,Menu del Día,2
2025-02-03T13:22:00,Menu del Día,4
2025-02-03T13:25:00,Menu del Día,2
2025-02-03T13:27:00,Menu del Día,1
2025-02-03T13:27:00,Seafood Paella (for 2),1
2025-02-03T13:31:00,Menu del Día,3
2025-02-03T13:34:00,Menu del Día,1
2025-02-03T13:37:00,Menu del Día,1
2025-02-03T13:37:00,Seafood Paella (for 2),1
2025-02-03T13:43:00,Menu del Día,1
2025-02-03T13:57:00,Menu del Día,2
2025-02-03T14:00:00,Seafood Paella (for 2),1
2025-02-03T14:05:00,Menu del Día,2
2025-02-03T14:09:00,Seafood Paella (for 2),1
2025-02-03T14:09:00,Menu del Día,1
2025-02-03T14:09:00,Seafood Paella (for 2),1
2025-02-03T14:11:00,Menu del Día,1
2025-02-03T14:11:00,Seafood Paella (for 2),1
2025-02-03T14:17:00,Menu del Día,2
2025-02-03T14:17:00,Seafood Paella (for 2),1
2025-02-03T14:17:00,Menu del Día,1
2025-02-03T14:17:00,Seafood Paella (for 2),1
2025-02-03T14:19:00,Menu del Día,2
2025-02-03T14:23:00,Menu del Día,1
2025-02-03T14:23:00,Menu del Día,2
2025-02-03T14:23:00,Seafood Paella (for 2),1
2025-02-03T14:28:00,Menu del Día,1
2025-02-03T14:28:00,Seafood Paella (for 2),1
2025-02-03T14:28:00,Menu del Día,1
2025-02-03T14:28:00,Seafood Paella (for 2),1
2025-02-03T14:30:00,Seafood Paella (for 2),1
2025-02-03T14:32:00,Menu del Día,1
2025-02-03T14:32:00,Menu del Día,2
2025-02-03T14:32:00,Seafood Paella (for 2),1
2025-02-03T14:35:00,Seafood Paella (for 2),1
2025-02-03T14:35:00,Seafood Paella (for 2),1
2025-02-03T14:38:00,Menu del Día,1
2025-02-03T14:38:00,Seafood Paella (for 2),1
2025-02-03T14:40:00,Menu del Día,2
2025-02-03T14:40:00,Seafood Paella (for 2),1
2025-02-03T14:40:00,Menu del Día,2
2025-02-03T14:40:00,Seafood Paella (for 2),1
2025-02-03T14:43:00,Menu del Día,1
2025-02-03T14:43:00,Seafood Paella (for 2),1
2025-02-03T14:44:00,Menu del Día,1
2025-02-03T14:44:00,Seafood Paella (for 2),1
2025-02-03T14:46:00,Menu del Día,1
2025-02-03T14:46:00,Menu del Día,1
2025-02-03T14:46:00,Seafood Paella (for 2),1
2025-02-03T14:46:00,Seafood Paella (for 2),1
2025-02-03T14:49:00,Seafood Paella (for 2),1
2025-02-03T14:49:00,Seafood Paella (for 2),1
2025-02-03T14:51:00,Menu del Día,1
2025-02-03T14:51:00,Seafood Paella (for 2),1
2025-02-03T14:53:00,Menu del Día,1
2025-02-03T14:55:00,Menu del Día,2
2025-02-03T14:57:00,Menu del Día,4
2025-02-03T14:57:00,Menu del Día,2
2025-02-03T14:57:00,Seafood Paella (for 2),1
2025-02-03T14:57:00,Seafood Paella (for 2),1
2025-02-03T14:58:00,Menu del Día,1
2025-02-03T15:29:00,Menu del Día,2
2025-02-03T15:29:00,Seafood Paella (for 2),1
2025-02-03T15:29:00,Seafood Paella (for 2),1
2025-02-03T15:42:00,Menu del Día,2
2025-02-03T15:42:00,Seafood Paella (for 2),1
2025-02-03T15:42:00,Seafood Paella (for 2),1
2025-02-03T15:56:00,Menu del Día,2
2025-02-03T16:18:00,Seafood Paella (for 2),1
2025-02-03T16:18:00,Seafood Paella (for 2),1
2025-02-03T16:46:00,Menu del Día,1
2025-02-03T20:00:00,Patatas Bravas,1
2025-02-03T20:00:00,Patatas Bravas,1
2025-02-03T20:00:00,Patatas Bravas,1
2025-02-03T20:00:00,Mineral Water,1
2025-02-03T20:00:00,House Red Wine,1
2025-02-03T20:01:00,Tortilla Española,1
2025-02-03T20:01:00,Tortilla Española,1
2025-02-03T20:01:00,Patatas Bravas,1
2025-02-03T20:01:00,House Red Wine,1
2025-02-03T20:01:00,Mineral Water,1
2025-02-03T20:08:00,Patatas Bravas,1
2025-02-03T20:08:00,Tortilla Española,1
2025-02-03T20:08:00,Tortilla Española,1
2025-02-03T20:08:00,Patatas Bravas,1
2025-02-03T20:08:00,House Red Wine,1
2025-02-03T20:08:00,House Red Wine,1
2025-02-03T20:08:00,Mineral Water,1
2025-02-03T20:10:00,Patatas Bravas,1
2025-02-03T20:10:00,Patatas Bravas,1
2025-02-03T20:10:00,Patatas Bravas,1
2025-02-03T20:10:00,Tortilla Española,1
2025-02-03T20:10:00,Tortilla Española,1
2025-02-03T20:10:00,Tortilla Española,1
2025-02-03T20:10:00,Seafood Paella (for 2),1
2025-02-03T20:10:00,Mineral Water,1
2025-02-03T20:10:00,Mineral Water,1
2025-02-03T20:10:00,House Red Wine,1
2025-02-03T20:10:00,House Red Wine,1
2025-02-03T20:15:00,Patatas Bravas,1
2025-02-03T20:15:00,Tortilla Española,1
2025-02-03T20:15:00,Patatas Bravas,1
2025-02-03T20:15:00,Tortilla Española,1
2025-02-03T20:15:00,Tortilla Española,1
2025-02-03T20:15:00,Tortilla Española,1
2025-02-03T20:15:00,Seafood Paella (for 2),1
2025-02-03T20:15:00,Mineral Water,1
2025-02-03T20:15:00,Mineral Water,1
2025-02-03T20:15:00,Mineral Water,1
2025-02-03T20:15:00,House Red Wine,1
2025-02-04T13:09:00,Seafood Paella (for 2),1
2025-02-04T13:47:00,Seafood Paella (for 2),1
2025-02-04T13:47:00,Seafood Paella (for 2),1
2025-02-04T13:54:00,Seafood Paella (for 2),1
2025-02-04T13:58:00,Seafood Paella (for 2),1
2025-02-04T14:03:00,Seafood Paella (for 2),1
2025-02-04T14:12:00,Seafood Paella (for 2),1
2025-02-04T14:14:00,Seafood Paella (for 2),1
2025-02-04T14:14:00,Seafood Paella (for 2),1
2025-02-04T14:15:00,Seafood Paella (for 2),1
2025-02-04T14:17:00,Seafood Paella (for 2),1
2025-02-04T14:17:00,Seafood Paella (for 2),1
2025-02-04T14:17:00,Seafood Paella (for 2),1
2025-02-04T14:19:00,Seafood Paella (for 2),1
2025-02-04T14:21:00,Seafood Paella (for 2),1
2025-02-04T14:25:00,Seafood Paella (for 2),1
2025-02-04T14:47:00,Seafood Paella (for 2),1
2025-02-04T14:47:00,Seafood Paella (for 2),1
2025-02-04T14:49:00,Seafood Paella (for 2),1
2025-02-04T14:49:00,Seafood Paella (for 2),1
2025-02-04T14:55:00,Seafood Paella (for 2),1
2025-02-04T15:05:00,Seafood Paella (for 2),1
2025-02-04T15:05:00,Seafood Paella (for 2),1
2025-02-04T15:16:00,Seafood Paella (for 2),1
2025-02-04T15:23:00,Seafood Paella (for 2),1
2025-02-04T15:23:00,Seafood Paella (for 2),1
2025-02-04T15:43:00,Seafood Paella (for 2),1
2025-02-04T15:43:00,Seafood Paella (for 2),1
2025-02-04T15:47:00,Seafood Paella (for 2),1
2025-02-04T15:52:00,Seafood Paella (for 2),1
2025-02-04T15:52:00,Seafood Paella (for 2),1
2025-02-04T16:09:00,Seafood Paella (for 2),1
2025-02-04T16:19:00,Seafood Paella (for 2),1
2025-02-04T16:41:00,Seafood Paella (for 2),1
2025-02-04T20:01:00,Tortilla Española,1
2025-02-04T20:01:00,Tortilla Española,1
2025-02-04T20:01:00,Patatas Bravas,1
2025-02-04T20:01:00,Seafood Paella (for 2),1
2025-02-04T20:01:00,House Red Wine,1
2025-02-04T20:01:00,Mineral Water,1
2025-02-04T20:26:00,Tortilla Española,1
2025-02-04T20:26:00,Patatas Bravas,1
2025-02-04T20:26:00,Tortilla Española,1
2025-02-04T20:26:00,Tortilla Española,1
2025-02-04T20:26:00,Seafood Paella (for 2),1
2025-02-04T20:26:00,House Red Wine,1
2025-02-04T20:26:00,House Red Wine,1
2025-02-04T20:26:00,Mineral Water,1
2025-02-04T20:37:00,Tortilla Española,1
2025-02-04T20:37:00,Patatas Bravas,1
2025-02-04T20:37:00,Tortilla Española,1
2025-02-04T20:37:00,Patatas Bravas,1
2025-02-04T20:37:00,Patatas Bravas,1
2025-02-04T20:37:00,Tortilla Española,1
2025-02-04T20:37:00,Mineral Water,1
2025-02-04T20:37:00,House Red Wine,1
2025-02-04T20:37:00,House Red Wine,1
2025-02-04T20:37:00,House Red Wine,1
2025-02-04T20:48:00,Tortilla Española,1
2025-02-04T20:48:00,Patatas Bravas,1
2025-02-04T20:48:00,Patatas Bravas,1
2025-02-04T20:48:00,Patatas Bravas,1
2025-02-04T20:48:00,House Red Wine,1
2025-02-04T20:48:00,Mineral Water,1
2025-02-04T20:48:00,Mineral Water,1
2025-02-04T20:59:00,Tortilla Española,1
2025-02-04T20:59:00,Patatas Bravas,1
2025-02-04T20:59:00,Patatas Bravas,1
2025-02-04T20:59:00,Tortilla Española,1
2025-02-04T20:59:00,House Red Wine,1
2025-02-04T20:59:00,Mineral Water,1
2025-02-04T20:59:00,House Red Wine,1
2025-02-04T21:33:00,Patatas Bravas,1
2025-02-04T21:33:00,Patatas Bravas,1
2025-02-04T21:33:00,Patatas Bravas,1
2025-02-04T21:33:00,Mineral Water,1
2025-02-04T21:33:00,House Red Wine,1
2025-02-04T21:40:00,Patatas Bravas,1
2025-02-04T21:40:00,Patatas Bravas,1
2025-02-04T21:40:00,Patatas Bravas,1
2025-02-04T21:40:00,Mineral Water,1
2025-02-04T21:40:00,House Red Wine,1
2025-02-04T21:45:00,Patatas Bravas,1
2025-02-04T21:45:00,Patatas Bravas,1
2025-02-04T21:45:00,Patatas Bravas,1
2025-02-04T21:45:00,Mineral Water,1
2025-02-04T21:45:00,House Red Wine,1
2025-02-04T22:03:00,Tortilla Española,1
2025-02-04T22:03:00,Tortilla Española,1
2025-02-04T22:03:00,Tortilla Española,1
2025-02-04T22:03:00,Tortilla Española,1
2025-02-04T22:03:00,Mineral Water,1
2025-02-04T22:03:00,House Red Wine,1
2025-02-04T22:03:00,Mineral Water,1
2025-02-04T22:07:00,Patatas Bravas,1
2025-02-04T22:07:00,Tortilla Española,1
2025-02-04T22:07:00,Tortilla Española,1
2025-02-04T22:07:00,House Red Wine,1
2025-02-04T22:07:00,Mineral Water,1
2025-02-04T22:09:00,Tortilla Española,1
2025-02-04T22:09:00,Patatas Bravas,1
2025-02-04T22:09:00,Patatas Bravas,1
2025-02-04T22:09:00,Seafood Paella (for 2),1
2025-02-04T22:09:00,House Red Wine,1
2025-02-04T22:09:00,Mineral Water,1
2025-02-04T22:20:00,Tortilla Española,1
2025-02-04T22:20:00,Tortilla Española,1
2025-02-04T22:20:00,Tortilla Española,1
2025-02-04T22:20:00,House Red Wine,1
2025-02-04T22:20:00,House Red Wine,1
2025-02-04T22:33:00,Patatas Bravas,1
2025-02-04T22:33:00,Tortilla Española,1
2025-02-04T22:33:00,Tortilla Española,1
2025-02-04T22:33:00,Tortilla Española,1
2025-02-04T22:33:00,Patatas Bravas,1
2025-02-04T22:33:00,Tortilla Española,1
2025-02-04T22:33:00,Seafood Paella (for 2),1
2025-02-04T22:33:00,House Red Wine,1
2025-02-04T22:33:00,Mineral Water,1
2025-02-04T22:33:00,Mineral Water,1
2025-02-04T22:33:00,House Red Wine,1
2025-02-04T22:33:00,Patatas Bravas,1
2025-02-04T22:33:00,Patatas Bravas,1
2025-02-04T22:33:00,Patatas Bravas,1
2025-02-04T22:33:00,Mineral Water,1
2025-02-04T22:33:00,Mineral Water,1
2025-02-04T22:40:00,Patatas Bravas,1
2025-02-04T22:40:00,Patatas Bravas,1
2025-02-04T22:40:00,Patatas Bravas,1
2025-02-04T22:40:00,Mineral Water,1
2025-02-04T22:40:00,House Red Wine,1
2025-02-04T23:21:00,Patatas Bravas,1
2025-02-04T23:21:00,Patatas Bravas,1
2025-02-04T23:21:00,Tortilla Española,1
2025-02-04T23:21:00,Patatas Bravas,1
2025-02-04T23:21:00,Patatas Bravas,1
2025-02-04T23:21:00,Tortilla Española,1
2025-02-04T23:21:00,House Red Wine,1
2025-02-04T23:21:00,House Red Wine,1
2025-02-04T23:21:00,House Red Wine,1
2025-02-04T23:21:00,House Red Wine,1
2025-02-05T13:09:00,Seafood Paella (for 2),1
2025-02-05T13:09:00,Seafood Paella (for 2),1
2025-02-05T13:19:00,Seafood Paella (for 2),1
2025-02-05T13:19:00,Seafood Paella (for 2),1
2025-02-05T13:20:00,Seafood Paella (for 2),1
2025-02-05T13:56:00,Seafood Paella (for 2),1
2025-02-05T14:00:00,Seafood Paella (for 2),1
2025-02-05T14:12:00,Seafood Paella (for 2),1
2025-02-05T14:12:00,Seafood Paella (for 2),1
2025-02-05T14:12:00,Seafood Paella (for 2),1
2025-02-05T14:23:00,Seafood Paella (for 2),1
2025-02-05T14:34:00,Seafood Paella (for 2),1
2025-02-05T14:47:00,Seafood Paella (for 2),1
2025-02-05T15:01:00,Seafood Paella (for 2),1
2025-02-05T15:07:00,Seafood Paella (for 2),1
2025-02-05T15:07:00,Seafood Paella (for 2),1
2025-02-05T15:12:00,Seafood Paella (for 2),1
2025-02-05T15:17:00,Seafood Paella (for 2),1
2025-02-05T15:18:00,Seafood Paella (for 2),1
2025-02-05T15:20:00,Seafood Paella (for 2),1
2025-02-05T15:20:00,Seafood Paella (for 2),1
2025-02-05T15:26:00,Seafood Paella (for 2),1
2025-02-05T15:36:00,Seafood Paella (for 2),1
2025-02-05T15:52:00,Seafood Paella (for 2),1
2025-02-05T15:52:00,Seafood Paella (for 2),1
2025-02-05T15:53:00,Seafood Paella (for 2),1
2025-02-05T15:53:00,Seafood Paella (for 2),1
2025-02-05T16:34:00,Seafood Paella (for 2),1
2025-02-05T16:42:00,Seafood Paella (for 2),1
2025-02-05T16:47:00,Seafood Paella (for 2),1
2025-02-05T16:55:00,Seafood Paella (for 2),1
2025-02-05T16:57:00,Seafood Paella (for 2),1
2025-02-05T20:00:00,Patatas Bravas,1
2025-02-05T20:00:00,Tortilla Española,1
2025-02-05T20:00:00,Patatas Bravas,1
2025-02-05T20:00:00,House Red Wine,1
2025-02-05T20:00:00,House Red Wine,1
2025-02-05T20:08:00,Patatas Bravas,1
2025-02-05T20:08:00,Tortilla Española,1
2025-02-05T20:08:00,Patatas Bravas,1
2025-02-05T20:08:00,Mineral Water,1
2025-02-05T20:08:00,House Red Wine,1
2025-02-05T20:09:00,Patatas Bravas,1
2025-02-05T20:09:00,Tortilla Española,1
2025-02-05T20:09:00,Patatas Bravas,1
2025-02-05T20:09:00,Mineral Water,1
2025-02-05T20:09:00,House Red Wine,1
2025-02-05T20:10:00,Tortilla Española,1
2025-02-05T20:10:00,Patatas Bravas,1
2025-02-05T20:10:00,Patatas Bravas,1
2025-02-05T20:10:00,House Red Wine,1
2025-02-05T20:10:00,Mineral Water,1
2025-02-05T20:10:00,Patatas Bravas,1
2025-02-05T20:10:00,Mineral Water,1
2025-02-05T20:14:00,Tortilla Española,1
2025-02-05T20:14:00,Patatas Bravas,1
2025-02-05T20:14:00,Tortilla Española,1
2025-02-05T20:14:00,Patatas Bravas,1
2025-02-05T20:14:00,Mineral Water,1
2025-02-05T20:14:00,Mineral Water,1
2025-02-05T20:14:00,Mineral Water,1
2025-02-05T20:15:00,Tortilla Española,1
2025-02-05T20:15:00,Tortilla Española,1
2025-02-05T20:15:00,Tortilla Española,1
2025-02-05T20:15:00,Mineral Water,1
2025-02-05T20:15:00,Mineral Water,1
2025-02-05T20:18:00,Patatas Bravas,1
2025-02-05T20:18:00,Tortilla Española,1
2025-02-05T20:18:00,Tortilla Española,1
2025-02-05T20:18:00,House Red Wine,1
2025-02-05T20:18:00,House Red Wine,1
2025-02-05T20:19:00,Tortilla Española,1
2025-02-05T20:19:00,Patatas Bravas,1
2025-02-05T20:19:00,Patatas Bravas,1
2025-02-05T20:19:00,Mineral Water,1
2025-02-05T20:19:00,Mineral Water,1
2025-02-05T20:22:00,Tortilla Española,1
2025-02-05T20:22:00,Patatas Bravas,1
2025-02-05T20:22:00,Patatas Bravas,1
2025-02-05T20:22:00,Patatas Bravas,1
2025-02-05T20:22:00,Tortilla Española,1
2025-02-05T20:22:00,Patatas Bravas,1
2025-02-05T20:22:00,Seafood Paella (for 2),1
2025-02-05T20:22:00,House Red Wine,1
2025-02-05T20:22:00,Mineral Water,1
2025-02-05T20:22:00,House Red Wine,1
2025-02-05T20:22:00,House Red Wine,1
2025-02-05T20:22:00,Tortilla Española,1
2025-02-05T20:22:00,Patatas Bravas,1
2025-02-05T20:22:00,Patatas Bravas,1
2025-02-05T20:22:00,House Red Wine,1
2025-02-05T20:22:00,Mineral Water,1
2025-02-05T20:24:00,Tortilla Española,1
2025-02-05T20:24:00,Tortilla Española,1
2025-02-05T20:24:00,Patatas Bravas,1
2025-02-05T20:24:00,House Red Wine,1
2025-02-05T20:24:00,Mineral Water,1
2025-02-05T20:24:00,Patatas Bravas,1
2025-02-05T20:24:00,House Red Wine,1
2025-02-05T20:32:00,Patatas Bravas,1
2025-02-05T20:32:00,Tortilla Española,1
2025-02-05T20:32:00,Patatas Bravas,1
2025-02-05T20:32:00,Patatas Bravas,1
2025-02-05T20:32:00,Seafood Paella (for 2),1
2025-02-05T20:32:00,House Red Wine,1
2025-02-05T20:32:00,House Red Wine,1
2025-02-05T20:32:00,Mineral Water,1
2025-02-05T20:33:00,Patatas Bravas,1
2025-02-05T20:33:00,Tortilla Española,1
2025-02-05T20:33:00,Patatas Bravas,1
2025-02-05T20:33:00,House Red Wine,1
2025-02-05T20:33:00,Mineral Water,1
2025-02-05T20:34:00,Tortilla Española,1
2025-02-05T20:34:00,Seafood Paella (for 2),1
2025-02-05T20:34:00,House Red Wine,1
2025-02-05T20:34:00,Tortilla Española,1
2025-02-05T20:34:00,Tortilla Española,1
2025-02-05T20:34:00,Tortilla Española,1
2025-02-05T20:34:00,Seafood Paella (for 2),1
2025-02-05T20:34:00,Mineral Water,1
2025-02-05T20:34:00,House Red Wine,1
2025-02-05T20:35:00,Tortilla Española,1
2025-02-05T20:35:00,Tortilla Española,1
2025-02-05T20:35:00,Tortilla Española,1
2025-02-05T20:35:00,House Red Wine,1
2025-02-05T20:35:00,Mineral Water,1
2025-02-05T20:35:00,Patatas Bravas,1
2025-02-05T20:35:00,Tortilla Española,1
2025-02-05T20:35:00,Tortilla Española,1
2025-02-05T20:35:00,House Red Wine,1
2025-02-05T20:35:00,Mineral Water,1
2025-02-05T20:36:00,Tortilla Española,1
2025-02-05T20:36:00,Patatas Bravas,1
2025-02-05T20:36:00,Tortilla Española,1
2025-02-05T20:36:00,Tortilla Española,1
2025-02-05T20:36:00,Mineral Water,1
2025-02-05T20:36:00,House Red Wine,1
2025-02-05T20:36:00,House Red Wine,1
2025-02-05T20:41:00,Tortilla Española,1
2025-02-05T20:41:00,Mineral Water,1
2025-02-05T21:03:00,Tortilla Española,1
2025-02-05T21:03:00,Seafood Paella (for 2),1
2025-02-05T21:03:00,Mineral Water,1
2025-02-06T13:12:00,Menu del Día,1
2025-02-06T13:12:00,Seafood Paella (for 2),1
2025-02-06T13:25:00,Menu del Día,1
2025-02-06T13:25:00,Seafood Paella (for 2),1
2025-02-06T13:43:00,Menu del Día,1
2025-02-06T13:49:00,Menu del Día,1
2025-02-06T13:49:00,Seafood Paella (for 2),1
2025-02-06T13:52:00,Menu del Día,2
2025-02-06T14:04:00,Menu del Día,2
2025-02-06T14:15:00,Seafood Paella (for 2),1
2025-02-06T14:15:00,Seafood Paella (for 2),1
2025-02-06T14:24:00,Menu del Día,1
2025-02-06T14:24:00,Seafood Paella (for 2),1
2025-02-06T14:31:00,Menu del Día,2
2025-02-06T14:31:00,Seafood Paella (for 2),1
2025-02-06T14:37:00,Menu del Día,1
2025-02-06T14:38:00,Menu del Día,2
2025-02-06T14:39:00,Menu del Día,1
2025-02-06T14:39:00,Seafood Paella (for 2),1
2025-02-06T14:40:00,Menu del Día,1
2025-02-06T14:47:00,Seafood Paella (for 2),1
2025-02-06T14:49:00,Menu del Día,1
2025-02-06T14:50:00,Menu del Día,1
2025-02-06T15:01:00,Menu del Día,1
2025-02-06T15:01:00,Seafood Paella (for 2),1
2025-02-06T15:02:00,Menu del Día,1
2025-02-06T15:03:00,Menu del Día,2
2025-02-06T15:05:00,Menu del Día,1
2025-02-06T15:05:00,Seafood Paella (for 2),1
2025-02-06T15:07:00,Menu del Día,1
2025-02-06T15:12:00,Menu del Día,1
2025-02-06T15:12:00,Seafood Paella (for 2),1
2025-02-06T15:19:00,Menu del Día,2
2025-02-06T15:26:00,Menu del Día,1
2025-02-06T15:26:00,Seafood Paella (for 2),1
2025-02-06T15:27:00,Menu del Día,2
2025-02-06T15:28:00,Menu del Día,2
2025-02-06T15:28:00,Seafood Paella (for 2),1
2025-02-06T15:28:00,Seafood Paella (for 2),1
2025-02-06T15:30:00,Menu del Día,2
2025-02-06T15:30:00,Seafood Paella (for 2),1
2025-02-06T15:33:00,Menu del Día,1
2025-02-06T15:35:00,Menu del Día,2
2025-02-06T15:37:00,Menu del Día,2
2025-02-06T15:39:00,Menu del Día,2
2025-02-06T15:40:00,Menu del Día,1
2025-02-06T15:42:00,Menu del Día,2
2025-02-06T15:42:00,Seafood Paella (for 2),1
2025-02-06T15:42:00,Seafood Paella (for 2),1
2025-02-06T15:45:00,Menu del Día,2
2025-02-06T15:47:00,Seafood Paella (for 2),1
2025-02-06T15:47:00,Seafood Paella (for 2),1
2025-02-06T15:48:00,Menu del Día,1
2025-02-06T15:48:00,Seafood Paella (for 2),1
2025-02-06T15:53:00,Menu del Día,1
2025-02-06T15:53:00,Seafood Paella (for 2),1
2025-02-06T15:54:00,Menu del Día,2
2025-02-06T15:58:00,Menu del Día,1
2025-02-06T15:58:00,Seafood Paella (for 2),1
2025-02-06T15:59:00,Menu del Día,4
2025-02-06T16:00:00,Menu del Día,1
2025-02-06T16:03:00,Menu del Día,1
2025-02-06T16:03:00,Seafood Paella (for 2),1
2025-02-06T16:35:00,Menu del Día,2
2025-02-06T16:37:00,Menu del Día,1
2025-02-06T16:37:00,Seafood Paella (for 2),1
2025-02-06T20:12:00,Tortilla Española,1
2025-02-06T20:12:00,Tortilla Española,1
2025-02-06T20:12:00,Tortilla Española,1
2025-02-06T20:12:00,Tortilla Española,1
2025-02-06T20:12:00,Seafood Paella (for 2),1
2025-02-06T20:12:00,House Red Wine,1
2025-02-06T20:12:00,Mineral Water,1
2025-02-06T20:12:00,House Red Wine,1
2025-02-06T20:13:00,Tortilla Española,1
2025-02-06T20:13:00,Patatas Bravas,1
2025-02-06T20:13:00,Patatas Bravas,1
2025-02-06T20:13:00,Patatas Bravas,1
2025-02-06T20:13:00,Tortilla Española,1
2025-02-06T20:13:00,Patatas Bravas,1
2025-02-06T20:13:00,Seafood Paella (for 2),1
2025-02-06T20:13:00,House Red Wine,1
2025-02-06T20:13:00,House Red Wine,1
2025-02-06T20:13:00,Mineral Water,1
2025-02-06T20:13:00,House Red Wine,1
2025-02-06T20:16:00,Patatas Bravas,1
2025-02-06T20:16:00,Tortilla Española,1
2025-02-06T20:16:00,Patatas Bravas,1
2025-02-06T20:16:00,House Red Wine,1
2025-02-06T20:16:00,House Red Wine,1
2025-02-06T20:17:00,Tortilla Española,1
2025-02-06T20:17:00,Patatas Bravas,1
2025-02-06T20:17:00,Patatas Bravas,1
2025-02-06T20:17:00,Patatas Bravas,1
2025-02-06T20:17:00,Patatas Bravas,1
2025-02-06T20:17:00,Patatas Bravas,1
2025-02-06T20:17:00,Seafood Paella (for 2),1
2025-02-06T20:17:00,Mineral Water,1
2025-02-06T20:17:00,Mineral Water,1
2025-02-06T20:17:00,House Red Wine,1
2025-02-06T20:17:00,House Red Wine,1
2025-02-06T20:17:00,Crema Catalana,1
2025-02-06T20:17:00,Patatas Bravas,1
2025-02-06T20:17:00,Tortilla Española,1
2025-02-06T20:17:00,Patatas Bravas,1
2025-02-06T20:17:00,Mineral Water,1
2025-02-06T20:17:00,House Red Wine,1
2025-02-06T20:27:00,Patatas Bravas,1
2025-02-06T20:27:00,Tortilla Española,1
2025-02-06T20:27:00,Tortilla Española,1
2025-02-06T20:27:00,Tortilla Española,1
2025-02-06T20:27:00,Tortilla Española,1
2025-02-06T20:27:00,Patatas Bravas,1
2025-02-06T20:27:00,Seafood Paella (for 2),1
2025-02-06T20:27:00,House Red Wine,1
2025-02-06T20:27:00,Mineral Water,1
2025-02-06T20:27:00,Mineral Water,1
2025-02-06T20:27:00,House Red Wine,1
2025-02-06T20:27:00,Crema Catalana,1
2025-02-06T20:48:00,Tortilla Española,1
2025-02-06T20:48:00,Patatas Bravas,1
2025-02-06T20:48:00,Tortilla Española,1
2025-02-06T20:48:00,Tortilla Española,1
2025-02-06T20:48:00,Seafood Paella (for 2),1
2025-02-06T20:48:00,Mineral Water,1
2025-02-06T20:48:00,House Red Wine,1
2025-02-06T20:48:00,Mineral Water,1
2025-02-06T20:48:00,Crema Catalana,1
2025-02-06T20:48:00,Patatas Bravas,1
2025-02-06T20:48:00,Seafood Paella (for 2),1
2025-02-06T20:48:00,Mineral Water,1
2025-02-06T21:06:00,Patatas Bravas,1
2025-02-06T21:06:00,Tortilla Española,1
2025-02-06T21:06:00,Patatas Bravas,1
2025-02-06T21:06:00,Mineral Water,1
2025-02-06T21:06:00,House Red Wine,1
2025-02-06T21:06:00,Crema Catalana,1
2025-02-06T21:07:00,Tortilla Española,1
2025-02-06T21:07:00,Tortilla Española,1
2025-02-06T21:07:00,Patatas Bravas,1
2025-02-06T21:07:00,Patatas Bravas,1
2025-02-06T21:07:00,Seafood Paella (for 2),1
2025-02-06T21:07:00,Mineral Water,1
2025-02-06T21:07:00,Mineral Water,1
2025-02-06T21:07:00,Mineral Water,1
2025-02-06T21:07:00,Crema Catalana,1
2025-02-06T21:12:00,Patatas Bravas,1
2025-02-06T21:12:00,Tortilla Española,1
2025-02-06T21:12:00,Patatas Bravas,1
2025-02-06T21:12:00,Mineral Water,1
2025-02-06T21:12:00,House Red Wine,1
2025-02-06T21:12:00,Crema Catalana,1
2025-02-06T21:12:00,Crema Catalana,1
2025-02-06T21:16:00,Tortilla Española,1
2025-02-06T21:16:00,Patatas Bravas,1
2025-02-06T21:16:00,Tortilla Española,1
2025-02-06T21:16:00,House Red Wine,1
2025-02-06T21:16:00,House Red Wine,1
2025-02-06T21:16:00,Tortilla Española,1
2025-02-06T21:16:00,Patatas Bravas,1
2025-02-06T21:16:00,Patatas Bravas,1
2025-02-06T21:16:00,Tortilla Española,1
2025-02-06T21:16:00,Seafood Paella (for 2),1
2025-02-06T21:16:00,House Red Wine,1
2025-02-06T21:16:00,House Red Wine,1
2025-02-06T21:16:00,Mineral Water,1
2025-02-06T21:18:00,Patatas Bravas,1
2025-02-06T21:18:00,Mineral Water,1
2025-02-06T21:19:00,Tortilla Española,1
2025-02-06T21:19:00,House Red Wine,1
2025-02-06T21:20:00,Patatas Bravas,1
2025-02-06T21:20:00,Patatas Bravas,1
2025-02-06T21:20:00,Tortilla Española,1
2025-02-06T21:20:00,House Red Wine,1
2025-02-06T21:20:00,House Red Wine,1
2025-02-06T21:20:00,Crema Catalana,1
2025-02-06T21:20:00,Crema Catalana,1
2025-02-06T21:21:00,Patatas Bravas,1
2025-02-06T21:21:00,Patatas Bravas,1
2025-02-06T21:21:00,Tortilla Española,1
2025-02-06T21:21:00,Tortilla Española,1
2025-02-06T21:21:00,Seafood Paella (for 2),1
2025-02-06T21:21:00,Mineral Water,1
2025-02-06T21:21:00,Mineral Water,1
2025-02-06T21:21:00,House Red Wine,1
2025-02-06T21:23:00,Patatas Bravas,1
2025-02-06T21:23:00,Patatas Bravas,1
2025-02-06T21:23:00,Tortilla Española,1
2025-02-06T21:23:00,Tortilla Española,1
2025-02-06T21:23:00,Seafood Paella (for 2),1
2025-02-06T21:23:00,House Red Wine,1
2025-02-06T21:23:00,Mineral Water,1
2025-02-06T21:23:00,Mineral Water,1
2025-02-06T21:23:00,Crema Catalana,1
2025-02-06T21:23:00,Crema Catalana,1
2025-02-06T22:44:00,Tortilla Española,1
2025-02-06T22:44:00,House Red Wine,1
2025-02-07T13:09:00,Patatas Bravas,1
2025-02-07T13:09:00,Tortilla Española,1
2025-02-07T13:09:00,Patatas Bravas,1
2025-02-07T13:09:00,House Red Wine,1
2025-02-07T13:09:00,House Red Wine,1
2025-02-07T13:09:00,Crema Catalana,1
2025-02-07T13:17:00,Patatas Bravas,1
2025-02-07T13:17:00,Tortilla Española,1
2025-02-07T13:17:00,Tortilla Española,1
2025-02-07T13:17:00,House Red Wine,1
2025-02-07T13:17:00,House Red Wine,1
2025-02-07T13:17:00,Tortilla Española,1
2025-02-07T13:17:00,Patatas Bravas,1
2025-02-07T13:17:00,Patatas Bravas,1
2025-02-07T13:17:00,Patatas Bravas,1
2025-02-07T13:17:00,Tortilla Española,1
2025-02-07T13:17:00,Tortilla Española,1
2025-02-07T13:17:00,Mineral Water,1
2025-02-07T13:17:00,House Red Wine,1
2025-02-07T13:17:00,Mineral Water,1
2025-02-07T13:17:00,House Red Wine,1
2025-02-07T13:27:00,Tortilla Española,1
2025-02-07T13:27:00,Patatas Bravas,1
2025-02-07T13:27:00,Patatas Bravas,1
2025-02-07T13:27:00,Mineral Water,1
2025-02-07T13:27:00,House Red Wine,1
2025-02-07T13:27:00,Crema Catalana,1
2025-02-07T13:27:00,Crema Catalana,1
2025-02-07T13:32:00,Tortilla Española,1
2025-02-07T13:32:00,Patatas Bravas,1
2025-02-07T13:32:00,Tortilla Española,1
2025-02-07T13:32:00,Tortilla Española,1
2025-02-07T13:32:00,Seafood Paella (for 2),1
2025-02-07T13:32:00,Mineral Water,1
2025-02-07T13:32:00,Mineral Water,1
2025-02-07T13:32:00,House Red Wine,1
2025-02-07T13:32:00,Crema Catalana,1
2025-02-07T13:32:00,Crema Catalana,1
2025-02-07T13:32:00,Patatas Bravas,1
2025-02-07T13:32:00,Patatas Bravas,1
2025-02-07T13:32:00,Patatas Bravas,1
2025-02-07T13:32:00,Tortilla Española,1
2025-02-07T13:32:00,Patatas Bravas,1
2025-02-07T13:32:00,Patatas Bravas,1
2025-02-07T13:32:00,Mineral Water,1
2025-02-07T13:32:00,House Red Wine,1
2025-02-07T13:32:00,Mineral Water,1
2025-02-07T13:32:00,Mineral Water,1
2025-02-07T13:32:00,Crema Catalana,1
2025-02-07T13:32:00,Crema Catalana,1
2025-02-07T13:36:00,Patatas Bravas,1
2025-02-07T13:36:00,Mineral Water,1
2025-02-07T13:36:00,Crema Catalana,1
2025-02-07T13:36:00,Tortilla Española,1
2025-02-07T13:36:00,Tortilla Española,1
2025-02-07T13:36:00,Patatas Bravas,1
2025-02-07T13:36:00,House Red Wine,1
2025-02-07T13:36:00,Mineral Water,1
2025-02-07T13:36:00,Crema Catalana,1
2025-02-07T13:40:00,Tortilla Española,1
2025-02-07T13:40:00,Tortilla Española,1
2025-02-07T13:40:00,Patatas Bravas,1
2025-02-07T13:40:00,Seafood Paella (for 2),1
2025-02-07T13:40:00,House Red Wine,1
2025-02-07T13:40:00,House Red Wine,1
2025-02-07T13:40:00,Crema Catalana,1
2025-02-07T13:40:00,Crema Catalana,1
2025-02-07T13:42:00,Patatas Bravas,1
2025-02-07T13:42:00,Patatas Bravas,1
2025-02-07T13:42:00,Patatas Bravas,1
2025-02-07T13:42:00,House Red Wine,1
2025-02-07T13:42:00,Mineral Water,1
2025-02-07T13:43:00,Tortilla Española,1
2025-02-07T13:43:00,Tortilla Española,1
2025-02-07T13:43:00,Tortilla Española,1
2025-02-07T13:43:00,House Red Wine,1
2025-02-07T13:43:00,Mineral Water,1
2025-02-07T13:47:00,Tortilla Española,1
2025-02-07T13:47:00,Patatas Bravas,1
2025-02-07T13:47:00,Patatas Bravas,1
2025-02-07T13:47:00,Patatas Bravas,1
2025-02-07T13:47:00,House Red Wine,1
2025-02-07T13:47:00,Mineral Water,1
2025-02-07T13:47:00,House Red Wine,1
2025-02-07T13:54:00,Patatas Bravas,1
2025-02-07T13:54:00,Patatas Bravas,1
2025-02-07T13:54:00,Tortilla Española,1
2025-02-07T13:54:00,House Red Wine,1
2025-02-07T13:54:00,Mineral Water,1
2025-02-07T13:55:00,Patatas Bravas,1
2025-02-07T13:55:00,Seafood Paella (for 2),1
2025-02-07T13:55:00,House Red Wine,1
2025-02-07T14:00:00,Patatas Bravas,1
2025-02-07T14:00:00,Tortilla Española,1
2025-02-07T14:00:00,Tortilla Española,1
2025-02-07T14:00:00,House Red Wine,1
2025-02-07T14:00:00,House Red Wine,1
2025-02-07T14:00:00,Crema Catalana,1
2025-02-07T14:00:00,Crema Catalana,1
2025-02-07T14:01:00,Patatas Bravas,1
2025-02-07T14:01:00,Patatas Bravas,1
2025-02-07T14:01:00,Patatas Bravas,1
2025-02-07T14:01:00,Mineral Water,1
2025-02-07T14:01:00,Mineral Water,1
2025-02-07T14:02:00,Tortilla Española,1
2025-02-07T14:02:00,Patatas Bravas,1
2025-02-07T14:02:00,Tortilla Española,1
2025-02-07T14:02:00,Tortilla Española,1
2025-02-07T14:02:00,House Red Wine,1
2025-02-07T14:02:00,Mineral Water,1
2025-02-07T14:02:00,Mineral Water,1
2025-02-07T14:02:00,Tortilla Española,1
2025-02-07T14:02:00,Tortilla Española,1
2025-02-07T14:02:00,Tortilla Española,1
2025-02-07T14:02:00,Mineral Water,1
2025-02-07T14:02:00,Mineral Water,1
2025-02-07T14:03:00,Patatas Bravas,1
2025-02-07T14:03:00,Patatas Bravas,1
2025-02-07T14:03:00,Tortilla Española,1
2025-02-07T14:03:00,Tortilla Española,1
2025-02-07T14:03:00,Seafood Paella (for 2),1
2025-02-07T14:03:00,Mineral Water,1
2025-02-07T14:03:00,Mineral Water,1
2025-02-07T14:03:00,House Red Wine,1
2025-02-07T14:05:00,Tortilla Española,1
2025-02-07T14:05:00,Patatas Bravas,1
2025-02-07T14:05:00,Tortilla Española,1
2025-02-07T14:05:00,Mineral Water,1
2025-02-07T14:05:00,House Red Wine,1
2025-02-07T14:05:00,Crema Catalana,1
2025-02-07T14:05:00,Crema Catalana,1
2025-02-07T14:06:00,Tortilla Española,1
2025-02-07T14:06:00,Patatas Bravas,1
2025-02-07T14:06:00,Tortilla Española,1
2025-02-07T14:06:00,Mineral Water,1
2025-02-07T14:06:00,Mineral Water,1
2025-02-07T14:06:00,Tortilla Española,1
2025-02-07T14:06:00,Tortilla Española,1
2025-02-07T14:06:00,Patatas Bravas,1
2025-02-07T14:06:00,Mineral Water,1
2025-02-07T14:06:00,House Red Wine,1
2025-02-07T14:06:00,Crema Catalana,1
2025-02-07T14:06:00,Crema Catalana,1
2025-02-07T14:07:00,Tortilla Española,1
2025-02-07T14:07:00,Tortilla Española,1
2025-02-07T14:07:00,Tortilla Española,1
2025-02-07T14:07:00,House Red Wine,1
2025-02-07T14:07:00,House Red Wine,1
2025-02-07T14:07:00,Crema Catalana,1
2025-02-07T14:07:00,Tortilla Española,1
2025-02-07T14:07:00,Tortilla Española,1
2025-02-07T14:07:00,Tortilla Española,1
2025-02-07T14:07:00,House Red Wine,1
2025-02-07T14:07:00,Mineral Water,1
2025-02-07T14:07:00,Crema Catalana,1
2025-02-07T14:07:00,Patatas Bravas,1
2025-02-07T14:07:00,Tortilla Española,1
2025-02-07T14:07:00,Tortilla Española,1
2025-02-07T14:07:00,Mineral Water,1
2025-02-07T14:07:00,House Red Wine,1
2025-02-07T14:07:00,Crema Catalana,1
2025-02-07T14:07:00,Crema Catalana,1
2025-02-07T14:08:00,Patatas Bravas,1
2025-02-07T14:08:00,Tortilla Española,1
2025-02-07T14:08:00,Tortilla Española,1
2025-02-07T14:08:00,Mineral Water,1
2025-02-07T14:08:00,House Red Wine,1
2025-02-07T14:13:00,Patatas Bravas,1
2025-02-07T14:13:00,Tortilla Española,1
2025-02-07T14:13:00,Patatas Bravas,1
2025-02-07T14:13:00,House Red Wine,1
2025-02-07T14:13:00,House Red Wine,1
2025-02-07T14:13:00,Crema Catalana,1
2025-02-07T14:14:00,Tortilla Española,1
2025-02-07T14:14:00,Tortilla Española,1
2025-02-07T14:14:00,Patatas Bravas,1
2025-02-07T14:14:00,Seafood Paella (for 2),1
2025-02-07T14:14:00,Mineral Water,1
2025-02-07T14:14:00,Mineral Water,1
2025-02-07T14:15:00,Patatas Bravas,1
2025-02-07T14:15:00,Patatas Bravas,1
2025-02-07T14:15:00,Patatas Bravas,1
2025-02-07T14:15:00,Mineral Water,1
2025-02-07T14:15:00,Mineral Water,1
2025-02-07T14:15:00,Crema Catalana,1
2025-02-07T14:15:00,Crema Catalana,1
2025-02-07T14:19:00,Patatas Bravas,1
2025-02-07T14:19:00,Tortilla Española,1
2025-02-07T14:19:00,Tortilla Española,1
2025-02-07T14:19:00,Mineral Water,1
2025-02-07T14:19:00,House Red Wine,1
2025-02-07T14:22:00,Patatas Bravas,1
2025-02-07T14:22:00,Seafood Paella (for 2),1
2025-02-07T14:22:00,Mineral Water,1
2025-02-07T14:22:00,Patatas Bravas,1
2025-02-07T14:22:00,Patatas Bravas,1
2025-02-07T14:22:00,Patatas Bravas,1
2025-02-07T14:22:00,Patatas Bravas,1
2025-02-07T14:22:00,Seafood Paella (for 2),1
2025-02-07T14:22:00,House Red Wine,1
2025-02-07T14:22:00,House Red Wine,1
2025-02-07T14:22:00,Mineral Water,1
2025-02-07T14:22:00,Crema Catalana,1
2025-02-07T14:23:00,Tortilla Española,1
2025-02-07T14:23:00,House Red Wine,1
2025-02-07T14:25:00,Tortilla Española,1
2025-02-07T14:25:00,Tortilla Española,1
2025-02-07T14:25:00,Tortilla Española,1
2025-02-07T14:25:00,House Red Wine,1
2025-02-07T14:25:00,Mineral Water,1
2025-02-07T14:27:00,Patatas Bravas,1
2025-02-07T14:27:00,Patatas Bravas,1
2025-02-07T14:27:00,Patatas Bravas,1
2025-02-07T14:27:00,Mineral Water,1
2025-02-07T14:27:00,Mineral Water,1
2025-02-08T13:00:00,Patatas Bravas,1
2025-02-08T13:00:00,Patatas Bravas,1
2025-02-08T13:00:00,Patatas Bravas,1
2025-02-08T13:00:00,House Red Wine,1
2025-02-08T13:00:00,Mineral Water,1
2025-02-08T13:01:00,Tortilla Española,1
2025-02-08T13:01:00,Patatas Bravas,1
2025-02-08T13:01:00,Patatas Bravas,1
2025-02-08T13:01:00,Tortilla Española,1
2025-02-08T13:01:00,Patatas Bravas,1
2025-02-08T13:01:00,Tortilla Española,1
2025-02-08T13:01:00,Mineral Water,1
2025-02-08T13:01:00,House Red Wine,1
2025-02-08T13:01:00,Mineral Water,1
2025-02-08T13:01:00,House Red Wine,1
2025-02-08T13:01:00,Crema Catalana,1
2025-02-08T13:01:00,Crema Catalana,1
2025-02-08T13:01:00,Crema Catalana,1
2025-02-08T13:01:00,Crema Catalana,1
2025-02-08T13:01:00,Patatas Bravas,1
2025-02-08T13:01:00,Patatas Bravas,1
2025-02-08T13:01:00,Tortilla Española,1
2025-02-08T13:01:00,Mineral Water,1
2025-02-08T13:01:00,House Red Wine,1
2025-02-08T13:01:00,Crema Catalana,1
2025-02-08T13:02:00,Patatas Bravas,1
2025-02-08T13:02:00,Patatas Bravas,1
2025-02-08T13:02:00,Tortilla Española,1
2025-02-08T13:02:00,Mineral Water,1
2025-02-08T13:02:00,House Red Wine,1
2025-02-08T13:02:00,Crema Catalana,1
2025-02-08T13:02:00,Crema Catalana,1
2025-02-08T13:05:00,Tortilla Española,1
2025-02-08T13:05:00,Patatas Bravas,1
2025-02-08T13:05:00,Tortilla Española,1
2025-02-08T13:05:00,Tortilla Española,1
2025-02-08T13:05:00,House Red Wine,1
2025-02-08T13:05:00,House Red Wine,1
2025-02-08T13:05:00,Mineral Water,1
2025-02-08T13:05:00,Crema Catalana,1
2025-02-08T13:05:00,Tortilla Española,1
2025-02-08T13:05:00,Tortilla Española,1
2025-02-08T13:05:00,Patatas Bravas,1
2025-02-08T13:05:00,Tortilla Española,1
2025-02-08T13:05:00,Mineral Water,1
2025-02-08T13:05:00,Mineral Water,1
2025-02-08T13:05:00,House Red Wine,1
2025-02-08T13:05:00,Crema Catalana,1
2025-02-08T13:05:00,Crema Catalana,1
2025-02-08T13:05:00,Crema Catalana,1
2025-02-08T13:06:00,Patatas Bravas,1
2025-02-08T13:06:00,Tortilla Española,1
2025-02-08T13:06:00,Patatas Bravas,1
2025-02-08T13:06:00,Patatas Bravas,1
2025-02-08T13:06:00,Tortilla Española,1
2025-02-08T13:06:00,Tortilla Española,1
2025-02-08T13:06:00,House Red Wine,1
2025-02-08T13:06:00,House Red Wine,1
2025-02-08T13:06:00,Mineral Water,1
2025-02-08T13:06:00,House Red Wine,1
2025-02-08T13:06:00,Crema Catalana,1
2025-02-08T13:06:00,Crema Catalana,1
2025-02-08T13:07:00,Patatas Bravas,1
2025-02-08T13:07:00,Tortilla Española,1
2025-02-08T13:07:00,Patatas Bravas,1
2025-02-08T13:07:00,Mineral Water,1
2025-02-08T13:07:00,House Red Wine,1
2025-02-08T13:08:00,Tortilla Española,1
2025-02-08T13:08:00,Tortilla Española,1
2025-02-08T13:08:00,Patatas Bravas,1
2025-02-08T13:08:00,Patatas Bravas,1
2025-02-08T13:08:00,Tortilla Española,1
2025-02-08T13:08:00,Tortilla Española,1
2025-02-08T13:08:00,House Red Wine,1
2025-02-08T13:08:00,Mineral Water,1
2025-02-08T13:08:00,House Red Wine,1
2025-02-08T13:08:00,House Red Wine,1
2025-02-08T13:09:00,Patatas Bravas,1
2025-02-08T13:09:00,Patatas Bravas,1
2025-02-08T13:09:00,Patatas Bravas,1
2025-02-08T13:09:00,Patatas Bravas,1
2025-02-08T13:09:00,Seafood Paella (for 2),1
2025-02-08T13:09:00,Mineral Water,1
2025-02-08T13:09:00,House Red Wine,1
2025-02-08T13:09:00,House Red Wine,1
2025-02-08T13:09:00,Crema Catalana,1
2025-02-08T13:09:00,Crema Catalana,1
2025-02-08T13:09:00,Crema Catalana,1
2025-02-08T13:09:00,Tortilla Española,1
2025-02-08T13:09:00,Tortilla Española,1
2025-02-08T13:09:00,Patatas Bravas,1
2025-02-08T13:09:00,Mineral Water,1
2025-02-08T13:09:00,Mineral Water,1
2025-02-08T13:09:00,Crema Catalana,1
2025-02-08T13:09:00,Crema Catalana,1
2025-02-08T13:10:00,Tortilla Española,1
2025-02-08T13:10:00,Tortilla Española,1
2025-02-08T13:10:00,Patatas Bravas,1
2025-02-08T13:10:00,Seafood Paella (for 2),1
2025-02-08T13:10:00,House Red Wine,1
2025-02-08T13:10:00,House Red Wine,1
2025-02-08T13:10:00,Crema Catalana,1
2025-02-08T13:10:00,Crema Catalana,1
2025-02-08T13:10:00,Patatas Bravas,1
2025-02-08T13:10:00,Tortilla Española,1
2025-02-08T13:10:00,Patatas Bravas,1
2025-02-08T13:10:00,Mineral Water,1
2025-02-08T13:10:00,House Red Wine,1
2025-02-08T13:11:00,Tortilla Española,1
2025-02-08T13:11:00,Tortilla Española,1
2025-02-08T13:11:00,Tortilla Española,1
2025-02-08T13:11:00,Patatas Bravas,1
2025-02-08T13:11:00,Seafood Paella (for 2),1
2025-02-08T13:11:00,House Red Wine,1
2025-02-08T13:11:00,House Red Wine,1
2025-02-08T13:11:00,House Red Wine,1
2025-02-08T13:12:00,Patatas Bravas,1
2025-02-08T13:12:00,Patatas Bravas,1
2025-02-08T13:12:00,Tortilla Española,1
2025-02-08T13:12:00,House Red Wine,1
2025-02-08T13:12:00,Mineral Water,1
2025-02-08T13:14:00,Tortilla Española,1
2025-02-08T13:14:00,Tortilla Española,1
2025-02-08T13:14:00,Patatas Bravas,1
2025-02-08T13:14:00,House Red Wine,1
2025-02-08T13:14:00,House Red Wine,1
2025-02-08T13:14:00,Crema Catalana,1
2025-02-08T13:14:00,Crema Catalana,1
2025-02-08T13:14:00,Patatas Bravas,1
2025-02-08T13:14:00,Patatas Bravas,1
2025-02-08T13:14:00,Tortilla Española,1
2025-02-08T13:14:00,Mineral Water,1
2025-02-08T13:14:00,House Red Wine,1
2025-02-08T13:14:00,Crema Catalana,1
2025-02-08T13:16:00,Patatas Bravas,1
2025-02-08T13:16:00,Patatas Bravas,1
2025-02-08T13:16:00,Tortilla Española,1
2025-02-08T13:16:00,Mineral Water,1
2025-02-08T13:16:00,Mineral Water,1
2025-02-08T13:17:00,Tortilla Española,1
2025-02-08T13:17:00,Patatas Bravas,1
2025-02-08T13:17:00,Patatas Bravas,1
2025-02-08T13:17:00,Tortilla Española,1
2025-02-08T13:17:00,House Red Wine,1
2025-02-08T13:17:00,Mineral Water,1
2025-02-08T13:17:00,Mineral Water,1
2025-02-08T13:18:00,Tortilla Española,1
2025-02-08T13:18:00,Tortilla Española,1
2025-02-08T13:18:00,Patatas Bravas,1
2025-02-08T13:18:00,House Red Wine,1
2025-02-08T13:18:00,House Red Wine,1
2025-02-08T13:18:00,Crema Catalana,1
2025-02-08T13:18:00,Crema Catalana,1
2025-02-08T13:18:00,Patatas Bravas,1
2025-02-08T13:18:00,Mineral Water,1
2025-02-08T13:18:00,Crema Catalana,1
2025-02-08T13:23:00,Tortilla Española,1
2025-02-08T13:23:00,Tortilla Española,1
2025-02-08T13:23:00,Patatas Bravas,1
2025-02-08T13:23:00,Mineral Water,1
2025-02-08T13:23:00,Mineral Water,1
2025-02-08T13:23:00,Crema Catalana,1
2025-02-08T13:23:00,Crema Catalana,1
2025-02-08T13:26:00,Tortilla Española,1
2025-02-08T13:26:00,Patatas Bravas,1
2025-02-08T13:26:00,Tortilla Española,1
2025-02-08T13:26:00,Tortilla Española,1
2025-02-08T13:26:00,Seafood Paella (for 2),1
2025-02-08T13:26:00,Mineral Water,1
2025-02-08T13:26:00,Mineral Water,1
2025-02-08T13:26:00,Mineral Water,1
2025-02-08T13:27:00,Patatas Bravas,1
2025-02-08T13:27:00,Tortilla Española,1
2025-02-08T13:27:00,Patatas Bravas,1
2025-02-08T13:27:00,Seafood Paella (for 2),1
2025-02-08T13:27:00,House Red Wine,1
2025-02-08T13:27:00,House Red Wine,1
2025-02-08T13:27:00,Crema Catalana,1
2025-02-08T13:27:00,Crema Catalana,1
2025-02-08T13:28:00,Patatas Bravas,1
2025-02-08T13:28:00,Tortilla Española,1
2025-02-08T13:28:00,Tortilla Española,1
2025-02-08T13:28:00,Tortilla Española,1
2025-02-08T13:28:00,Patatas Bravas,1
2025-02-08T13:28:00,Tortilla Española,1
2025-02-08T13:28:00,Mineral Water,1
2025-02-08T13:28:00,Mineral Water,1
2025-02-08T13:28:00,Mineral Water,1
2025-02-08T13:28:00,Mineral Water,1
2025-02-08T13:28:00,Crema Catalana,1
2025-02-08T13:28:00,Crema Catalana,1
2025-02-08T13:28:00,Crema Catalana,1
2025-02-08T13:28:00,Crema Catalana,1
2025-02-08T13:29:00,Patatas Bravas,1
2025-02-08T13:29:00,House Red Wine,1
2025-02-08T13:29:00,Crema Catalana,1
2025-02-08T13:29:00,Tortilla Española,1
2025-02-08T13:29:00,Tortilla Española,1
2025-02-08T13:29:00,Patatas Bravas,1
2025-02-08T13:29:00,Mineral Water,1
2025-02-08T13:29:00,House Red Wine,1
2025-02-08T13:29:00,Patatas Bravas,1
2025-02-08T13:29:00,Seafood Paella (for 2),1
2025-02-08T13:29:00,House Red Wine,1
2025-02-08T13:29:00,Crema Catalana,1
2025-02-08T13:29:00,Tortilla Española,1
2025-02-08T13:29:00,Tortilla Española,1
2025-02-08T13:29:00,Tortilla Española,1
2025-02-08T13:29:00,Mineral Water,1
2025-02-08T13:29:00,Mineral Water,1
2025-02-08T13:30:00,Tortilla Española,1
2025-02-08T13:30:00,Patatas Bravas,1
2025-02-08T13:30:00,Patatas Bravas,1
2025-02-08T13:30:00,House Red Wine,1
2025-02-08T13:30:00,Mineral Water,1
2025-02-09T13:03:00,Patatas Bravas,1
2025-02-09T13:03:00,Patatas Bravas,1
2025-02-09T13:03:00,Tortilla Española,1
2025-02-09T13:03:00,Tortilla Española,1
2025-02-09T13:03:00,Patatas Bravas,1
2025-02-09T13:03:00,Tortilla Española,1
2025-02-09T13:03:00,Seafood Paella (for 2),1
2025-02-09T13:03:00,Mineral Water,1
2025-02-09T13:03:00,House Red Wine,1
2025-02-09T13:03:00,Mineral Water,1
2025-02-09T13:03:00,House Red Wine,1
2025-02-09T13:04:00,Tortilla Española,1
2025-02-09T13:04:00,House Red Wine,1
2025-02-09T13:04:00,Crema Catalana,1
2025-02-09T13:07:00,Tortilla Española,1
2025-02-09T13:07:00,Patatas Bravas,1
2025-02-09T13:07:00,Tortilla Española,1
2025-02-09T13:07:00,Tortilla Española,1
2025-02-09T13:07:00,House Red Wine,1
2025-02-09T13:07:00,House Red Wine,1
2025-02-09T13:07:00,House Red Wine,1
2025-02-09T13:07:00,Crema Catalana,1
2025-02-09T13:07:00,Crema Catalana,1
2025-02-09T13:21:00,Patatas Bravas,1
2025-02-09T13:21:00,Tortilla Española,1
2025-02-09T13:21:00,Tortilla Española,1
2025-02-09T13:21:00,Mineral Water,1
2025-02-09T13:21:00,Mineral Water,1
2025-02-09T13:21:00,Crema Catalana,1
2025-02-09T13:21:00,Crema Catalana,1
2025-02-09T13:22:00,Tortilla Española,1
2025-02-09T13:22:00,Tortilla Española,1
2025-02-09T13:22:00,Tortilla Española,1
2025-02-09T13:22:00,House Red Wine,1
2025-02-09T13:22:00,House Red Wine,1
2025-02-09T13:23:00,Tortilla Española,1
2025-02-09T13:23:00,Tortilla Española,1
2025-02-09T13:23:00,Tortilla Española,1
2025-02-09T13:23:00,Tortilla Española,1
2025-02-09T13:23:00,Seafood Paella (for 2),1
2025-02-09T13:23:00,House Red Wine,1
2025-02-09T13:23:00,Mineral Water,1
2025-02-09T13:23:00,House Red Wine,1
2025-02-09T13:23:00,Crema Catalana,1
2025-02-09T13:23:00,Crema Catalana,1
2025-02-09T13:23:00,Patatas Bravas,1
2025-02-09T13:23:00,Patatas Bravas,1
2025-02-09T13:23:00,Patatas Bravas,1
2025-02-09T13:23:00,Mineral Water,1
2025-02-09T13:23:00,Mineral Water,1
2025-02-09T13:23:00,Tortilla Española,1
2025-02-09T13:23:00,Patatas Bravas,1
2025-02-09T13:23:00,Tortilla Española,1
2025-02-09T13:23:00,House Red Wine,1
2025-02-09T13:23:00,Mineral Water,1
2025-02-09T13:24:00,Patatas Bravas,1
2025-02-09T13:24:00,Patatas Bravas,1
2025-02-09T13:24:00,Patatas Bravas,1
2025-02-09T13:24:00,Mineral Water,1
2025-02-09T13:24:00,House Red Wine,1
2025-02-09T13:25:00,Patatas Bravas,1
2025-02-09T13:25:00,Patatas Bravas,1
2025-02-09T13:25:00,Tortilla Española,1
2025-02-09T13:25:00,Tortilla Española,1
2025-02-09T13:25:00,Tortilla Española,1
2025-02-09T13:25:00,Patatas Bravas,1
2025-02-09T13:25:00,Seafood Paella (for 2),1
2025-02-09T13:25:00,Mineral Water,1
2025-02-09T13:25:00,House Red Wine,1
2025-02-09T13:25:00,Mineral Water,1
2025-02-09T13:25:00,Mineral Water,1
2025-02-09T13:25:00,Crema Catalana,1
2025-02-09T13:25:00,Crema Catalana,1
2025-02-09T13:25:00,Crema Catalana,1
2025-02-09T13:25:00,Crema Catalana,1
2025-02-09T13:28:00,Tortilla Española,1
2025-02-09T13:28:00,Patatas Bravas,1
2025-02-09T13:28:00,Patatas Bravas,1
2025-02-09T13:28:00,Tortilla Española,1
2025-02-09T13:28:00,Seafood Paella (for 2),1
2025-02-09T13:28:00,House Red Wine,1
2025-02-09T13:28:00,Mineral Water,1
2025-02-09T13:28:00,House Red Wine,1
2025-02-09T13:28:00,Crema Catalana,1
2025-02-09T13:28:00,Crema Catalana,1
2025-02-09T13:28:00,Crema Catalana,1
2025-02-09T13:30:00,Patatas Bravas,1
2025-02-09T13:30:00,Patatas Bravas,1
2025-02-09T13:30:00,Patatas Bravas,1
2025-02-09T13:30:00,Mineral Water,1
2025-02-09T13:30:00,House Red Wine,1
2025-02-09T13:33:00,Patatas Bravas,1
2025-02-09T13:33:00,Patatas Bravas,1
2025-02-09T13:33:00,Tortilla Española,1
2025-02-09T13:33:00,Tortilla Española,1
2025-02-09T13:33:00,Tortilla Española,1
2025-02-09T13:33:00,Tortilla Española,1
2025-02-09T13:33:00,Seafood Paella (for 2),1
2025-02-09T13:33:00,Mineral Water,1
2025-02-09T13:33:00,Mineral Water,1
2025-02-09T13:33:00,Mineral Water,1
2025-02-09T13:33:00,Mineral Water,1
2025-02-09T13:33:00,Crema Catalana,1
2025-02-09T13:33:00,Crema Catalana,1
2025-02-09T13:34:00,Tortilla Española,1
2025-02-09T13:34:00,Patatas Bravas,1
2025-02-09T13:34:00,Patatas Bravas,1
2025-02-09T13:34:00,Patatas Bravas,1
2025-02-09T13:34:00,House Red Wine,1
2025-02-09T13:34:00,Mineral Water,1
2025-02-09T13:34:00,House Red Wine,1
2025-02-09T13:35:00,Tortilla Española,1
2025-02-09T13:35:00,Tortilla Española,1
2025-02-09T13:35:00,Tortilla Española,1
2025-02-09T13:35:00,House Red Wine,1
2025-02-09T13:35:00,House Red Wine,1
2025-02-09T13:36:00,Tortilla Española,1
2025-02-09T13:36:00,Patatas Bravas,1
2025-02-09T13:36:00,Patatas Bravas,1
2025-02-09T13:36:00,Patatas Bravas,1
2025-02-09T13:36:00,Patatas Bravas,1
2025-02-09T13:36:00,Patatas Bravas,1
2025-02-09T13:36:00,Seafood Paella (for 2),1
2025-02-09T13:36:00,House Red Wine,1
2025-02-09T13:36:00,House Red Wine,1
2025-02-09T13:36:00,Mineral Water,1
2025-02-09T13:36:00,House Red Wine,1
2025-02-09T13:36:00,Crema Catalana,1
2025-02-09T13:36:00,Crema Catalana,1
2025-02-09T13:36:00,Crema Catalana,1
2025-02-09T13:39:00,Patatas Bravas,1
2025-02-09T13:39:00,Patatas Bravas,1
2025-02-09T13:39:00,Patatas Bravas,1
2025-02-09T13:39:00,Mineral Water,1
2025-02-09T13:39:00,Mineral Water,1
2025-02-09T13:43:00,Tortilla Española,1
2025-02-09T13:43:00,Tortilla Española,1
2025-02-09T13:43:00,Tortilla Española,1
2025-02-09T13:43:00,Mineral Water,1
2025-02-09T13:43:00,Mineral Water,1
2025-02-09T13:45:00,Tortilla Española,1
2025-02-09T13:45:00,Patatas Bravas,1
2025-02-09T13:45:00,Patatas Bravas,1
2025-02-09T13:45:00,House Red Wine,1
2025-02-09T13:45:00,House Red Wine,1
2025-02-09T13:45:00,Patatas Bravas,1
2025-02-09T13:45:00,Patatas Bravas,1
2025-02-09T13:45:00,Patatas Bravas,1
2025-02-09T13:45:00,House Red Wine,1
2025-02-09T13:45:00,Mineral Water,1
2025-02-09T13:45:00,Crema Catalana,1
2025-02-09T13:47:00,Patatas Bravas,1
2025-02-09T13:47:00,Patatas Bravas,1
2025-02-09T13:47:00,Tortilla Española,1
2025-02-09T13:47:00,Patatas Bravas,1
2025-02-09T13:47:00,House Red Wine,1
2025-02-09T13:47:00,Mineral Water,1
2025-02-09T13:47:00,Mineral Water,1
2025-02-09T13:47:00,Crema Catalana,1
2025-02-09T13:47:00,Crema Catalana,1
2025-02-09T13:47:00,Tortilla Española,1
2025-02-09T13:47:00,Tortilla Española,1
2025-02-09T13:47:00,Tortilla Española,1
2025-02-09T13:47:00,Patatas Bravas,1
2025-02-09T13:47:00,Seafood Paella (for 2),1
2025-02-09T13:47:00,Mineral Water,1
2025-02-09T13:47:00,Mineral Water,1
2025-02-09T13:47:00,House Red Wine,1
2025-02-09T13:47:00,Crema Catalana,1
2025-02-09T13:47:00,Crema Catalana,1
2025-02-09T13:49:00,Tortilla Española,1
2025-02-09T13:49:00,Tortilla Española,1
2025-02-09T13:49:00,Tortilla Española,1
2025-02-09T13:49:00,Mineral Water,1
2025-02-09T13:49:00,Mineral Water,1
2025-02-09T13:49:00,Crema Catalana,1
2025-02-09T13:49:00,Crema Catalana,1
2025-02-09T13:51:00,Patatas Bravas,1
2025-02-09T13:51:00,Patatas Bravas,1
2025-02-09T13:51:00,Patatas Bravas,1
2025-02-09T13:51:00,Patatas Bravas,1
2025-02-09T13:51:00,Mineral Water,1
2025-02-09T13:51:00,House Red Wine,1
2025-02-09T13:51:00,Mineral Water,1
2025-02-09T13:51:00,Crema Catalana,1
2025-02-09T13:51:00,Crema Catalana,1
2025-02-09T13:51:00,Crema Catalana,1
2025-02-09T13:56:00,Tortilla Española,1
2025-02-09T13:56:00,Patatas Bravas,1
2025-02-09T13:56:00,Patatas Bravas,1
2025-02-09T13:56:00,Patatas Bravas,1
2025-02-09T13:56:00,Patatas Bravas,1
2025-02-09T13:56:00,Tortilla Española,1
2025-02-09T13:56:00,Seafood Paella (for 2),1
2025-02-09T13:56:00,House Red Wine,1
2025-02-09T13:56:00,Mineral Water,1
2025-02-09T13:56:00,Mineral Water,1
2025-02-09T13:56:00,House Red Wine,1
2025-02-09T14:00:00,Tortilla Española,1
2025-02-09T14:00:00,Patatas Bravas,1
2025-02-09T14:00:00,Patatas Bravas,1
2025-02-09T14:00:00,Mineral Water,1
2025-02-09T14:00:00,House Red Wine,1
2025-02-09T14:00:00,Tortilla Española,1
2025-02-09T14:00:00,Patatas Bravas,1
2025-02-09T14:00:00,Patatas Bravas,1
2025-02-09T14:00:00,Mineral Water,1
2025-02-09T14:00:00,House Red Wine,1
2025-02-09T14:01:00,Tortilla Española,1
2025-02-09T14:01:00,Tortilla Española,1
2025-02-09T14:01:00,Tortilla Española,1
2025-02-09T14:01:00,House Red Wine,1
2025-02-09T14:01:00,House Red Wine,1
2025-02-09T14:01:00,Crema Catalana,1
2025-02-09T14:01:00,Crema Catalana,1
2025-02-10T13:02:00,Menu del Día,1
2025-02-10T13:02:00,Seafood Paella (for 2),1
2025-02-10T13:02:00,Seafood Paella (for 2),1
2025-02-10T13:09:00,Menu del Día,1
2025-02-10T13:09:00,Seafood Paella (for 2),1
2025-02-10T13:12:00,Menu del Día,2
2025-02-10T13:24:00,Menu del Día,2
2025-02-10T13:25:00,Menu del Día,2
2025-02-10T13:47:00,Menu del Día,2
2025-02-10T14:08:00,Menu del Día,1
2025-02-10T14:10:00,Menu del Día,3
2025-02-10T14:10:00,Seafood Paella (for 2),1
2025-02-10T14:20:00,Menu del Día,1
2025-02-10T14:20:00,Menu del Día,2
2025-02-10T14:24:00,Menu del Día,1
2025-02-10T14:25:00,Menu del Día,1
2025-02-10T14:25:00,Seafood Paella (for 2),1
2025-02-10T14:25:00,Menu del Día,1
2025-02-10T14:29:00,Seafood Paella (for 2),1
2025-02-10T14:29:00,Seafood Paella (for 2),1
2025-02-10T14:43:00,Menu del Día,1
2025-02-10T14:43:00,Seafood Paella (for 2),1
2025-02-10T14:51:00,Seafood Paella (for 2),1
2025-02-10T14:51:00,Seafood Paella (for 2),1
2025-02-10T14:57:00,Menu del Día,2
2025-02-10T14:57:00,Seafood Paella (for 2),1
2025-02-10T14:57:00,Seafood Paella (for 2),1
2025-02-10T15:16:00,Menu del Día,1
2025-02-10T15:16:00,Menu del Día,1
2025-02-10T15:16:00,Seafood Paella (for 2),1
2025-02-10T15:22:00,Menu del Día,1
2025-02-10T15:41:00,Menu del Día,1
2025-02-10T15:44:00,Menu del Día,2
2025-02-10T15:44:00,Menu del Día,1
2025-02-10T15:44:00,Seafood Paella (for 2),1
2025-02-10T15:59:00,Menu del Día,2
2025-02-10T16:34:00,Menu del Día,1
2025-02-10T16:34:00,Seafood Paella (for 2),1
2025-02-10T20:21:00,Tortilla Española,1
2025-02-10T20:21:00,Tortilla Española,1
2025-02-10T20:21:00,Tortilla Española,1
2025-02-10T20:21:00,Patatas Bravas,1
2025-02-10T20:21:00,Seafood Paella (for 2),1
2025-02-10T20:21:00,Mineral Water,1
2025-02-10T20:21:00,House Red Wine,1
2025-02-10T20:21:00,House Red Wine,1
2025-02-10T20:40:00,Patatas Bravas,1
2025-02-10T20:40:00,Tortilla Española,1
2025-02-10T20:40:00,Tortilla Española,1
2025-02-10T20:40:00,House Red Wine,1
2025-02-10T20:40:00,Mineral Water,1
2025-02-10T20:40:00,Crema Catalana,1
2025-02-10T21:05:00,Tortilla Española,1
2025-02-10T21:05:00,House Red Wine,1
2025-02-10T21:05:00,Crema Catalana,1
2025-02-10T21:18:00,Tortilla Española,1
2025-02-10T21:18:00,Tortilla Española,1
2025-02-10T21:18:00,Patatas Bravas,1
2025-02-10T21:18:00,House Red Wine,1
2025-02-10T21:18:00,House Red Wine,1
2025-02-10T21:23:00,Patatas Bravas,1
2025-02-10T21:23:00,Tortilla Española,1
2025-02-10T21:23:00,Patatas Bravas,1
2025-02-10T21:23:00,Tortilla Española,1
2025-02-10T21:23:00,Seafood Paella (for 2),1
2025-02-10T21:23:00,House Red Wine,1
2025-02-10T21:23:00,House Red Wine,1
2025-02-10T21:23:00,House Red Wine,1
2025-02-10T21:26:00,Tortilla Española,1
2025-02-10T21:26:00,Tortilla Española,1
2025-02-10T21:26:00,Patatas Bravas,1
2025-02-10T21:26:00,Patatas Bravas,1
2025-02-10T21:26:00,Patatas Bravas,1
2025-02-10T21:26:00,Tortilla Española,1
2025-02-10T21:26:00,Seafood Paella (for 2),1
2025-02-10T21:26:00,Mineral Water,1
2025-02-10T21:26:00,Mineral Water,1
2025-02-10T21:26:00,House Red Wine,1
2025-02-10T21:26:00,Mineral Water,1
2025-02-10T21:26:00,Crema Catalana,1
2025-02-10T21:26:00,Crema Catalana,1
2025-02-10T21:26:00,Crema Catalana,1
2025-02-10T21:30:00,Tortilla Española,1
2025-02-10T21:30:00,Patatas Bravas,1
2025-02-10T21:30:00,Patatas Bravas,1
2025-02-10T21:30:00,Patatas Bravas,1
2025-02-10T21:30:00,Seafood Paella (for 2),1
2025-02-10T21:30:00,House Red Wine,1
2025-02-10T21:30:00,Mineral Water,1
2025-02-10T21:30:00,Mineral Water,1
2025-02-10T21:32:00,Tortilla Española,1
2025-02-10T21:32:00,Patatas Bravas,1
2025-02-10T21:32:00,Patatas Bravas,1
2025-02-10T21:32:00,House Red Wine,1
2025-02-10T21:32:00,House Red Wine,1
2025-02-10T21:33:00,Patatas Bravas,1
2025-02-10T21:33:00,Mineral Water,1
2025-02-10T21:41:00,Tortilla Española,1
2025-02-10T21:41:00,Patatas Bravas,1
2025-02-10T21:41:00,Patatas Bravas,1
2025-02-10T21:41:00,House Red Wine,1
2025-02-10T21:41:00,House Red Wine,1
2025-02-10T21:41:00,Crema Catalana,1
2025-02-10T21:41:00,Crema Catalana,1
2025-02-10T21:41:00,Patatas Bravas,1
2025-02-10T21:41:00,Patatas Bravas,1
2025-02-10T21:41:00,Tortilla Española,1
2025-02-10T21:41:00,House Red Wine,1
2025-02-10T21:41:00,House Red Wine,1
2025-02-10T21:43:00,Tortilla Española,1
2025-02-10T21:43:00,Tortilla Española,1
2025-02-10T21:43:00,Tortilla Española,1
2025-02-10T21:43:00,Mineral Water,1
2025-02-10T21:43:00,House Red Wine,1
2025-02-10T21:43:00,Crema Catalana,1
2025-02-10T21:43:00,Crema Catalana,1
2025-02-10T22:04:00,Patatas Bravas,1
2025-02-10T22:04:00,Patatas Bravas,1
2025-02-10T22:04:00,Patatas Bravas,1
2025-02-10T22:04:00,Tortilla Española,1
2025-02-10T22:04:00,Seafood Paella (for 2),1
2025-02-10T22:04:00,House Red Wine,1
2025-02-10T22:04:00,Mineral Water,1
2025-02-10T22:04:00,House Red Wine,1
2025-02-10T22:04:00,Crema Catalana,1
2025-02-10T22:06:00,Patatas Bravas,1
2025-02-10T22:06:00,Patatas Bravas,1
2025-02-10T22:06:00,Patatas Bravas,1
2025-02-10T22:06:00,House Red Wine,1
2025-02-10T22:06:00,House Red Wine,1
2025-02-10T23:29:00,Patatas Bravas,1
2025-02-10T23:29:00,House Red Wine,1
2025-02-10T23:29:00,Crema Catalana,1
2025-02-11T13:02:00,Menu del Día,1
2025-02-11T13:04:00,Menu del Día,1
2025-02-11T13:04:00,Seafood Paella (for 2),1
2025-02-11T13:13:00,Menu del Día,2
2025-02-11T13:28:00,Menu del Día,1
2025-02-11T13:28:00,Menu del Día,3
2025-02-11T13:28:00,Seafood Paella (for 2),1
2025-02-11T13:33:00,Menu del Día,2
2025-02-11T13:41:00,Menu del Día,1
2025-02-11T13:42:00,Menu del Día,2
2025-02-11T13:56:00,Seafood Paella (for 2),1
2025-02-11T14:01:00,Seafood Paella (for 2),1
2025-02-11T14:02:00,Menu del Día,2
2025-02-11T14:03:00,Menu del Día,2
2025-02-11T14:03:00,Seafood Paella (for 2),1
2025-02-11T14:04:00,Menu del Día,1
2025-02-11T14:04:00,Seafood Paella (for 2),1
2025-02-11T14:04:00,Menu del Día,1
2025-02-11T14:05:00,Menu del Día,2
2025-02-11T14:05:00,Seafood Paella (for 2),1
2025-02-11T14:07:00,Menu del Día,2
2025-02-11T14:09:00,Menu del Día,1
2025-02-11T14:09:00,Menu del Día,3
2025-02-11T14:09:00,Seafood Paella (for 2),1
2025-02-11T14:13:00,Menu del Día,1
2025-02-11T14:13:00,Seafood Paella (for 2),1
2025-02-11T14:13:00,Menu del Día,1
2025-02-11T14:13:00,Seafood Paella (for 2),1
2025-02-11T14:13:00,Menu del Día,1
2025-02-11T14:13:00,Seafood Paella (for 2),1
2025-02-11T14:15:00,Menu del Día,1
2025-02-11T14:15:00,Seafood Paella (for 2),1
2025-02-11T14:15:00,Menu del Día,1
2025-02-11T14:15:00,Seafood Paella (for 2),1
2025-02-11T14:15:00,Menu del Día,2
2025-02-11T14:15:00,Seafood Paella (for 2),1
2025-02-11T14:18:00,Menu del Día,1
2025-02-11T14:18:00,Menu del Día,2
2025-02-11T14:21:00,Menu del Día,3
2025-02-11T14:21:00,Seafood Paella (for 2),1
2025-02-11T14:21:00,Menu del Día,2
2025-02-11T14:25:00,Seafood Paella (for 2),1
2025-02-11T14:25:00,Seafood Paella (for 2),1
2025-02-11T14:26:00,Menu del Día,2
2025-02-11T14:27:00,Menu del Día,1
2025-02-11T14:27:00,Seafood Paella (for 2),1
2025-02-11T14:28:00,Menu del Día,2
2025-02-11T14:28:00,Menu del Día,1
2025-02-11T14:28:00,Seafood Paella (for 2),1
2025-02-11T14:36:00,Menu del Día,1
2025-02-11T14:39:00,Menu del Día,2
2025-02-11T14:40:00,Menu del Día,2
2025-02-11T14:48:00,Menu del Día,1
2025-02-11T14:48:00,Seafood Paella (for 2),1
2025-02-11T14:49:00,Menu del Día,2
2025-02-11T15:04:00,Menu del Día,2
2025-02-11T15:12:00,Menu del Día,1
2025-02-11T15:12:00,Seafood Paella (for 2),1
2025-02-11T15:15:00,Menu del Día,4
2025-02-11T15:17:00,Seafood Paella (for 2),1
2025-02-11T15:17:00,Menu del Día,1
2025-02-11T15:19:00,Menu del Día,1
2025-02-11T15:19:00,Seafood Paella (for 2),1
2025-02-11T15:28:00,Menu del Día,1
2025-02-11T15:34:00,Menu del Día,1
2025-02-11T15:45:00,Seafood Paella (for 2),1
2025-02-11T15:48:00,Menu del Día,1
2025-02-11T15:49:00,Menu del Día,2
2025-02-11T15:50:00,Menu del Día,2
2025-02-11T15:50:00,Menu del Día,1
2025-02-11T15:50:00,Seafood Paella (for 2),1
2025-02-11T15:50:00,Seafood Paella (for 2),1
2025-02-11T15:51:00,Menu del Día,2
2025-02-11T15:51:00,Seafood Paella (for 2),1
2025-02-11T15:51:00,Seafood Paella (for 2),1
2025-02-11T15:51:00,Menu del Día,1
2025-02-11T15:51:00,Seafood Paella (for 2),1
2025-02-11T15:57:00,Menu del Día,1
2025-02-11T15:57:00,Seafood Paella (for 2),1
2025-02-11T15:59:00,Menu del Día,3
2025-02-11T15:59:00,Seafood Paella (for 2),1
2025-02-11T16:09:00,Seafood Paella (for 2),1
2025-02-11T16:30:00,Menu del Día,2
2025-02-11T16:30:00,Seafood Paella (for 2),1
2025-02-11T16:49:00,Menu del Día,1
2025-02-11T16:49:00,Seafood Paella (for 2),1
2025-02-11T16:56:00,Menu del Día,1
2025-02-11T20:03:00,Patatas Bravas,1
2025-02-11T20:03:00,Tortilla Española,1
2025-02-11T20:03:00,Patatas Bravas,1
2025-02-11T20:03:00,House Red Wine,1
2025-02-11T20:03:00,House Red Wine,1
2025-02-11T20:03:00,Crema Catalana,1
2025-02-11T20:03:00,Crema Catalana,1
2025-02-11T20:07:00,Tortilla Española,1
2025-02-11T20:07:00,Mineral Water,1
2025-02-11T20:11:00,Tortilla Española,1
2025-02-11T20:11:00,Patatas Bravas,1
2025-02-11T20:11:00,Patatas Bravas,1
2025-02-11T20:11:00,Patatas Bravas,1
2025-02-11T20:11:00,Seafood Paella (for 2),1
2025-02-11T20:11:00,Mineral Water,1
2025-02-11T20:11:00,House Red Wine,1
2025-02-11T20:11:00,House Red Wine,1
2025-02-11T20:11:00,Crema Catalana,1
2025-02-11T20:11:00,Crema Catalana,1
2025-02-11T20:11:00,Crema Catalana,1
2025-02-11T20:25:00,Patatas Bravas,1
2025-02-11T20:25:00,Tortilla Española,1
2025-02-11T20:25:00,Tortilla Española,1
2025-02-11T20:25:00,Seafood Paella (for 2),1
2025-02-11T20:25:00,Mineral Water,1
2025-02-11T20:25:00,Mineral Water,1
2025-02-12T13:02:00,Menu del Día,1
2025-02-12T13:06:00,Menu del Día,2
2025-02-12T13:07:00,Menu del Día,1
2025-02-12T13:07:00,Seafood Paella (for 2),1
2025-02-12T13:09:00,Seafood Paella (for 2),1
2025-02-12T13:11:00,Menu del Día,1
2025-02-12T13:11:00,Seafood Paella (for 2),1
2025-02-12T13:20:00,Menu del Día,2
2025-02-12T13:25:00,Menu del Día,3
2025-02-12T13:25:00,Seafood Paella (for 2),1
2025-02-12T13:51:00,Menu del Día,1
2025-02-12T13:51:00,Seafood Paella (for 2),1
2025-02-12T13:51:00,Seafood Paella (for 2),1
2025-02-12T14:01:00,Menu del Día,2
2025-02-12T14:01:00,Seafood Paella (for 2),1
2025-02-12T14:01:00,Seafood Paella (for 2),1
2025-02-12T14:01:00,Menu del Día,1
2025-02-12T14:03:00,Menu del Día,1
2025-02-12T14:03:00,Seafood Paella (for 2),1
2025-02-12T14:06:00,Menu del Día,1
2025-02-12T14:06:00,Seafood Paella (for 2),1
2025-02-12T14:08:00,Menu del Día,3
2025-02-12T14:08:00,Seafood Paella (for 2),1
2025-02-12T14:13:00,Menu del Día,2
2025-02-12T14:13:00,Seafood Paella (for 2),1
2025-02-12T14:24:00,Menu del Día,2
2025-02-12T14:25:00,Menu del Día,1
2025-02-12T14:31:00,Menu del Día,1
2025-02-12T14:36:00,Menu del Día,2
2025-02-12T14:36:00,Seafood Paella (for 2),1
2025-02-12T14:39:00,Menu del Día,2
2025-02-12T14:43:00,Menu del Día,1
2025-02-12T14:43:00,Seafood Paella (for 2),1
2025-02-12T14:48:00,Menu del Día,2
2025-02-12T14:51:00,Menu del Día,2
2025-02-12T14:56:00,Menu del Día,1
2025-02-12T14:56:00,Seafood Paella (for 2),1
2025-02-12T14:57:00,Menu del Día,2
2025-02-12T14:57:00,Menu del Día,2
2025-02-12T14:57:00,Seafood Paella (for 2),1
2025-02-12T14:58:00,Menu del Día,1
2025-02-12T15:00:00,Menu del Día,2
2025-02-12T15:01:00,Seafood Paella (for 2),1
2025-02-12T15:01:00,Seafood Paella (for 2),1
2025-02-12T15:01:00,Menu del Día,3
2025-02-12T15:01:00,Seafood Paella (for 2),1
2025-02-12T15:04:00,Menu del Día,2
2025-02-12T15:12:00,Seafood Paella (for 2),1
2025-02-12T15:16:00,Menu del Día,1
2025-02-12T15:28:00,Menu del Día,2
2025-02-12T15:28:00,Seafood Paella (for 2),1
2025-02-12T15:29:00,Menu del Día,1
2025-02-12T15:29:00,Seafood Paella (for 2),1
2025-02-12T15:37:00,Menu del Día,1
2025-02-12T15:38:00,Menu del Día,2
2025-02-12T15:39:00,Menu del Día,1
2025-02-12T15:43:00,Menu del Día,1
2025-02-12T15:44:00,Menu del Día,1
2025-02-12T15:47:00,Menu del Día,2
2025-02-12T15:47:00,Menu del Día,2
2025-02-12T15:48:00,Menu del Día,1
2025-02-12T15:50:00,Menu del Día,1
2025-02-12T15:51:00,Menu del Día,1
2025-02-12T15:54:00,Menu del Día,2
2025-02-12T15:54:00,Seafood Paella (for 2),1
2025-02-12T15:55:00,Menu del Día,2
2025-02-12T15:56:00,Menu del Día,1
2025-02-12T15:58:00,Menu del Día,1
2025-02-12T15:58:00,Seafood Paella (for 2),1
2025-02-12T15:59:00,Menu del Día,1
2025-02-12T15:59:00,Seafood Paella (for 2),1
2025-02-12T20:09:00,Patatas Bravas,1
2025-02-12T20:09:00,Patatas Bravas,1
2025-02-12T20:09:00,Tortilla Española,1
2025-02-12T20:09:00,Patatas Bravas,1
2025-02-12T20:09:00,Patatas Bravas,1
2025-02-12T20:09:00,Patatas Bravas,1
2025-02-12T20:09:00,Mineral Water,1
2025-02-12T20:09:00,House Red Wine,1
2025-02-12T20:09:00,Mineral Water,1
2025-02-12T20:09:00,Mineral Water,1
2025-02-12T20:09:00,Crema Catalana,1
2025-02-12T20:09:00,Crema Catalana,1
2025-02-12T20:22:00,Patatas Bravas,1
2025-02-12T20:22:00,Tortilla Española,1
2025-02-12T20:22:00,Tortilla Española,1
2025-02-12T20:22:00,Seafood Paella (for 2),1
2025-02-12T20:22:00,House Red Wine,1
2025-02-12T20:22:00,House Red Wine,1
2025-02-12T20:22:00,Crema Catalana,1
2025-02-12T20:35:00,Patatas Bravas,1
2025-02-12T20:35:00,Tortilla Española,1
2025-02-12T20:35:00,Patatas Bravas,1
2025-02-12T20:35:00,Patatas Bravas,1
2025-02-12T20:35:00,Patatas Bravas,1
2025-02-12T20:35:00,Tortilla Española,1
2025-02-12T20:35:00,Seafood Paella (for 2),1
2025-02-12T20:35:00,House Red Wine,1
2025-02-12T20:35:00,House Red Wine,1
2025-02-12T20:35:00,House Red Wine,1
2025-02-12T20:35:00,Mineral Water,1
2025-02-12T20:35:00,Crema Catalana,1
2025-02-12T20:35:00,Crema Catalana,1
2025-02-12T20:37:00,Tortilla Española,1
2025-02-12T20:37:00,Seafood Paella (for 2),1
2025-02-12T20:37:00,Mineral Water,1
2025-02-12T20:48:00,Tortilla Española,1
2025-02-12T20:48:00,Patatas Bravas,1
2025-02-12T20:48:00,Tortilla Española,1
2025-02-12T20:48:00,Tortilla Española,1
2025-02-12T20:48:00,Patatas Bravas,1
2025-02-12T20:48:00,Tortilla Española,1
2025-02-12T20:48:00,Mineral Water,1
2025-02-12T20:48:00,House Red Wine,1
2025-02-12T20:48:00,Mineral Water,1
2025-02-12T20:48:00,House Red Wine,1
2025-02-12T21:22:00,Patatas Bravas,1
2025-02-12T21:22:00,Mineral Water,1
2025-02-12T21:22:00,Crema Catalana,1
2025-02-13T13:01:00,Menu del Día,4
2025-02-13T13:13:00,Menu del Día,2
2025-02-13T13:41:00,Menu del Día,1
2025-02-13T13:41:00,Seafood Paella (for 2),1
2025-02-13T13:54:00,Menu del Día,2
2025-02-13T13:59:00,Menu del Día,3
2025-02-13T13:59:00,Seafood Paella (for 2),1
2025-02-13T14:01:00,Menu del Día,1
2025-02-13T14:01:00,Menu del Día,1
2025-02-13T14:02:00,Menu del Día,3
2025-02-13T14:02:00,Seafood Paella (for 2),1
2025-02-13T14:10:00,Menu del Día,1
2025-02-13T14:10:00,Seafood Paella (for 2),1
2025-02-13T14:12:00,Menu del Día,4
2025-02-13T14:15:00,Menu del Día,1
2025-02-13T14:15:00,Seafood Paella (for 2),1
2025-02-13T14:20:00,Seafood Paella (for 2),1
2025-02-13T14:20:00,Seafood Paella (for 2),1
2025-02-13T14:20:00,Menu del Día,1
2025-02-13T14:20:00,Seafood Paella (for 2),1
2025-02-13T14:22:00,Menu del Día,1
2025-02-13T14:22:00,Seafood Paella (for 2),1
2025-02-13T14:22:00,Menu del Día,2
2025-02-13T14:24:00,Menu del Día,1
2025-02-13T14:24:00,Menu del Día,1
2025-02-13T14:24:00,Seafood Paella (for 2),1
2025-02-13T14:25:00,Menu del Día,3
2025-02-13T14:26:00,Menu del Día,1
2025-02-13T14:29:00,Seafood Paella (for 2),1
2025-02-13T14:38:00,Menu del Día,3
2025-02-13T14:39:00,Menu del Día,1
2025-02-13T14:40:00,Menu del Día,1
2025-02-13T14:40:00,Menu del Día,1
2025-02-13T14:40:00,Seafood Paella (for 2),1
2025-02-13T14:40:00,Menu del Día,3
2025-02-13T14:40:00,Seafood Paella (for 2),1
2025-02-13T14:41:00,Seafood Paella (for 2),1
2025-02-13T14:41:00,Seafood Paella (for 2),1
2025-02-13T14:41:00,Menu del Día,1
2025-02-13T14:41:00,Seafood Paella (for 2),1
2025-02-13T14:43:00,Menu del Día,2
2025-02-13T14:46:00,Menu del Día,2
2025-02-13T14:47:00,Menu del Día,2
2025-02-13T14:48:00,Menu del Día,2
2025-02-13T14:48:00,Seafood Paella (for 2),1
2025-02-13T14:49:00,Menu del Día,1
2025-02-13T14:50:00,Menu del Día,3
2025-02-13T14:50:00,Seafood Paella (for 2),1
2025-02-13T14:51:00,Menu del Día,2
2025-02-13T14:51:00,Menu del Día,2
2025-02-13T15:15:00,Menu del Día,1
2025-02-13T15:15:00,Seafood Paella (for 2),1
2025-02-13T15:15:00,Menu del Día,1
2025-02-13T15:15:00,Seafood Paella (for 2),1
2025-02-13T15:17:00,Menu del Día,1
2025-02-13T15:29:00,Menu del Día,2
2025-02-13T15:32:00,Menu del Día,2
2025-02-13T15:33:00,Menu del Día,4
2025-02-13T15:33:00,Menu del Día,2
2025-02-13T15:35:00,Menu del Día,2
2025-02-13T15:42:00,Menu del Día,1
2025-02-13T15:53:00,Seafood Paella (for 2),1
2025-02-13T15:53:00,Seafood Paella (for 2),1
2025-02-13T16:00:00,Menu del Día,1
2025-02-13T16:00:00,Seafood Paella (for 2),1
2025-02-13T16:13:00,Menu del Día,1
2025-02-13T16:16:00,Menu del Día,2
2025-02-13T16:20:00,Seafood Paella (for 2),1
2025-02-13T16:22:00,Seafood Paella (for 2),1
2025-02-13T16:24:00,Seafood Paella (for 2),1
2025-02-13T16:26:00,Seafood Paella (for 2),1
2025-02-13T16:29:00,Menu del Día,3
2025-02-13T16:29:00,Seafood Paella (for 2),1
2025-02-13T16:34:00,Menu del Día,2
2025-02-13T16:37:00,Menu del Día,1
2025-02-13T16:37:00,Seafood Paella (for 2),1
2025-02-13T16:38:00,Menu del Día,2
2025-02-13T16:39:00,Menu del Día,1
2025-02-13T16:43:00,Menu del Día,1
2025-02-13T16:43:00,Seafood Paella (for 2),1
2025-02-13T16:50:00,Menu del Día,2
2025-02-13T16:52:00,Menu del Día,2
2025-02-13T16:56:00,Menu del Día,1
2025-02-13T20:08:00,Tortilla Española,1
2025-02-13T20:08:00,Tortilla Española,1
2025-02-13T20:08:00,Tortilla Española,1
2025-02-13T20:08:00,Patatas Bravas,1
2025-02-13T20:08:00,House Red Wine,1
2025-02-13T20:08:00,Mineral Water,1
2025-02-13T20:08:00,Mineral Water,1
2025-02-13T20:08:00,Crema Catalana,1
2025-02-13T20:10:00,Tortilla Española,1
2025-02-13T20:10:00,Patatas Bravas,1
2025-02-13T20:10:00,Patatas Bravas,1
2025-02-13T20:10:00,Seafood Paella (for 2),1
2025-02-13T20:10:00,Mineral Water,1
2025-02-13T20:10:00,Mineral Water,1
2025-02-13T20:10:00,Crema Catalana,1
2025-02-13T20:23:00,Tortilla Española,1
2025-02-13T20:23:00,Tortilla Española,1
2025-02-13T20:23:00,Patatas Bravas,1
2025-02-13T20:23:00,Tortilla Española,1
2025-02-13T20:23:00,Seafood Paella (for 2),1
2025-02-13T20:23:00,House Red Wine,1
2025-02-13T20:23:00,House Red Wine,1
2025-02-13T20:23:00,Mineral Water,1
2025-02-13T20:23:00,Crema Catalana,1
2025-02-13T20:26:00,Tortilla Española,1
2025-02-13T20:26:00,Patatas Bravas,1
2025-02-13T20:26:00,Tortilla Española,1
2025-02-13T20:26:00,Patatas Bravas,1
2025-02-13T20:26:00,Seafood Paella (for 2),1
2025-02-13T20:26:00,Mineral Water,1
2025-02-13T20:26:00,House Red Wine,1
2025-02-13T20:26:00,Mineral Water,1
2025-02-13T20:27:00,Tortilla Española,1
2025-02-13T20:27:00,Patatas Bravas,1
2025-02-13T20:27:00,Tortilla Española,1
2025-02-13T20:27:00,Seafood Paella (for 2),1
2025-02-13T20:27:00,House Red Wine,1
2025-02-13T20:27:00,Mineral Water,1
2025-02-13T20:27:00,Crema Catalana,1
2025-02-13T20:28:00,Patatas Bravas,1
2025-02-13T20:28:00,Tortilla Española,1
2025-02-13T20:28:00,Patatas Bravas,1
2025-02-13T20:28:00,Mineral Water,1
2025-02-13T20:28:00,House Red Wine,1
2025-02-13T20:28:00,Crema Catalana,1
2025-02-13T20:28:00,Crema Catalana,1
2025-02-13T20:29:00,Tortilla Española,1
2025-02-13T20:29:00,Patatas Bravas,1
2025-02-13T20:29:00,Tortilla Española,1
2025-02-13T20:29:00,Tortilla Española,1
2025-02-13T20:29:00,Seafood Paella (for 2),1
2025-02-13T20:29:00,House Red Wine,1
2025-02-13T20:29:00,Mineral Water,1
2025-02-13T20:29:00,House Red Wine,1
2025-02-13T20:29:00,Crema Catalana,1
2025-02-13T20:29:00,Crema Catalana,1
2025-02-13T20:29:00,Crema Catalana,1
2025-02-13T20:37:00,Tortilla Española,1
2025-02-13T20:37:00,Tortilla Española,1
2025-02-13T20:37:00,Tortilla Española,1
2025-02-13T20:37:00,House Red Wine,1
2025-02-13T20:37:00,House Red Wine,1
2025-02-13T20:37:00,Crema Catalana,1
2025-02-13T20:37:00,Patatas Bravas,1
2025-02-13T20:37:00,Tortilla Española,1
2025-02-13T20:37:00,Tortilla Española,1
2025-02-13T20:37:00,Seafood Paella (for 2),1
2025-02-13T20:37:00,Mineral Water,1
2025-02-13T20:37:00,Mineral Water,1
2025-02-13T20:37:00,Crema Catalana,1
2025-02-13T20:39:00,Patatas Bravas,1
2025-02-13T20:39:00,Patatas Bravas,1
2025-02-13T20:39:00,Patatas Bravas,1
2025-02-13T20:39:00,Tortilla Española,1
2025-02-13T20:39:00,Tortilla Española,1
2025-02-13T20:39:00,Patatas Bravas,1
2025-02-13T20:39:00,Seafood Paella (for 2),1
2025-02-13T20:39:00,House Red Wine,1
2025-02-13T20:39:00,Mineral Water,1
2025-02-13T20:39:00,Mineral Water,1
2025-02-13T20:39:00,House Red Wine,1
2025-02-13T20:45:00,Patatas Bravas,1
2025-02-13T20:45:00,Patatas Bravas,1
2025-02-13T20:45:00,Tortilla Española,1
2025-02-13T20:45:00,Mineral Water,1
2025-02-13T20:45:00,Mineral Water,1
2025-02-13T20:57:00,Patatas Bravas,1
2025-02-13T20:57:00,Patatas Bravas,1
2025-02-13T20:57:00,Patatas Bravas,1
2025-02-13T20:57:00,Seafood Paella (for 2),1
2025-02-13T20:57:00,Mineral Water,1
2025-02-13T20:57:00,Mineral Water,1
2025-02-14T13:19:00,Tortilla Española,1
2025-02-14T13:19:00,Patatas Bravas,1
2025-02-14T13:19:00,Patatas Bravas,1
2025-02-14T13:19:00,Tortilla Española,1
2025-02-14T13:19:00,Tortilla Española,1
2025-02-14T13:19:00,Tortilla Española,1
2025-02-14T13:19:00,House Red Wine,1
2025-02-14T13:19:00,Mineral Water,1
2025-02-14T13:19:00,Mineral Water,1
2025-02-14T13:19:00,Mineral Water,1
2025-02-14T14:01:00,Tortilla Española,1
2025-02-14T14:01:00,Tortilla Española,1
2025-02-14T14:01:00,Patatas Bravas,1
2025-02-14T14:01:00,Mineral Water,1
2025-02-14T14:01:00,Mineral Water,1
2025-02-14T14:01:00,Patatas Bravas,1
2025-02-14T14:01:00,Mineral Water,1
2025-02-14T14:01:00,Tortilla Española,1
2025-02-14T14:01:00,Tortilla Española,1
2025-02-14T14:01:00,Patatas Bravas,1
2025-02-14T14:01:00,Tortilla Española,1
2025-02-14T14:01:00,Mineral Water,1
2025-02-14T14:01:00,Mineral Water,1
2025-02-14T14:01:00,Mineral Water,1
2025-02-14T14:03:00,Patatas Bravas,1
2025-02-14T14:03:00,Tortilla Española,1
2025-02-14T14:03:00,Tortilla Española,1
2025-02-14T14:03:00,House Red Wine,1
2025-02-14T14:03:00,House Red Wine,1
2025-02-14T14:04:00,Tortilla Española,1
2025-02-14T14:04:00,Patatas Bravas,1
2025-02-14T14:04:00,Tortilla Española,1
2025-02-14T14:04:00,Patatas Bravas,1
2025-02-14T14:04:00,House Red Wine,1
2025-02-14T14:04:00,House Red Wine,1
2025-02-14T14:04:00,Mineral Water,1
2025-02-14T14:05:00,Tortilla Española,1
2025-02-14T14:05:00,Tortilla Española,1
2025-02-14T14:05:00,Patatas Bravas,1
2025-02-14T14:05:00,Mineral Water,1
2025-02-14T14:05:00,Mineral Water,1
2025-02-14T14:06:00,Patatas Bravas,1
2025-02-14T14:06:00,Tortilla Española,1
2025-02-14T14:06:00,Tortilla Española,1
2025-02-14T14:06:00,Patatas Bravas,1
2025-02-14T14:06:00,House Red Wine,1
2025-02-14T14:06:00,House Red Wine,1
2025-02-14T14:06:00,House Red Wine,1
2025-02-14T14:06:00,Tortilla Española,1
2025-02-14T14:06:00,Tortilla Española,1
2025-02-14T14:06:00,Patatas Bravas,1
2025-02-14T14:06:00,Tortilla Española,1
2025-02-14T14:06:00,Mineral Water,1
2025-02-14T14:06:00,House Red Wine,1
2025-02-14T14:06:00,House Red Wine,1
2025-02-14T14:09:00,Tortilla Española,1
2025-02-14T14:09:00,Tortilla Española,1
2025-02-14T14:09:00,Tortilla Española,1
2025-02-14T14:09:00,Mineral Water,1
2025-02-14T14:09:00,Mineral Water,1
2025-02-14T14:11:00,Tortilla Española,1
2025-02-14T14:11:00,Patatas Bravas,1
2025-02-14T14:11:00,Patatas Bravas,1
2025-02-14T14:11:00,Tortilla Española,1
2025-02-14T14:11:00,Patatas Bravas,1
2025-02-14T14:11:00,Patatas Bravas,1
2025-02-14T14:11:00,House Red Wine,1
2025-02-14T14:11:00,Mineral Water,1
2025-02-14T14:11:00,Mineral Water,1
2025-02-14T14:11:00,House Red Wine,1
2025-02-14T14:11:00,Tortilla Española,1
2025-02-14T14:11:00,Tortilla Española,1
2025-02-14T14:11:00,Tortilla Española,1
2025-02-14T14:11:00,Mineral Water,1
2025-02-14T14:11:00,House Red Wine,1
2025-02-14T14:12:00,Tortilla Española,1
2025-02-14T14:12:00,Tortilla Española,1
2025-02-14T14:12:00,Patatas Bravas,1
2025-02-14T14:12:00,Mineral Water,1
2025-02-14T14:12:00,Mineral Water,1
2025-02-14T14:14:00,Patatas Bravas,1
2025-02-14T14:14:00,Tortilla Española,1
2025-02-14T14:14:00,Patatas Bravas,1
2025-02-14T14:14:00,Tortilla Española,1
2025-02-14T14:14:00,House Red Wine,1
2025-02-14T14:14:00,Mineral Water,1
2025-02-14T14:14:00,House Red Wine,1
2025-02-14T14:16:00,Tortilla Española,1
2025-02-14T14:16:00,Patatas Bravas,1
2025-02-14T14:16:00,Patatas Bravas,1
2025-02-14T14:16:00,House Red Wine,1
2025-02-14T14:16:00,House Red Wine,1
2025-02-14T14:17:00,Tortilla Española,1
2025-02-14T14:17:00,Tortilla Española,1
2025-02-14T14:17:00,Tortilla Española,1
2025-02-14T14:17:00,Tortilla Española,1
2025-02-14T14:17:00,Patatas Bravas,1
2025-02-14T14:17:00,Patatas Bravas,1
2025-02-14T14:17:00,Mineral Water,1
2025-02-14T14:17:00,House Red Wine,1
2025-02-14T14:17:00,House Red Wine,1
2025-02-14T14:17:00,House Red Wine,1
2025-02-14T14:17:00,Tortilla Española,1
2025-02-14T14:17:00,Tortilla Española,1
2025-02-14T14:17:00,Patatas Bravas,1
2025-02-14T14:17:00,Patatas Bravas,1
2025-02-14T14:17:00,Mineral Water,1
2025-02-14T14:17:00,House Red Wine,1
2025-02-14T14:17:00,Mineral Water,1
2025-02-14T14:18:00,Patatas Bravas,1
2025-02-14T14:18:00,Patatas Bravas,1
2025-02-14T14:18:00,Tortilla Española,1
2025-02-14T14:18:00,Mineral Water,1
2025-02-14T14:18:00,House Red Wine,1
2025-02-14T14:19:00,Patatas Bravas,1
2025-02-14T14:19:00,Tortilla Española,1
2025-02-14T14:19:00,Patatas Bravas,1
2025-02-14T14:19:00,Mineral Water,1
2025-02-14T14:19:00,House Red Wine,1
2025-02-14T14:22:00,Tortilla Española,1
2025-02-14T14:22:00,Tortilla Española,1
2025-02-14T14:22:00,Tortilla Española,1
2025-02-14T14:22:00,House Red Wine,1
2025-02-14T14:22:00,House Red Wine,1
2025-02-14T14:26:00,Patatas Bravas,1
2025-02-14T14:26:00,Patatas Bravas,1
2025-02-14T14:26:00,Patatas Bravas,1
2025-02-14T14:26:00,Patatas Bravas,1
2025-02-14T14:26:00,Mineral Water,1
2025-02-14T14:26:00,House Red Wine,1
2025-02-14T14:26:00,Mineral Water,1
2025-02-14T14:26:00,Tortilla Española,1
2025-02-14T14:26:00,House Red Wine,1
2025-02-14T14:33:00,Patatas Bravas,1
2025-02-14T14:33:00,Patatas Bravas,1
2025-02-14T14:33:00,Tortilla Española,1
2025-02-14T14:33:00,Mineral Water,1
2025-02-14T14:33:00,Mineral Water,1
2025-02-14T14:37:00,Tortilla Española,1
2025-02-14T14:37:00,Tortilla Española,1
2025-02-14T14:37:00,Tortilla Española,1
2025-02-14T14:37:00,House Red Wine,1
2025-02-14T14:37:00,Mineral Water,1
2025-02-14T14:39:00,Tortilla Española,1
2025-02-14T14:39:00,Tortilla Española,1
2025-02-14T14:39:00,Patatas Bravas,1
2025-02-14T14:39:00,House Red Wine,1
2025-02-14T14:39:00,Mineral Water,1
2025-02-14T14:40:00,Tortilla Española,1
2025-02-14T14:40:00,House Red Wine,1
2025-02-14T14:48:00,Patatas Bravas,1
2025-02-14T14:48:00,Tortilla Española,1
2025-02-14T14:48:00,Patatas Bravas,1
2025-02-14T14:48:00,House Red Wine,1
2025-02-14T14:48:00,Mineral Water,1
2025-02-14T14:51:00,Patatas Bravas,1
2025-02-14T14:51:00,Tortilla Española,1
2025-02-14T14:51:00,Patatas Bravas,1
2025-02-14T14:51:00,House Red Wine,1
2025-02-14T14:51:00,Mineral Water,1
2025-02-14T14:54:00,Tortilla Española,1
2025-02-14T14:54:00,Tortilla Española,1
2025-02-14T14:54:00,Tortilla Española,1
2025-02-14T14:54:00,Tortilla Española,1
2025-02-14T14:54:00,Mineral Water,1
2025-02-14T14:54:00,House Red Wine,1
2025-02-14T14:54:00,House Red Wine,1
2025-02-14T14:55:00,Tortilla Española,1
2025-02-14T14:55:00,Patatas Bravas,1
2025-02-14T14:55:00,Tortilla Española,1
2025-02-14T14:55:00,House Red Wine,1
2025-02-14T14:55:00,House Red Wine,1
2025-02-14T14:57:00,Patatas Bravas,1
2025-02-14T14:57:00,Tortilla Española,1
2025-02-14T14:57:00,Patatas Bravas,1
2025-02-14T14:57:00,Tortilla Española,1
2025-02-14T14:57:00,Patatas Bravas,1
2025-02-14T14:57:00,Patatas Bravas,1
2025-02-14T14:57:00,Mineral Water,1
2025-02-14T14:57:00,Mineral Water,1
2025-02-14T14:57:00,Mineral Water,1
2025-02-14T14:57:00,House Red Wine,1
2025-02-14T14:57:00,Patatas Bravas,1
2025-02-14T14:57:00,Tortilla Española,1
2025-02-14T14:57:00,Patatas Bravas,1
2025-02-14T14:57:00,House Red Wine,1
2025-02-14T14:57:00,Mineral Water,1
2025-02-14T14:58:00,Patatas Bravas,1
2025-02-14T14:58:00,Patatas Bravas,1
2025-02-14T14:58:00,Tortilla Española,1
2025-02-14T14:58:00,Mineral Water,1
2025-02-14T14:58:00,House Red Wine,1
2025-02-14T14:59:00,Tortilla Española,1
2025-02-14T14:59:00,Patatas Bravas,1
2025-02-14T14:59:00,Tortilla Española,1
2025-02-14T14:59:00,Tortilla Española,1
2025-02-14T14:59:00,Mineral Water,1
2025-02-14T14:59:00,House Red Wine,1
2025-02-14T14:59:00,House Red Wine,1
2025-02-14T15:03:00,Tortilla Española,1
2025-02-14T15:03:00,Patatas Bravas,1
2025-02-14T15:03:00,Tortilla Española,1
2025-02-14T15:03:00,Patatas Bravas,1
2025-02-14T15:03:00,Patatas Bravas,1
2025-02-14T15:03:00,Patatas Bravas,1
2025-02-14T15:03:00,House Red Wine,1
2025-02-14T15:03:00,Mineral Water,1
2025-02-14T15:03:00,Mineral Water,1
2025-02-14T15:03:00,Mineral Water,1
2025-02-14T15:07:00,Patatas Bravas,1
2025-02-14T15:07:00,Patatas Bravas,1
2025-02-14T15:07:00,Tortilla Española,1
2025-02-14T15:07:00,House Red Wine,1
2025-02-14T15:07:00,House Red Wine,1
2025-02-14T15:30:00,Patatas Bravas,1
2025-02-14T15:30:00,Mineral Water,1
2025-02-15T13:07:00,Patatas Bravas,1
2025-02-15T13:07:00,Patatas Bravas,1
2025-02-15T13:07:00,Tortilla Española,1
2025-02-15T13:07:00,Patatas Bravas,1
2025-02-15T13:07:00,Seafood Paella (for 2),1
2025-02-15T13:07:00,House Red Wine,1
2025-02-15T13:07:00,House Red Wine,1
2025-02-15T13:07:00,Mineral Water,1
2025-02-15T13:07:00,Crema Catalana,1
2025-02-15T13:07:00,Crema Catalana,1
2025-02-15T13:07:00,Crema Catalana,1
2025-02-15T13:20:00,Patatas Bravas,1
2025-02-15T13:20:00,Patatas Bravas,1
2025-02-15T13:20:00,Patatas Bravas,1
2025-02-15T13:20:00,Seafood Paella (for 2),1
2025-02-15T13:20:00,Mineral Water,1
2025-02-15T13:20:00,House Red Wine,1
2025-02-15T13:20:00,Patatas Bravas,1
2025-02-15T13:20:00,Patatas Bravas,1
2025-02-15T13:20:00,Tortilla Española,1
2025-02-15T13:20:00,Tortilla Española,1
2025-02-15T13:20:00,Seafood Paella (for 2),1
2025-02-15T13:20:00,House Red Wine,1
2025-02-15T13:20:00,House Red Wine,1
2025-02-15T13:20:00,Mineral Water,1
2025-02-15T13:23:00,Patatas Bravas,1
2025-02-15T13:23:00,Patatas Bravas,1
2025-02-15T13:23:00,Patatas Bravas,1
2025-02-15T13:23:00,House Red Wine,1
2025-02-15T13:23:00,Mineral Water,1
2025-02-15T13:23:00,Crema Catalana,1
2025-02-15T13:26:00,Patatas Bravas,1
2025-02-15T13:26:00,Patatas Bravas,1
2025-02-15T13:26:00,Patatas Bravas,1
2025-02-15T13:26:00,Mineral Water,1
2025-02-15T13:26:00,Mineral Water,1
2025-02-15T13:26:00,Crema Catalana,1
2025-02-15T13:26:00,Crema Catalana,1
2025-02-15T13:31:00,Patatas Bravas,1
2025-02-15T13:31:00,Patatas Bravas,1
2025-02-15T13:31:00,Tortilla Española,1
2025-02-15T13:31:00,Seafood Paella (for 2),1
2025-02-15T13:31:00,Mineral Water,1
2025-02-15T13:31:00,House Red Wine,1
2025-02-15T13:33:00,Patatas Bravas,1
2025-02-15T13:33:00,Patatas Bravas,1
2025-02-15T13:33:00,Tortilla Española,1
2025-02-15T13:33:00,Seafood Paella (for 2),1
2025-02-15T13:33:00,Mineral Water,1
2025-02-15T13:33:00,Mineral Water,1
2025-02-15T13:35:00,Tortilla Española,1
2025-02-15T13:35:00,Patatas Bravas,1
2025-02-15T13:35:00,Tortilla Española,1
2025-02-15T13:35:00,Patatas Bravas,1
2025-02-15T13:35:00,Patatas Bravas,1
2025-02-15T13:35:00,Tortilla Española,1
2025-02-15T13:35:00,House Red Wine,1
2025-02-15T13:35:00,House Red Wine,1
2025-02-15T13:35:00,House Red Wine,1
2025-02-15T13:35:00,Mineral Water,1
2025-02-15T13:36:00,Tortilla Española,1
2025-02-15T13:36:00,Seafood Paella (for 2),1
2025-02-15T13:36:00,House Red Wine,1
2025-02-15T13:41:00,Tortilla Española,1
2025-02-15T13:41:00,Patatas Bravas,1
2025-02-15T13:41:00,Patatas Bravas,1
2025-02-15T13:41:00,Mineral Water,1
2025-02-15T13:41:00,Mineral Water,1
2025-02-15T13:41:00,Crema Catalana,1
2025-02-15T13:41:00,Crema Catalana,1
2025-02-15T13:45:00,Tortilla Española,1
2025-02-15T13:45:00,Tortilla Española,1
2025-02-15T13:45:00,Tortilla Española,1
2025-02-15T13:45:00,House Red Wine,1
2025-02-15T13:45:00,House Red Wine,1
2025-02-15T13:45:00,Crema Catalana,1
2025-02-15T13:48:00,Tortilla Española,1
2025-02-15T13:48:00,Patatas Bravas,1
2025-02-15T13:48:00,Tortilla Española,1
2025-02-15T13:48:00,Mineral Water,1
2025-02-15T13:48:00,Mineral Water,1
2025-02-15T13:48:00,Crema Catalana,1
2025-02-15T13:51:00,Patatas Bravas,1
2025-02-15T13:51:00,Tortilla Española,1
2025-02-15T13:51:00,Patatas Bravas,1
2025-02-15T13:51:00,Tortilla Española,1
2025-02-15T13:51:00,Seafood Paella (for 2),1
2025-02-15T13:51:00,Mineral Water,1
2025-02-15T13:51:00,House Red Wine,1
2025-02-15T13:51:00,Mineral Water,1
2025-02-15T13:53:00,Patatas Bravas,1
2025-02-15T13:53:00,Tortilla Española,1
2025-02-15T13:53:00,Patatas Bravas,1
2025-02-15T13:53:00,Patatas Bravas,1
2025-02-15T13:53:00,Tortilla Española,1
2025-02-15T13:53:00,Patatas Bravas,1
2025-02-15T13:53:00,Seafood Paella (for 2),1
2025-02-15T13:53:00,House Red Wine,1
2025-02-15T13:53:00,Mineral Water,1
2025-02-15T13:53:00,Mineral Water,1
2025-02-15T13:53:00,House Red Wine,1
2025-02-15T14:06:00,Patatas Bravas,1
2025-02-15T14:06:00,Tortilla Española,1
2025-02-15T14:06:00,Patatas Bravas,1
2025-02-15T14:06:00,Patatas Bravas,1
2025-02-15T14:06:00,Patatas Bravas,1
2025-02-15T14:06:00,Patatas Bravas,1
2025-02-15T14:06:00,Mineral Water,1
2025-02-15T14:06:00,House Red Wine,1
2025-02-15T14:06:00,Mineral Water,1
2025-02-15T14:06:00,House Red Wine,1
2025-02-15T14:06:00,Crema Catalana,1
2025-02-15T14:06:00,Crema Catalana,1
2025-02-15T14:09:00,Patatas Bravas,1
2025-02-15T14:09:00,Tortilla Española,1
2025-02-15T14:09:00,Tortilla Española,1
2025-02-15T14:09:00,Tortilla Española,1
2025-02-15T14:09:00,Tortilla Española,1
2025-02-15T14:09:00,Tortilla Española,1
2025-02-15T14:09:00,Seafood Paella (for 2),1
2025-02-15T14:09:00,House Red Wine,1
2025-02-15T14:09:00,House Red Wine,1
2025-02-15T14:09:00,House Red Wine,1
2025-02-15T14:09:00,Mineral Water,1
2025-02-15T14:12:00,Tortilla Española,1
2025-02-15T14:12:00,Tortilla Española,1
2025-02-15T14:12:00,Patatas Bravas,1
2025-02-15T14:12:00,Patatas Bravas,1
2025-02-15T14:12:00,Seafood Paella (for 2),1
2025-02-15T14:12:00,House Red Wine,1
2025-02-15T14:12:00,Mineral Water,1
2025-02-15T14:12:00,House Red Wine,1
2025-02-15T14:12:00,Crema Catalana,1
2025-02-15T14:12:00,Crema Catalana,1
2025-02-15T14:12:00,Crema Catalana,1
2025-02-15T14:16:00,Tortilla Española,1
2025-02-15T14:16:00,Tortilla Española,1
2025-02-15T14:16:00,Patatas Bravas,1
2025-02-15T14:16:00,Seafood Paella (for 2),1
2025-02-15T14:16:00,Mineral Water,1
2025-02-15T14:16:00,Mineral Water,1
2025-02-15T14:16:00,Tortilla Española,1
2025-02-15T14:16:00,Tortilla Española,1
2025-02-15T14:16:00,Tortilla Española,1
2025-02-15T14:16:00,Mineral Water,1
2025-02-15T14:16:00,Mineral Water,1
2025-02-15T14:16:00,Crema Catalana,1
2025-02-15T14:25:00,Tortilla Española,1
2025-02-15T14:25:00,Tortilla Española,1
2025-02-15T14:25:00,Patatas Bravas,1
2025-02-15T14:25:00,Patatas Bravas,1
2025-02-15T14:25:00,Seafood Paella (for 2),1
2025-02-15T14:25:00,House Red Wine,1
2025-02-15T14:25:00,Mineral Water,1
2025-02-15T14:25:00,House Red Wine,1
2025-02-15T14:26:00,Patatas Bravas,1
2025-02-15T14:26:00,Patatas Bravas,1
2025-02-15T14:26:00,Patatas Bravas,1
2025-02-15T14:26:00,Tortilla Española,1
2025-02-15T14:26:00,Tortilla Española,1
2025-02-15T14:26:00,Tortilla Española,1
2025-02-15T14:26:00,Mineral Water,1
2025-02-15T14:26:00,House Red Wine,1
2025-02-15T14:26:00,Mineral Water,1
2025-02-15T14:26:00,House Red Wine,1
2025-02-15T14:26:00,Crema Catalana,1
2025-02-15T14:26:00,Crema Catalana,1
2025-02-15T14:26:00,Crema Catalana,1
2025-02-15T14:26:00,Crema Catalana,1
2025-02-15T14:27:00,Tortilla Española,1
2025-02-15T14:27:00,Tortilla Española,1
2025-02-15T14:27:00,Patatas Bravas,1
2025-02-15T14:27:00,Mineral Water,1
2025-02-15T14:27:00,Mineral Water,1
2025-02-15T14:31:00,Patatas Bravas,1
2025-02-15T14:31:00,Patatas Bravas,1
2025-02-15T14:31:00,Tortilla Española,1
2025-02-15T14:31:00,Seafood Paella (for 2),1
2025-02-15T14:31:00,Mineral Water,1
2025-02-15T14:31:00,House Red Wine,1
2025-02-15T14:31:00,Crema Catalana,1
2025-02-15T14:32:00,Patatas Bravas,1
2025-02-15T14:32:00,Patatas Bravas,1
2025-02-15T14:32:00,Tortilla Española,1
2025-02-15T14:32:00,House Red Wine,1
2025-02-15T14:32:00,House Red Wine,1
2025-02-15T14:32:00,Crema Catalana,1
2025-02-15T14:33:00,Patatas Bravas,1
2025-02-15T14:33:00,Patatas Bravas,1
2025-02-15T14:33:00,Patatas Bravas,1
2025-02-15T14:33:00,Patatas Bravas,1
2025-02-15T14:33:00,Seafood Paella (for 2),1
2025-02-15T14:33:00,House Red Wine,1
2025-02-15T14:33:00,Mineral Water,1
2025-02-15T14:33:00,House Red Wine,1
2025-02-15T14:37:00,Tortilla Española,1
2025-02-15T14:37:00,Tortilla Española,1
2025-02-15T14:37:00,Tortilla Española,1
2025-02-15T14:37:00,Mineral Water,1
2025-02-15T14:37:00,Mineral Water,1
2025-02-15T14:37:00,Crema Catalana,1
2025-02-15T14:37:00,Crema Catalana,1
2025-02-15T14:46:00,Patatas Bravas,1
2025-02-15T14:46:00,House Red Wine,1
2025-02-15T14:46:00,Crema Catalana,1
2025-02-15T14:51:00,Patatas Bravas,1
2025-02-15T14:51:00,Patatas Bravas,1
2025-02-15T14:51:00,Tortilla Española,1
2025-02-15T14:51:00,Patatas Bravas,1
2025-02-15T14:51:00,House Red Wine,1
2025-02-15T14:51:00,Mineral Water,1
2025-02-15T14:51:00,Mineral Water,1
2025-02-15T14:53:00,Patatas Bravas,1
2025-02-15T14:53:00,House Red Wine,1
2025-02-15T20:29:00,Patatas Bravas,1
2025-02-15T20:29:00,House Red Wine,1
2025-02-16T13:04:00,Patatas Bravas,1
2025-02-16T13:04:00,Patatas Bravas,1
2025-02-16T13:04:00,Patatas Bravas,1
2025-02-16T13:04:00,Patatas Bravas,1
2025-02-16T13:04:00,Seafood Paella (for 2),1
2025-02-16T13:04:00,Mineral Water,1
2025-02-16T13:04:00,Mineral Water,1
2025-02-16T13:04:00,Mineral Water,1
2025-02-16T13:07:00,Patatas Bravas,1
2025-02-16T13:07:00,Patatas Bravas,1
2025-02-16T13:07:00,Patatas Bravas,1
2025-02-16T13:07:00,Tortilla Española,1
2025-02-16T13:07:00,House Red Wine,1
2025-02-16T13:07:00,House Red Wine,1
2025-02-16T13:07:00,Mineral Water,1
2025-02-16T13:09:00,Patatas Bravas,1
2025-02-16T13:09:00,Tortilla Española,1
2025-02-16T13:09:00,Tortilla Española,1
2025-02-16T13:09:00,House Red Wine,1
2025-02-16T13:09:00,House Red Wine,1
2025-02-16T13:11:00,Patatas Bravas,1
2025-02-16T13:11:00,Tortilla Española,1
2025-02-16T13:11:00,Tortilla Española,1
2025-02-16T13:11:00,Seafood Paella (for 2),1
2025-02-16T13:11:00,House Red Wine,1
2025-02-16T13:11:00,House Red Wine,1
2025-02-16T13:14:00,Patatas Bravas,1
2025-02-16T13:14:00,Mineral Water,1
2025-02-16T13:14:00,Crema Catalana,1
2025-02-16T13:32:00,Tortilla Española,1
2025-02-16T13:32:00,Patatas Bravas,1
2025-02-16T13:32:00,Patatas Bravas,1
2025-02-16T13:32:00,House Red Wine,1
2025-02-16T13:32:00,House Red Wine,1
2025-02-16T13:37:00,Tortilla Española,1
2025-02-16T13:37:00,Patatas Bravas,1
2025-02-16T13:37:00,Tortilla Española,1
2025-02-16T13:37:00,Mineral Water,1
2025-02-16T13:37:00,House Red Wine,1
2025-02-16T13:38:00,Patatas Bravas,1
2025-02-16T13:38:00,Tortilla Española,1
2025-02-16T13:38:00,Tortilla Española,1
2025-02-16T13:38:00,House Red Wine,1
2025-02-16T13:38:00,Mineral Water,1
2025-02-16T13:38:00,Crema Catalana,1
2025-02-16T13:38:00,Crema Catalana,1
2025-02-16T13:42:00,Patatas Bravas,1
2025-02-16T13:42:00,Patatas Bravas,1
2025-02-16T13:42:00,Patatas Bravas,1
2025-02-16T13:42:00,Mineral Water,1
2025-02-16T13:42:00,House Red Wine,1
2025-02-16T13:47:00,Tortilla Española,1
2025-02-16T13:47:00,Patatas Bravas,1
2025-02-16T13:47:00,Patatas Bravas,1
2025-02-16T13:47:00,Seafood Paella (for 2),1
2025-02-16T13:47:00,Mineral Water,1
2025-02-16T13:47:00,Mineral Water,1
2025-02-16T13:47:00,Crema Catalana,1
2025-02-16T13:49:00,Patatas Bravas,1
2025-02-16T13:49:00,Patatas Bravas,1
2025-02-16T13:49:00,Patatas Bravas,1
2025-02-16T13:49:00,Tortilla Española,1
2025-02-16T13:49:00,Patatas Bravas,1
2025-02-16T13:49:00,Tortilla Española,1
2025-02-16T13:49:00,Seafood Paella (for 2),1
2025-02-16T13:49:00,House Red Wine,1
2025-02-16T13:49:00,House Red Wine,1
2025-02-16T13:49:00,Mineral Water,1
2025-02-16T13:49:00,Mineral Water,1
2025-02-16T13:49:00,Crema Catalana,1
2025-02-16T13:49:00,Crema Catalana,1
2025-02-16T13:49:00,Crema Catalana,1
2025-02-16T13:49:00,Patatas Bravas,1
2025-02-16T13:49:00,Tortilla Española,1
2025-02-16T13:49:00,Tortilla Española,1
2025-02-16T13:49:00,Tortilla Española,1
2025-02-16T13:49:00,Tortilla Española,1
2025-02-16T13:49:00,Tortilla Española,1
2025-02-16T13:49:00,Seafood Paella (for 2),1
2025-02-16T13:49:00,Mineral Water,1
2025-02-16T13:49:00,House Red Wine,1
2025-02-16T13:49:00,House Red Wine,1
2025-02-16T13:49:00,Mineral Water,1
2025-02-16T13:49:00,Crema Catalana,1
2025-02-16T13:49:00,Crema Catalana,1
2025-02-16T13:49:00,Crema Catalana,1
2025-02-16T13:49:00,Crema Catalana,1
2025-02-16T13:53:00,Tortilla Española,1
2025-02-16T13:53:00,Mineral Water,1
2025-02-16T14:09:00,Patatas Bravas,1
2025-02-16T14:09:00,Tortilla Española,1
2025-02-16T14:09:00,Tortilla Española,1
2025-02-16T14:09:00,Patatas Bravas,1
2025-02-16T14:09:00,Mineral Water,1
2025-02-16T14:09:00,House Red Wine,1
2025-02-16T14:09:00,Mineral Water,1
2025-02-16T14:09:00,Crema Catalana,1
2025-02-16T14:09:00,Crema Catalana,1
2025-02-16T14:09:00,Patatas Bravas,1
2025-02-16T14:09:00,Tortilla Española,1
2025-02-16T14:09:00,Patatas Bravas,1
2025-02-16T14:09:00,Mineral Water,1
2025-02-16T14:09:00,House Red Wine,1
2025-02-16T14:09:00,Crema Catalana,1
2025-02-16T14:11:00,Patatas Bravas,1
2025-02-16T14:11:00,Patatas Bravas,1
2025-02-16T14:11:00,Patatas Bravas,1
2025-02-16T14:11:00,Tortilla Española,1
2025-02-16T14:11:00,Patatas Bravas,1
2025-02-16T14:11:00,Patatas Bravas,1
2025-02-16T14:11:00,House Red Wine,1
2025-02-16T14:11:00,Mineral Water,1
2025-02-16T14:11:00,House Red Wine,1
2025-02-16T14:11:00,Mineral Water,1
2025-02-16T14:11:00,Crema Catalana,1
2025-02-16T14:11:00,Tortilla Española,1
2025-02-16T14:11:00,Tortilla Española,1
2025-02-16T14:11:00,Patatas Bravas,1
2025-02-16T14:11:00,House Red Wine,1
2025-02-16T14:11:00,House Red Wine,1
2025-02-16T14:11:00,Crema Catalana,1
2025-02-16T14:12:00,Tortilla Española,1
2025-02-16T14:12:00,Patatas Bravas,1
2025-02-16T14:12:00,Tortilla Española,1
2025-02-16T14:12:00,Seafood Paella (for 2),1
2025-02-16T14:12:00,Mineral Water,1
2025-02-16T14:12:00,House Red Wine,1
2025-02-16T14:13:00,Patatas Bravas,1
2025-02-16T14:13:00,Tortilla Española,1
2025-02-16T14:13:00,Patatas Bravas,1
2025-02-16T14:13:00,Tortilla Española,1
2025-02-16T14:13:00,Tortilla Española,1
2025-02-16T14:13:00,Tortilla Española,1
2025-02-16T14:13:00,Seafood Paella (for 2),1
2025-02-16T14:13:00,House Red Wine,1
2025-02-16T14:13:00,Mineral Water,1
2025-02-16T14:13:00,Mineral Water,1
2025-02-16T14:13:00,House Red Wine,1
2025-02-16T14:16:00,Patatas Bravas,1
2025-02-16T14:16:00,Tortilla Española,1
2025-02-16T14:16:00,Patatas Bravas,1
2025-02-16T14:16:00,Mineral Water,1
2025-02-16T14:16:00,House Red Wine,1
2025-02-16T14:16:00,Crema Catalana,1
2025-02-16T14:18:00,Tortilla Española,1
2025-02-16T14:18:00,Patatas Bravas,1
2025-02-16T14:18:00,Patatas Bravas,1
2025-02-16T14:18:00,Seafood Paella (for 2),1
2025-02-16T14:18:00,Mineral Water,1
2025-02-16T14:18:00,Mineral Water,1
2025-02-16T14:18:00,Crema Catalana,1
2025-02-16T14:18:00,Tortilla Española,1
2025-02-16T14:18:00,Tortilla Española,1
2025-02-16T14:18:00,Tortilla Española,1
2025-02-16T14:18:00,Seafood Paella (for 2),1
2025-02-16T14:18:00,House Red Wine,1
2025-02-16T14:18:00,Mineral Water,1
2025-02-16T14:21:00,Patatas Bravas,1
2025-02-16T14:21:00,House Red Wine,1
2025-02-16T14:21:00,Crema Catalana,1
2025-02-16T14:25:00,Tortilla Española,1
2025-02-16T14:25:00,Tortilla Española,1
2025-02-16T14:25:00,Tortilla Española,1
2025-02-16T14:25:00,Mineral Water,1
2025-02-16T14:25:00,House Red Wine,1
2025-02-16T14:25:00,Crema Catalana,1
2025-02-16T14:29:00,Patatas Bravas,1
2025-02-16T14:29:00,Tortilla Española,1
2025-02-16T14:29:00,Patatas Bravas,1
2025-02-16T14:29:00,Seafood Paella (for 2),1
2025-02-16T14:29:00,Mineral Water,1
2025-02-16T14:29:00,Mineral Water,1
2025-02-16T14:29:00,Crema Catalana,1
2025-02-16T14:30:00,Patatas Bravas,1
2025-02-16T14:30:00,Tortilla Española,1
2025-02-16T14:30:00,Tortilla Española,1
2025-02-16T14:30:00,House Red Wine,1
2025-02-16T14:30:00,House Red Wine,1
2025-02-16T14:33:00,Patatas Bravas,1
2025-02-16T14:33:00,Patatas Bravas,1
2025-02-16T14:33:00,Tortilla Española,1
2025-02-16T14:33:00,Tortilla Española,1
2025-02-16T14:33:00,Patatas Bravas,1
2025-02-16T14:33:00,Tortilla Española,1
2025-02-16T14:33:00,Seafood Paella (for 2),1
2025-02-16T14:33:00,Mineral Water,1
2025-02-16T14:33:00,Mineral Water,1
2025-02-16T14:33:00,House Red Wine,1
2025-02-16T14:33:00,House Red Wine,1
2025-02-16T14:33:00,Patatas Bravas,1
2025-02-16T14:33:00,Tortilla Española,1
2025-02-16T14:33:00,Patatas Bravas,1
2025-02-16T14:33:00,Patatas Bravas,1
2025-02-16T14:33:00,House Red Wine,1
2025-02-16T14:33:00,House Red Wine,1
2025-02-16T14:33:00,Mineral Water,1
2025-02-16T14:33:00,Crema Catalana,1
2025-02-16T14:34:00,Patatas Bravas,1
2025-02-16T14:34:00,Tortilla Española,1
2025-02-16T14:34:00,Tortilla Española,1
2025-02-16T14:34:00,House Red Wine,1
2025-02-16T14:34:00,Mineral Water,1
2025-02-16T14:34:00,Crema Catalana,1
2025-02-16T14:34:00,Crema Catalana,1
2025-02-16T14:37:00,Patatas Bravas,1
2025-02-16T14:37:00,Tortilla Española,1
2025-02-16T14:37:00,Tortilla Española,1
2025-02-16T14:37:00,Seafood Paella (for 2),1
2025-02-16T14:37:00,House Red Wine,1
2025-02-16T14:37:00,Mineral Water,1
2025-02-16T14:37:00,Crema Catalana,1
2025-02-16T14:37:00,Crema Catalana,1
2025-02-16T14:53:00,Tortilla Española,1
2025-02-16T14:53:00,House Red Wine,1
2025-02-16T20:23:00,Tortilla Española,1
2025-02-16T20:23:00,House Red Wine,1
2025-02-17T13:07:00,Menu del Día,2
2025-02-17T13:17:00,Menu del Día,1
2025-02-17T13:17:00,Seafood Paella (for 2),1
2025-02-17T13:21:00,Menu del Día,2
2025-02-17T13:27:00,Menu del Día,1
2025-02-17T13:27:00,Seafood Paella (for 2),1
2025-02-17T13:30:00,Menu del Día,4
2025-02-17T13:35:00,Seafood Paella (for 2),1
2025-02-17T13:52:00,Menu del Día,4
2025-02-17T14:07:00,Menu del Día,1
2025-02-17T14:08:00,Menu del Día,2
2025-02-17T14:08:00,Menu del Día,2
2025-02-17T14:08:00,Menu del Día,2
2025-02-17T14:09:00,Menu del Día,4
2025-02-17T14:09:00,Menu del Día,4
2025-02-17T14:29:00,Menu del Día,4
2025-02-17T14:30:00,Menu del Día,1
2025-02-17T14:34:00,Menu del Día,2
2025-02-17T14:34:00,Seafood Paella (for 2),1
2025-02-17T14:38:00,Menu del Día,1
2025-02-17T14:38:00,Seafood Paella (for 2),1
2025-02-17T14:40:00,Menu del Día,2
2025-02-17T14:40:00,Menu del Día,4
2025-02-17T14:46:00,Menu del Día,1
2025-02-17T14:46:00,Seafood Paella (for 2),1
2025-02-17T14:46:00,Seafood Paella (for 2),1
2025-02-17T14:48:00,Menu del Día,1
2025-02-17T14:48:00,Seafood Paella (for 2),1
2025-02-17T14:48:00,Menu del Día,1
2025-02-17T14:49:00,Menu del Día,1
2025-02-17T14:53:00,Menu del Día,1
2025-02-17T14:53:00,Menu del Día,1
2025-02-17T14:53:00,Seafood Paella (for 2),1
2025-02-17T14:59:00,Menu del Día,1
2025-02-17T15:00:00,Menu del Día,2
2025-02-17T15:20:00,Menu del Día,1
2025-02-17T15:20:00,Seafood Paella (for 2),1
2025-02-17T15:25:00,Menu del Día,1
2025-02-17T15:25:00,Menu del Día,1
2025-02-17T15:25:00,Seafood Paella (for 2),1
2025-02-17T15:38:00,Menu del Día,1
2025-02-17T15:38:00,Seafood Paella (for 2),1
2025-02-17T15:52:00,Menu del Día,2
2025-02-17T15:57:00,Menu del Día,3
2025-02-17T15:57:00,Seafood Paella (for 2),1
2025-02-17T15:59:00,Menu del Día,1
2025-02-17T15:59:00,Seafood Paella (for 2),1
2025-02-17T16:00:00,Menu del Día,1
2025-02-17T16:00:00,Seafood Paella (for 2),1
2025-02-17T16:02:00,Menu del Día,1
2025-02-17T16:02:00,Seafood Paella (for 2),1
2025-02-17T16:09:00,Menu del Día,1
2025-02-17T16:09:00,Seafood Paella (for 2),1
2025-02-17T16:17:00,Menu del Día,2
2025-02-17T16:20:00,Menu del Día,2
2025-02-17T16:24:00,Menu del Día,1
2025-02-17T16:24:00,Seafood Paella (for 2),1
2025-02-17T16:24:00,Seafood Paella (for 2),1
2025-02-17T16:24:00,Menu del Día,2
2025-02-17T16:44:00,Menu del Día,2
2025-02-17T16:44:00,Seafood Paella (for 2),1
2025-02-17T20:02:00,Patatas Bravas,1
2025-02-17T20:02:00,Patatas Bravas,1
2025-02-17T20:02:00,Patatas Bravas,1
2025-02-17T20:02:00,Patatas Bravas,1
2025-02-17T20:02:00,Patatas Bravas,1
2025-02-17T20:02:00,Tortilla Española,1
2025-02-17T20:02:00,Mineral Water,1
2025-02-17T20:02:00,Mineral Water,1
2025-02-17T20:02:00,Mineral Water,1
2025-02-17T20:02:00,Mineral Water,1
2025-02-17T20:02:00,Crema Catalana,1
2025-02-17T20:02:00,Crema Catalana,1
2025-02-17T20:02:00,Crema Catalana,1
2025-02-17T20:12:00,Patatas Bravas,1
2025-02-17T20:12:00,Tortilla Española,1
2025-02-17T20:12:00,Tortilla Española,1
2025-02-17T20:12:00,Seafood Paella (for 2),1
2025-02-17T20:12:00,House Red Wine,1
2025-02-17T20:12:00,House Red Wine,1
2025-02-17T20:12:00,Crema Catalana,1
2025-02-17T20:12:00,Patatas Bravas,1
2025-02-17T20:12:00,Tortilla Española,1
2025-02-17T20:12:00,Tortilla Española,1
2025-02-17T20:12:00,Seafood Paella (for 2),1
2025-02-17T20:12:00,House Red Wine,1
2025-02-17T20:12:00,Mineral Water,1
2025-02-17T20:14:00,Tortilla Española,1
2025-02-17T20:14:00,Tortilla Española,1
2025-02-17T20:14:00,Tortilla Española,1
2025-02-17T20:14:00,Tortilla Española,1
2025-02-17T20:14:00,Seafood Paella (for 2),1
2025-02-17T20:14:00,Mineral Water,1
2025-02-17T20:14:00,Mineral Water,1
2025-02-17T20:14:00,Mineral Water,1
2025-02-17T20:14:00,Crema Catalana,1
2025-02-17T20:14:00,Crema Catalana,1
2025-02-17T20:14:00,Crema Catalana,1
2025-02-17T20:17:00,Patatas Bravas,1
2025-02-17T20:17:00,Patatas Bravas,1
2025-02-17T20:17:00,Patatas Bravas,1
2025-02-17T20:17:00,Patatas Bravas,1
2025-02-17T20:17:00,Seafood Paella (for 2),1
2025-02-17T20:17:00,Mineral Water,1
2025-02-17T20:17:00,House Red Wine,1
2025-02-17T20:17:00,Mineral Water,1
2025-02-17T20:17:00,Crema Catalana,1
2025-02-17T20:57:00,Patatas Bravas,1
2025-02-17T20:57:00,Mineral Water,1
2025-02-17T20:57:00,Crema Catalana,1
2025-02-18T13:34:00,Seafood Paella (for 2),1
2025-02-18T13:40:00,Menu del Día,3
2025-02-18T13:40:00,Seafood Paella (for 2),1
2025-02-18T14:01:00,Menu del Día,1
2025-02-18T14:01:00,Seafood Paella (for 2),1
2025-02-18T14:16:00,Menu del Día,2
2025-02-18T14:17:00,Menu del Día,2
2025-02-18T14:29:00,Menu del Día,2
2025-02-18T14:31:00,Menu del Día,2
2025-02-18T14:33:00,Menu del Día,2
2025-02-18T14:37:00,Menu del Día,1
2025-02-18T14:37:00,Seafood Paella (for 2),1
2025-02-18T14:37:00,Menu del Día,2
2025-02-18T14:37:00,Seafood Paella (for 2),1
2025-02-18T14:37:00,Seafood Paella (for 2),1
2025-02-18T14:38:00,Menu del Día,2
2025-02-18T14:45:00,Menu del Día,2
2025-02-18T14:47:00,Menu del Día,1
2025-02-18T14:56:00,Menu del Día,3
2025-02-18T14:56:00,Seafood Paella (for 2),1
2025-02-18T14:56:00,Menu del Día,3
2025-02-18T15:01:00,Seafood Paella (for 2),1
2025-02-18T15:01:00,Seafood Paella (for 2),1
2025-02-18T15:03:00,Menu del Día,4
2025-02-18T15:04:00,Menu del Día,3
2025-02-18T15:04:00,Seafood Paella (for 2),1
2025-02-18T15:10:00,Menu del Día,2
2025-02-18T15:11:00,Menu del Día,1
2025-02-18T15:13:00,Menu del Día,2
2025-02-18T15:15:00,Menu del Día,1
2025-02-18T15:16:00,Menu del Día,1
2025-02-18T15:17:00,Menu del Día,1
2025-02-18T15:21:00,Menu del Día,2
2025-02-18T15:25:00,Menu del Día,1
2025-02-18T15:27:00,Menu del Día,1
2025-02-18T15:29:00,Menu del Día,1
2025-02-18T15:31:00,Menu del Día,1
2025-02-18T15:31:00,Seafood Paella (for 2),1
2025-02-18T15:32:00,Menu del Día,1
2025-02-18T15:32:00,Menu del Día,2
2025-02-18T15:36:00,Menu del Día,1
2025-02-18T15:36:00,Seafood Paella (for 2),1
2025-02-18T15:39:00,Menu del Día,2
2025-02-18T15:41:00,Menu del Día,2
2025-02-18T15:43:00,Menu del Día,2
2025-02-18T15:43:00,Seafood Paella (for 2),1
2025-02-18T15:43:00,Seafood Paella (for 2),1
2025-02-18T15:43:00,Seafood Paella (for 2),1
2025-02-18T15:43:00,Seafood Paella (for 2),1
2025-02-18T15:45:00,Menu del Día,1
2025-02-18T15:45:00,Seafood Paella (for 2),1
2025-02-18T15:45:00,Seafood Paella (for 2),1
2025-02-18T15:45:00,Seafood Paella (for 2),1
2025-02-18T15:46:00,Menu del Día,1
2025-02-18T15:48:00,Menu del Día,2
2025-02-18T15:48:00,Seafood Paella (for 2),1
2025-02-18T15:48:00,Seafood Paella (for 2),1
2025-02-18T15:52:00,Menu del Día,1
2025-02-18T15:57:00,Menu del Día,2
2025-02-18T15:57:00,Menu del Día,1
2025-02-18T15:57:00,Seafood Paella (for 2),1
2025-02-18T15:58:00,Menu del Día,4
2025-02-18T15:58:00,Menu del Día,2
2025-02-18T16:08:00,Menu del Día,3
2025-02-18T16:08:00,Seafood Paella (for 2),1
2025-02-18T16:13:00,Menu del Día,1
2025-02-18T16:49:00,Menu del Día,1
2025-02-18T20:00:00,Tortilla Española,1
2025-02-18T20:00:00,Tortilla Española,1
2025-02-18T20:00:00,Tortilla Española,1
2025-02-18T20:00:00,Tortilla Española,1
2025-02-18T20:00:00,Tortilla Española,1
2025-02-18T20:00:00,Patatas Bravas,1
2025-02-18T20:00:00,Seafood Paella (for 2),1
2025-02-18T20:00:00,Mineral Water,1
2025-02-18T20:00:00,Mineral Water,1
2025-02-18T20:00:00,House Red Wine,1
2025-02-18T20:00:00,House Red Wine,1
2025-02-18T20:02:00,Patatas Bravas,1
2025-02-18T20:02:00,Patatas Bravas,1
2025-02-18T20:02:00,Tortilla Española,1
2025-02-18T20:02:00,Seafood Paella (for 2),1
2025-02-18T20:02:00,House Red Wine,1
2025-02-18T20:02:00,Mineral Water,1
2025-02-18T20:02:00,Crema Catalana,1
2025-02-18T20:25:00,Tortilla Española,1
2025-02-18T20:25:00,Tortilla Española,1
2025-02-18T20:25:00,Tortilla Española,1
2025-02-18T20:25:00,Mineral Water,1
2025-02-18T20:25:00,House Red Wine,1
2025-02-18T20:25:00,Crema Catalana,1
2025-02-18T20:30:00,Patatas Bravas,1
2025-02-18T20:30:00,Tortilla Española,1
2025-02-18T20:30:00,Patatas Bravas,1
2025-02-18T20:30:00,Mineral Water,1
2025-02-18T20:30:00,Mineral Water,1
2025-02-18T20:35:00,Tortilla Española,1
2025-02-18T20:35:00,Patatas Bravas,1
2025-02-18T20:35:00,Tortilla Española,1
2025-02-18T20:35:00,Patatas Bravas,1
2025-02-18T20:35:00,Patatas Bravas,1
2025-02-18T20:35:00,Patatas Bravas,1
2025-02-18T20:35:00,Seafood Paella (for 2),1
2025-02-18T20:35:00,Mineral Water,1
2025-02-18T20:35:00,House Red Wine,1
2025-02-18T20:35:00,House Red Wine,1
2025-02-18T20:35:00,House Red Wine,1
2025-02-18T20:35:00,Crema Catalana,1
2025-02-18T22:05:00,Tortilla Española,1
2025-02-18T22:05:00,Mineral Water,1
2025-02-19T13:01:00,Menu del Día,1
2025-02-19T13:05:00,Seafood Paella (for 2),1
2025-02-19T13:08:00,Menu del Día,1
2025-02-19T13:12:00,Menu del Día,1
2025-02-19T13:27:00,Menu del Día,1
2025-02-19T13:27:00,Seafood Paella (for 2),1
2025-02-19T13:28:00,Menu del Día,2
2025-02-19T13:28:00,Menu del Día,1
2025-02-19T13:28:00,Seafood Paella (for 2),1
2025-02-19T13:33:00,Menu del Día,1
2025-02-19T13:38:00,Menu del Día,1
2025-02-19T13:39:00,Menu del Día,2
2025-02-19T13:48:00,Menu del Día,1
2025-02-19T13:50:00,Menu del Día,2
2025-02-19T14:03:00,Menu del Día,1
2025-02-19T14:06:00,Menu del Día,4
2025-02-19T14:09:00,Seafood Paella (for 2),1
2025-02-19T14:10:00,Menu del Día,2
2025-02-19T14:15:00,Menu del Día,2
2025-02-19T14:32:00,Menu del Día,1
2025-02-19T14:32:00,Seafood Paella (for 2),1
2025-02-19T14:33:00,Menu del Día,1
2025-02-19T14:34:00,Menu del Día,2
2025-02-19T14:34:00,Seafood Paella (for 2),1
2025-02-19T14:41:00,Menu del Día,1
2025-02-19T14:42:00,Menu del Día,2
2025-02-19T14:42:00,Seafood Paella (for 2),1
2025-02-19T14:44:00,Menu del Día,2
2025-02-19T14:55:00,Menu del Día,1
2025-02-19T14:55:00,Seafood Paella (for 2),1
2025-02-19T14:58:00,Seafood Paella (for 2),1
2025-02-19T15:03:00,Menu del Día,1
2025-02-19T15:04:00,Menu del Día,2
2025-02-19T15:04:00,Seafood Paella (for 2),1
2025-02-19T15:04:00,Seafood Paella (for 2),1
2025-02-19T15:08:00,Menu del Día,1
2025-02-19T15:19:00,Menu del Día,2
2025-02-19T15:23:00,Menu del Día,1
2025-02-19T15:29:00,Menu del Día,2
2025-02-19T15:31:00,Menu del Día,2
2025-02-19T15:35:00,Menu del Día,1
2025-02-19T15:35:00,Seafood Paella (for 2),1
2025-02-19T15:40:00,Menu del Día,2
2025-02-19T15:43:00,Menu del Día,3
2025-02-19T15:51:00,Menu del Día,1
2025-02-19T15:53:00,Seafood Paella (for 2),1
2025-02-19T15:54:00,Seafood Paella (for 2),1
2025-02-19T15:56:00,Menu del Día,1
2025-02-19T16:08:00,Menu del Día,2
2025-02-19T16:12:00,Menu del Día,1
2025-02-19T16:12:00,Seafood Paella (for 2),1
2025-02-19T16:22:00,Menu del Día,1
2025-02-19T16:22:00,Seafood Paella (for 2),1
2025-02-19T16:37:00,Menu del Día,1
2025-02-19T16:37:00,Seafood Paella (for 2),1
2025-02-19T16:37:00,Seafood Paella (for 2),1
2025-02-19T16:42:00,Seafood Paella (for 2),1
2025-02-19T16:43:00,Menu del Día,3
2025-02-19T16:44:00,Menu del Día,1
2025-02-19T16:44:00,Seafood Paella (for 2),1
2025-02-19T16:48:00,Menu del Día,1
2025-02-19T16:52:00,Menu del Día,2
2025-02-19T16:58:00,Menu del Día,1
2025-02-19T20:02:00,Tortilla Española,1
2025-02-19T20:02:00,Tortilla Española,1
2025-02-19T20:02:00,Tortilla Española,1
2025-02-19T20:02:00,House Red Wine,1
2025-02-19T20:02:00,Mineral Water,1
2025-02-19T20:02:00,Crema Catalana,1
2025-02-19T20:02:00,Crema Catalana,1
2025-02-19T20:03:00,Patatas Bravas,1
2025-02-19T20:03:00,Tortilla Española,1
2025-02-19T20:03:00,Patatas Bravas,1
2025-02-19T20:03:00,House Red Wine,1
2025-02-19T20:03:00,Mineral Water,1
2025-02-19T20:05:00,Patatas Bravas,1
2025-02-19T20:05:00,Patatas Bravas,1
2025-02-19T20:05:00,Tortilla Española,1
2025-02-19T20:05:00,Mineral Water,1
2025-02-19T20:05:00,Mineral Water,1
2025-02-19T20:07:00,Patatas Bravas,1
2025-02-19T20:07:00,Patatas Bravas,1
2025-02-19T20:07:00,Tortilla Española,1
2025-02-19T20:07:00,Seafood Paella (for 2),1
2025-02-19T20:07:00,Mineral Water,1
2025-02-19T20:07:00,Mineral Water,1
2025-02-19T20:07:00,Tortilla Española,1
2025-02-19T20:07:00,Patatas Bravas,1
2025-02-19T20:07:00,Tortilla Española,1
2025-02-19T20:07:00,Tortilla Española,1
2025-02-19T20:07:00,Patatas Bravas,1
2025-02-19T20:07:00,Tortilla Española,1
2025-02-19T20:07:00,Seafood Paella (for 2),1
2025-02-19T20:07:00,House Red Wine,1
2025-02-19T20:07:00,Mineral Water,1
2025-02-19T20:07:00,Mineral Water,1
2025-02-19T20:07:00,House Red Wine,1
2025-02-19T20:08:00,Patatas Bravas,1
2025-02-19T20:08:00,Patatas Bravas,1
2025-02-19T20:08:00,Tortilla Española,1
2025-02-19T20:08:00,Tortilla Española,1
2025-02-19T20:08:00,Tortilla Española,1
2025-02-19T20:08:00,Tortilla Española,1
2025-02-19T20:08:00,Seafood Paella (for 2),1
2025-02-19T20:08:00,House Red Wine,1
2025-02-19T20:08:00,Mineral Water,1
2025-02-19T20:08:00,House Red Wine,1
2025-02-19T20:08:00,Mineral Water,1
2025-02-19T20:10:00,Tortilla Española,1
2025-02-19T20:10:00,Tortilla Española,1
2025-02-19T20:10:00,Patatas Bravas,1
2025-02-19T20:10:00,Tortilla Española,1
2025-02-19T20:10:00,Seafood Paella (for 2),1
2025-02-19T20:10:00,Mineral Water,1
2025-02-19T20:10:00,Mineral Water,1
2025-02-19T20:10:00,House Red Wine,1
2025-02-19T20:31:00,Patatas Bravas,1
2025-02-19T20:31:00,Tortilla Española,1
2025-02-19T20:31:00,Patatas Bravas,1
2025-02-19T20:31:00,Seafood Paella (for 2),1
2025-02-19T20:31:00,House Red Wine,1
2025-02-19T20:31:00,Mineral Water,1
2025-02-20T13:01:00,Menu del Día,2
2025-02-20T13:11:00,Menu del Día,3
2025-02-20T13:12:00,Menu del Día,1
2025-02-20T13:12:00,Menu del Día,1
2025-02-20T13:14:00,Menu del Día,2
2025-02-20T13:14:00,Seafood Paella (for 2),1
2025-02-20T13:21:00,Menu del Día,3
2025-02-20T13:28:00,Menu del Día,2
2025-02-20T13:34:00,Menu del Día,3
2025-02-20T13:38:00,Menu del Día,2
2025-02-20T13:42:00,Menu del Día,2
2025-02-20T13:52:00,Menu del Día,1
2025-02-20T13:59:00,Menu del Día,1
2025-02-20T13:59:00,Seafood Paella (for 2),1
2025-02-20T13:59:00,Menu del Día,1
2025-02-20T14:04:00,Menu del Día,2
2025-02-20T14:08:00,Menu del Día,1
2025-02-20T14:08:00,Seafood Paella (for 2),1
2025-02-20T14:12:00,Menu del Día,1
2025-02-20T14:16:00,Menu del Día,1
2025-02-20T14:17:00,Menu del Día,3
2025-02-20T14:17:00,Seafood Paella (for 2),1
2025-02-20T14:24:00,Menu del Día,1
2025-02-20T14:24:00,Menu del Día,1
2025-02-20T14:24:00,Seafood Paella (for 2),1
2025-02-20T14:27:00,Menu del Día,2
2025-02-20T14:27:00,Menu del Día,1
2025-02-20T14:27:00,Seafood Paella (for 2),1
2025-02-20T14:34:00,Menu del Día,1
2025-02-20T14:34:00,Seafood Paella (for 2),1
2025-02-20T14:34:00,Seafood Paella (for 2),1
2025-02-20T14:34:00,Menu del Día,2
2025-02-20T14:34:00,Menu del Día,1
2025-02-20T14:34:00,Seafood Paella (for 2),1
2025-02-20T14:36:00,Menu del Día,2
2025-02-20T14:44:00,Menu del Día,1
2025-02-20T14:44:00,Seafood Paella (for 2),1
2025-02-20T14:46:00,Menu del Día,2
2025-02-20T14:47:00,Menu del Día,2
2025-02-20T14:47:00,Menu del Día,2
2025-02-20T14:47:00,Seafood Paella (for 2),1
2025-02-20T14:47:00,Seafood Paella (for 2),1
2025-02-20T14:49:00,Seafood Paella (for 2),1
2025-02-20T14:50:00,Menu del Día,2
2025-02-20T14:51:00,Menu del Día,1
2025-02-20T14:51:00,Seafood Paella (for 2),1
2025-02-20T14:52:00,Menu del Día,2
2025-02-20T14:53:00,Menu del Día,1
2025-02-20T14:58:00,Menu del Día,1
2025-02-20T14:59:00,Menu del Día,2
2025-02-20T14:59:00,Menu del Día,4
2025-02-20T15:11:00,Menu del Día,1
2025-02-20T15:11:00,Seafood Paella (for 2),1
2025-02-20T15:11:00,Seafood Paella (for 2),1
2025-02-20T15:12:00,Menu del Día,2
2025-02-20T15:14:00,Menu del Día,1
2025-02-20T15:14:00,Seafood Paella (for 2),1
2025-02-20T15:19:00,Menu del Día,2
2025-02-20T15:32:00,Menu del Día,1
2025-02-20T15:32:00,Seafood Paella (for 2),1
2025-02-20T15:40:00,Seafood Paella (for 2),1
2025-02-20T15:44:00,Seafood Paella (for 2),1
2025-02-20T15:47:00,Menu del Día,2
2025-02-20T15:52:00,Seafood Paella (for 2),1
2025-02-20T15:55:00,Menu del Día,2
2025-02-20T16:03:00,Menu del Día,2
2025-02-20T16:03:00,Seafood Paella (for 2),1
2025-02-20T16:04:00,Menu del Día,1
2025-02-20T16:06:00,Menu del Día,1
2025-02-20T16:06:00,Seafood Paella (for 2),1
2025-02-20T16:19:00,Menu del Día,2
2025-02-20T16:20:00,Menu del Día,2
2025-02-20T16:21:00,Menu del Día,1
2025-02-20T16:41:00,Menu del Día,1
2025-02-20T16:41:00,Seafood Paella (for 2),1
2025-02-20T16:51:00,Menu del Día,1
2025-02-20T16:54:00,Seafood Paella (for 2),1
2025-02-20T16:55:00,Seafood Paella (for 2),1
2025-02-20T16:55:00,Seafood Paella (for 2),1
2025-02-20T16:57:00,Menu del Día,2
2025-02-20T20:02:00,Patatas Bravas,1
2025-02-20T20:02:00,Tortilla Española,1
2025-02-20T20:02:00,Tortilla Española,1
2025-02-20T20:02:00,Seafood Paella (for 2),1
2025-02-20T20:02:00,House Red Wine,1
2025-02-20T20:02:00,House Red Wine,1
2025-02-20T20:02:00,Crema Catalana,1
2025-02-20T20:06:00,Patatas Bravas,1
2025-02-20T20:06:00,Patatas Bravas,1
2025-02-20T20:06:00,Tortilla Española,1
2025-02-20T20:06:00,Patatas Bravas,1
2025-02-20T20:06:00,Seafood Paella (for 2),1
2025-02-20T20:06:00,House Red Wine,1
2025-02-20T20:06:00,House Red Wine,1
2025-02-20T20:06:00,Mineral Water,1
2025-02-20T20:08:00,Tortilla Española,1
2025-02-20T20:08:00,Seafood Paella (for 2),1
2025-02-20T20:08:00,Mineral Water,1
2025-02-20T20:08:00,Crema Catalana,1
2025-02-20T20:08:00,Tortilla Española,1
2025-02-20T20:08:00,Tortilla Española,1
2025-02-20T20:08:00,Tortilla Española,1
2025-02-20T20:08:00,Tortilla Española,1
2025-02-20T20:08:00,Seafood Paella (for 2),1
2025-02-20T20:08:00,Mineral Water,1
2025-02-20T20:08:00,House Red Wine,1
2025-02-20T20:08:00,House Red Wine,1
2025-02-20T20:10:00,Tortilla Española,1
2025-02-20T20:10:00,Tortilla Española,1
2025-02-20T20:10:00,Tortilla Española,1
2025-02-20T20:10:00,Seafood Paella (for 2),1
2025-02-20T20:10:00,Mineral Water,1
2025-02-20T20:10:00,House Red Wine,1
2025-02-20T20:10:00,Patatas Bravas,1
2025-02-20T20:10:00,Patatas Bravas,1
2025-02-20T20:10:00,Patatas Bravas,1
2025-02-20T20:10:00,Patatas Bravas,1
2025-02-20T20:10:00,Tortilla Española,1
2025-02-20T20:10:00,Tortilla Española,1
2025-02-20T20:10:00,Seafood Paella (for 2),1
2025-02-20T20:10:00,House Red Wine,1
2025-02-20T20:10:00,House Red Wine,1
2025-02-20T20:10:00,Mineral Water,1
2025-02-20T20:10:00,Mineral Water,1
2025-02-20T20:15:00,Tortilla Española,1
2025-02-20T20:15:00,Tortilla Española,1
2025-02-20T20:15:00,Patatas Bravas,1
2025-02-20T20:15:00,Seafood Paella (for 2),1
2025-02-20T20:15:00,House Red Wine,1
2025-02-20T20:15:00,Mineral Water,1
2025-02-20T20:15:00,Patatas Bravas,1
2025-02-20T20:15:00,Patatas Bravas,1
2025-02-20T20:15:00,Patatas Bravas,1
2025-02-20T20:15:00,Seafood Paella (for 2),1
2025-02-20T20:15:00,Mineral Water,1
2025-02-20T20:15:00,House Red Wine,1
2025-02-20T20:15:00,Crema Catalana,1
2025-02-20T20:15:00,Patatas Bravas,1
2025-02-20T20:15:00,Tortilla Española,1
2025-02-20T20:15:00,Patatas Bravas,1
2025-02-20T20:15:00,Seafood Paella (for 2),1
2025-02-20T20:15:00,House Red Wine,1
2025-02-20T20:15:00,Mineral Water,1
2025-02-20T20:16:00,Tortilla Española,1
2025-02-20T20:16:00,Tortilla Española,1
2025-02-20T20:16:00,Tortilla Española,1
2025-02-20T20:16:00,Mineral Water,1
2025-02-20T20:16:00,Mineral Water,1
2025-02-20T20:18:00,Tortilla Española,1
2025-02-20T20:18:00,Patatas Bravas,1
2025-02-20T20:18:00,Tortilla Española,1
2025-02-20T20:18:00,Seafood Paella (for 2),1
2025-02-20T20:18:00,House Red Wine,1
2025-02-20T20:18:00,House Red Wine,1
2025-02-20T20:18:00,Crema Catalana,1
2025-02-20T20:19:00,Tortilla Española,1
2025-02-20T20:19:00,Patatas Bravas,1
2025-02-20T20:19:00,Tortilla Española,1
2025-02-20T20:19:00,Seafood Paella (for 2),1
2025-02-20T20:19:00,House Red Wine,1
2025-02-20T20:19:00,Mineral Water,1
2025-02-20T20:19:00,Crema Catalana,1
2025-02-20T20:19:00,Crema Catalana,1
2025-02-20T20:19:00,Patatas Bravas,1
2025-02-20T20:19:00,Tortilla Española,1
2025-02-20T20:19:00,Patatas Bravas,1
2025-02-20T20:19:00,Patatas Bravas,1
2025-02-20T20:19:00,House Red Wine,1
2025-02-20T20:19:00,Mineral Water,1
2025-02-20T20:19:00,Mineral Water,1
2025-02-20T20:24:00,Patatas Bravas,1
2025-02-20T20:24:00,Tortilla Española,1
2025-02-20T20:24:00,Patatas Bravas,1
2025-02-20T20:24:00,House Red Wine,1
2025-02-20T20:24:00,Mineral Water,1
2025-02-20T20:25:00,Tortilla Española,1
2025-02-20T20:25:00,Mineral Water,1
2025-02-20T20:28:00,Tortilla Española,1
2025-02-20T20:28:00,Patatas Bravas,1
2025-02-20T20:28:00,Patatas Bravas,1
2025-02-20T20:28:00,House Red Wine,1
2025-02-20T20:28:00,House Red Wine,1
2025-02-21T13:01:00,Patatas Bravas,1
2025-02-21T13:01:00,Patatas Bravas,1
2025-02-21T13:01:00,Patatas Bravas,1
2025-02-21T13:01:00,Mineral Water,1
2025-02-21T13:01:00,Mineral Water,1
2025-02-21T13:01:00,Crema Catalana,1
2025-02-21T13:01:00,Crema Catalana,1
2025-02-21T13:18:00,Tortilla Española,1
2025-02-21T13:18:00,Patatas Bravas,1
2025-02-21T13:18:00,Patatas Bravas,1
2025-02-21T13:18:00,Patatas Bravas,1
2025-02-21T13:18:00,Mineral Water,1
2025-02-21T13:18:00,Mineral Water,1
2025-02-21T13:18:00,Mineral Water,1
2025-02-21T13:18:00,Crema Catalana,1
2025-02-21T13:18:00,Crema Catalana,1
2025-02-21T13:20:00,Tortilla Española,1
2025-02-21T13:20:00,Tortilla Española,1
2025-02-21T13:20:00,Tortilla Española,1
2025-02-21T13:20:00,Seafood Paella (for 2),1
2025-02-21T13:20:00,Mineral Water,1
2025-02-21T13:20:00,House Red Wine,1
2025-02-21T13:20:00,Crema Catalana,1
2025-02-21T13:30:00,Tortilla Española,1
2025-02-21T13:30:00,Tortilla Española,1
2025-02-21T13:30:00,Tortilla Española,1
2025-02-21T13:30:00,Patatas Bravas,1
2025-02-21T13:30:00,Mineral Water,1
2025-02-21T13:30:00,House Red Wine,1
2025-02-21T13:30:00,Mineral Water,1
2025-02-21T13:32:00,Patatas Bravas,1
2025-02-21T13:32:00,Patatas Bravas,1
2025-02-21T13:32:00,Tortilla Española,1
2025-02-21T13:32:00,Patatas Bravas,1
2025-02-21T13:32:00,House Red Wine,1
2025-02-21T13:32:00,Mineral Water,1
2025-02-21T13:32:00,House Red Wine,1
2025-02-21T13:33:00,Tortilla Española,1
2025-02-21T13:33:00,Patatas Bravas,1
2025-02-21T13:33:00,Patatas Bravas,1
2025-02-21T13:33:00,Mineral Water,1
2025-02-21T13:33:00,Mineral Water,1
2025-02-21T13:33:00,Crema Catalana,1
2025-02-21T13:34:00,Patatas Bravas,1
2025-02-21T13:34:00,Patatas Bravas,1
2025-02-21T13:34:00,Patatas Bravas,1
2025-02-21T13:34:00,Mineral Water,1
2025-02-21T13:34:00,Mineral Water,1
2025-02-21T13:35:00,Tortilla Española,1
2025-02-21T13:35:00,Patatas Bravas,1
2025-02-21T13:35:00,Patatas Bravas,1
2025-02-21T13:35:00,Patatas Bravas,1
2025-02-21T13:35:00,Tortilla Española,1
2025-02-21T13:35:00,Patatas Bravas,1
2025-02-21T13:35:00,House Red Wine,1
2025-02-21T13:35:00,House Red Wine,1
2025-02-21T13:35:00,Mineral Water,1
2025-02-21T13:35:00,Mineral Water,1
2025-02-21T13:35:00,Crema Catalana,1
2025-02-21T13:35:00,Crema Catalana,1
2025-02-21T13:35:00,Crema Catalana,1
2025-02-21T13:35:00,Crema Catalana,1
2025-02-21T13:37:00,Tortilla Española,1
2025-02-21T13:37:00,Patatas Bravas,1
2025-02-21T13:37:00,Tortilla Española,1
2025-02-21T13:37:00,Mineral Water,1
2025-02-21T13:37:00,House Red Wine,1
2025-02-21T13:43:00,Patatas Bravas,1
2025-02-21T13:43:00,Patatas Bravas,1
2025-02-21T13:43:00,Tortilla Española,1
2025-02-21T13:43:00,Seafood Paella (for 2),1
2025-02-21T13:43:00,House Red Wine,1
2025-02-21T13:43:00,Mineral Water,1
2025-02-21T13:45:00,Patatas Bravas,1
2025-02-21T13:45:00,Patatas Bravas,1
2025-02-21T13:45:00,Tortilla Española,1
2025-02-21T13:45:00,House Red Wine,1
2025-02-21T13:45:00,House Red Wine,1
2025-02-21T13:45:00,Tortilla Española,1
2025-02-21T13:45:00,Tortilla Española,1
2025-02-21T13:45:00,Tortilla Española,1
2025-02-21T13:45:00,Patatas Bravas,1
2025-02-21T13:45:00,House Red Wine,1
2025-02-21T13:45:00,House Red Wine,1
2025-02-21T13:45:00,Mineral Water,1
2025-02-21T13:47:00,Tortilla Española,1
2025-02-21T13:47:00,Tortilla Española,1
2025-02-21T13:47:00,Patatas Bravas,1
2025-02-21T13:47:00,Patatas Bravas,1
2025-02-21T13:47:00,Patatas Bravas,1
2025-02-21T13:47:00,Patatas Bravas,1
2025-02-21T13:47:00,House Red Wine,1
2025-02-21T13:47:00,Mineral Water,1
2025-02-21T13:47:00,Mineral Water,1
2025-02-21T13:47:00,Mineral Water,1
2025-02-21T13:57:00,Patatas Bravas,1
2025-02-21T13:57:00,Patatas Bravas,1
2025-02-21T13:57:00,Patatas Bravas,1
2025-02-21T13:57:00,Patatas Bravas,1
2025-02-21T13:57:00,Mineral Water,1
2025-02-21T13:57:00,Mineral Water,1
2025-02-21T13:57:00,House Red Wine,1
2025-02-21T14:02:00,Patatas Bravas,1
2025-02-21T14:02:00,Patatas Bravas,1
2025-02-21T14:02:00,Patatas Bravas,1
2025-02-21T14:02:00,Patatas Bravas,1
2025-02-21T14:02:00,Seafood Paella (for 2),1
2025-02-21T14:02:00,House Red Wine,1
2025-02-21T14:02:00,House Red Wine,1
2025-02-21T14:02:00,House Red Wine,1
2025-02-21T14:09:00,Patatas Bravas,1
2025-02-21T14:09:00,Patatas Bravas,1
2025-02-21T14:09:00,Patatas Bravas,1
2025-02-21T14:09:00,Seafood Paella (for 2),1
2025-02-21T14:09:00,Mineral Water,1
2025-02-21T14:09:00,House Red Wine,1
2025-02-21T14:09:00,Crema Catalana,1
2025-02-21T14:09:00,Crema Catalana,1
2025-02-21T14:11:00,Tortilla Española,1
2025-02-21T14:11:00,Tortilla Española,1
2025-02-21T14:11:00,Patatas Bravas,1
2025-02-21T14:11:00,Tortilla Española,1
2025-02-21T14:11:00,Patatas Bravas,1
2025-02-21T14:11:00,Tortilla Española,1
2025-02-21T14:11:00,Mineral Water,1
2025-02-21T14:11:00,House Red Wine,1
2025-02-21T14:11:00,House Red Wine,1
2025-02-21T14:11:00,Mineral Water,1
2025-02-21T14:11:00,Crema Catalana,1
2025-02-21T14:11:00,Crema Catalana,1
2025-02-21T14:11:00,Crema Catalana,1
2025-02-21T14:18:00,Tortilla Española,1
2025-02-21T14:18:00,Tortilla Española,1
2025-02-21T14:18:00,Tortilla Española,1
2025-02-21T14:18:00,Mineral Water,1
2025-02-21T14:18:00,House Red Wine,1
2025-02-21T14:18:00,Crema Catalana,1
2025-02-21T14:18:00,Crema Catalana,1
2025-02-21T14:20:00,Patatas Bravas,1
2025-02-21T14:20:00,Patatas Bravas,1
2025-02-21T14:20:00,Patatas Bravas,1
2025-02-21T14:20:00,Mineral Water,1
2025-02-21T14:20:00,House Red Wine,1
2025-02-21T14:20:00,Crema Catalana,1
2025-02-21T14:20:00,Crema Catalana,1
2025-02-21T14:22:00,Patatas Bravas,1
2025-02-21T14:22:00,Tortilla Española,1
2025-02-21T14:22:00,Patatas Bravas,1
2025-02-21T14:22:00,Mineral Water,1
2025-02-21T14:22:00,Mineral Water,1
2025-02-21T14:22:00,Tortilla Española,1
2025-02-21T14:22:00,Patatas Bravas,1
2025-02-21T14:22:00,Patatas Bravas,1
2025-02-21T14:22:00,House Red Wine,1
2025-02-21T14:22:00,Mineral Water,1
2025-02-21T14:22:00,Crema Catalana,1
2025-02-21T14:22:00,Crema Catalana,1
2025-02-21T14:22:00,Tortilla Española,1
2025-02-21T14:22:00,Tortilla Española,1
2025-02-21T14:22:00,Patatas Bravas,1
2025-02-21T14:22:00,House Red Wine,1
2025-02-21T14:22:00,Mineral Water,1
2025-02-21T14:22:00,Crema Catalana,1
2025-02-21T14:32:00,Tortilla Española,1
2025-02-21T14:32:00,Patatas Bravas,1
2025-02-21T14:32:00,Tortilla Española,1
2025-02-21T14:32:00,Seafood Paella (for 2),1
2025-02-21T14:32:00,House Red Wine,1
2025-02-21T14:32:00,Mineral Water,1
2025-02-21T14:34:00,Patatas Bravas,1
2025-02-21T14:34:00,Patatas Bravas,1
2025-02-21T14:34:00,Patatas Bravas,1
2025-02-21T14:34:00,Seafood Paella (for 2),1
2025-02-21T14:34:00,Mineral Water,1
2025-02-21T14:34:00,Mineral Water,1
2025-02-21T14:39:00,Patatas Bravas,1
2025-02-21T14:39:00,Patatas Bravas,1
2025-02-21T14:39:00,Tortilla Española,1
2025-02-21T14:39:00,Patatas Bravas,1
2025-02-21T14:39:00,Seafood Paella (for 2),1
2025-02-21T14:39:00,House Red Wine,1
2025-02-21T14:39:00,Mineral Water,1
2025-02-21T14:39:00,Mineral Water,1
2025-02-21T14:45:00,Tortilla Española,1
2025-02-21T14:45:00,Patatas Bravas,1
2025-02-21T14:45:00,Tortilla Española,1
2025-02-21T14:45:00,Patatas Bravas,1
2025-02-21T14:45:00,Patatas Bravas,1
2025-02-21T14:45:00,Patatas Bravas,1
2025-02-21T14:45:00,Seafood Paella (for 2),1
2025-02-21T14:45:00,House Red Wine,1
2025-02-21T14:45:00,House Red Wine,1
2025-02-21T14:45:00,Mineral Water,1
2025-02-21T14:45:00,Mineral Water,1
2025-02-21T14:45:00,Crema Catalana,1
2025-02-21T14:45:00,Crema Catalana,1
2025-02-21T14:45:00,Crema Catalana,1
2025-02-21T14:49:00,Patatas Bravas,1
2025-02-21T14:49:00,Seafood Paella (for 2),1
2025-02-21T14:49:00,Mineral Water,1
2025-02-21T14:49:00,Crema Catalana,1
2025-02-21T14:53:00,Patatas Bravas,1
2025-02-21T14:53:00,Tortilla Española,1
2025-02-21T14:53:00,Tortilla Española,1
2025-02-21T14:53:00,Patatas Bravas,1
2025-02-21T14:53:00,Patatas Bravas,1
2025-02-21T14:53:00,Patatas Bravas,1
2025-02-21T14:53:00,Seafood Paella (for 2),1
2025-02-21T14:53:00,House Red Wine,1
2025-02-21T14:53:00,House Red Wine,1
2025-02-21T14:53:00,Mineral Water,1
2025-02-21T14:53:00,Mineral Water,1
2025-02-21T14:53:00,Crema Catalana,1
2025-02-21T14:53:00,Crema Catalana,1
2025-02-21T16:25:00,Patatas Bravas,1
2025-02-21T16:25:00,Mineral Water,1
2025-02-22T13:01:00,Patatas Bravas,1
2025-02-22T13:01:00,Tortilla Española,1
2025-02-22T13:01:00,Tortilla Española,1
2025-02-22T13:01:00,Patatas Bravas,1
2025-02-22T13:01:00,Seafood Paella (for 2),1
2025-02-22T13:01:00,Mineral Water,1
2025-02-22T13:01:00,House Red Wine,1
2025-02-22T13:01:00,House Red Wine,1
2025-02-22T13:01:00,Crema Catalana,1
2025-02-22T13:01:00,Crema Catalana,1
2025-02-22T13:01:00,Crema Catalana,1
2025-02-22T13:03:00,Patatas Bravas,1
2025-02-22T13:03:00,Tortilla Española,1
2025-02-22T13:03:00,Patatas Bravas,1
2025-02-22T13:03:00,Patatas Bravas,1
2025-02-22T13:03:00,Patatas Bravas,1
2025-02-22T13:03:00,Tortilla Española,1
2025-02-22T13:03:00,Seafood Paella (for 2),1
2025-02-22T13:03:00,House Red Wine,1
2025-02-22T13:03:00,House Red Wine,1
2025-02-22T13:03:00,Mineral Water,1
2025-02-22T13:03:00,House Red Wine,1
2025-02-22T13:10:00,Patatas Bravas,1
2025-02-22T13:10:00,House Red Wine,1
2025-02-22T13:10:00,Crema Catalana,1
2025-02-22T13:16:00,Patatas Bravas,1
2025-02-22T13:16:00,Tortilla Española,1
2025-02-22T13:16:00,Patatas Bravas,1
2025-02-22T13:16:00,House Red Wine,1
2025-02-22T13:16:00,House Red Wine,1
2025-02-22T13:16:00,Crema Catalana,1
2025-02-22T13:16:00,Crema Catalana,1
2025-02-22T13:18:00,Tortilla Española,1
2025-02-22T13:18:00,Patatas Bravas,1
2025-02-22T13:18:00,Patatas Bravas,1
2025-02-22T13:18:00,House Red Wine,1
2025-02-22T13:18:00,House Red Wine,1
2025-02-22T13:18:00,Crema Catalana,1
2025-02-22T13:19:00,Tortilla Española,1
2025-02-22T13:19:00,Tortilla Española,1
2025-02-22T13:19:00,Patatas Bravas,1
2025-02-22T13:19:00,Tortilla Española,1
2025-02-22T13:19:00,Tortilla Española,1
2025-02-22T13:19:00,Tortilla Española,1
2025-02-22T13:19:00,House Red Wine,1
2025-02-22T13:19:00,House Red Wine,1
2025-02-22T13:19:00,House Red Wine,1
2025-02-22T13:19:00,Mineral Water,1
2025-02-22T13:19:00,Crema Catalana,1
2025-02-22T13:19:00,Crema Catalana,1
2025-02-22T13:22:00,Tortilla Española,1
2025-02-22T13:22:00,Patatas Bravas,1
2025-02-22T13:22:00,Tortilla Española,1
2025-02-22T13:22:00,Seafood Paella (for 2),1
2025-02-22T13:22:00,Mineral Water,1
2025-02-22T13:22:00,Mineral Water,1
2025-02-22T13:25:00,Patatas Bravas,1
2025-02-22T13:25:00,Mineral Water,1
2025-02-22T13:25:00,Crema Catalana,1
2025-02-22T13:31:00,Patatas Bravas,1
2025-02-22T13:31:00,Tortilla Española,1
2025-02-22T13:31:00,Tortilla Española,1
2025-02-22T13:31:00,Seafood Paella (for 2),1
2025-02-22T13:31:00,House Red Wine,1
2025-02-22T13:31:00,House Red Wine,1
2025-02-22T13:31:00,Crema Catalana,1
2025-02-22T13:31:00,Crema Catalana,1
2025-02-22T13:33:00,Tortilla Española,1
2025-02-22T13:33:00,Patatas Bravas,1
2025-02-22T13:33:00,Patatas Bravas,1
2025-02-22T13:33:00,Patatas Bravas,1
2025-02-22T13:33:00,Patatas Bravas,1
2025-02-22T13:33:00,Patatas Bravas,1
2025-02-22T13:33:00,Mineral Water,1
2025-02-22T13:33:00,Mineral Water,1
2025-02-22T13:33:00,Mineral Water,1
2025-02-22T13:33:00,House Red Wine,1
2025-02-22T13:36:00,Tortilla Española,1
2025-02-22T13:36:00,Patatas Bravas,1
2025-02-22T13:36:00,Patatas Bravas,1
2025-02-22T13:36:00,Seafood Paella (for 2),1
2025-02-22T13:36:00,House Red Wine,1
2025-02-22T13:36:00,Mineral Water,1
2025-02-22T13:38:00,Patatas Bravas,1
2025-02-22T13:38:00,Patatas Bravas,1
2025-02-22T13:38:00,Patatas Bravas,1
2025-02-22T13:38:00,Mineral Water,1
2025-02-22T13:38:00,House Red Wine,1
2025-02-22T13:38:00,Patatas Bravas,1
2025-02-22T13:38:00,Mineral Water,1
2025-02-22T13:39:00,Tortilla Española,1
2025-02-22T13:39:00,Patatas Bravas,1
2025-02-22T13:39:00,Patatas Bravas,1
2025-02-22T13:39:00,Tortilla Española,1
2025-02-22T13:39:00,Mineral Water,1
2025-02-22T13:39:00,Mineral Water,1
2025-02-22T13:39:00,House Red Wine,1
2025-02-22T13:40:00,Patatas Bravas,1
2025-02-22T13:40:00,Tortilla Española,1
2025-02-22T13:40:00,Tortilla Española,1
2025-02-22T13:40:00,House Red Wine,1
2025-02-22T13:40:00,House Red Wine,1
2025-02-22T13:40:00,Crema Catalana,1
2025-02-22T13:40:00,Crema Catalana,1
2025-02-22T13:43:00,Tortilla Española,1
2025-02-22T13:43:00,Tortilla Española,1
2025-02-22T13:43:00,Patatas Bravas,1
2025-02-22T13:43:00,Seafood Paella (for 2),1
2025-02-22T13:43:00,House Red Wine,1
2025-02-22T13:43:00,Mineral Water,1
2025-02-22T13:43:00,Crema Catalana,1
2025-02-22T13:43:00,Crema Catalana,1
2025-02-22T13:45:00,Patatas Bravas,1
2025-02-22T13:45:00,Patatas Bravas,1
2025-02-22T13:45:00,Patatas Bravas,1
2025-02-22T13:45:00,Mineral Water,1
2025-02-22T13:45:00,Mineral Water,1
2025-02-22T13:45:00,Crema Catalana,1
2025-02-22T13:47:00,Patatas Bravas,1
2025-02-22T13:47:00,Patatas Bravas,1
2025-02-22T13:47:00,Tortilla Española,1
2025-02-22T13:47:00,Seafood Paella (for 2),1
2025-02-22T13:47:00,Mineral Water,1
2025-02-22T13:47:00,Mineral Water,1
2025-02-22T13:47:00,Crema Catalana,1
2025-02-22T13:47:00,Crema Catalana,1
2025-02-22T13:50:00,Patatas Bravas,1
2025-02-22T13:50:00,Patatas Bravas,1
2025-02-22T13:50:00,Tortilla Española,1
2025-02-22T13:50:00,Seafood Paella (for 2),1
2025-02-22T13:50:00,Mineral Water,1
2025-02-22T13:50:00,House Red Wine,1
2025-02-22T13:50:00,Tortilla Española,1
2025-02-22T13:50:00,Mineral Water,1
2025-02-22T13:51:00,Patatas Bravas,1
2025-02-22T13:51:00,Patatas Bravas,1
2025-02-22T13:51:00,Patatas Bravas,1
2025-02-22T13:51:00,Patatas Bravas,1
2025-02-22T13:51:00,Seafood Paella (for 2),1
2025-02-22T13:51:00,Mineral Water,1
2025-02-22T13:51:00,House Red Wine,1
2025-02-22T13:51:00,Mineral Water,1
2025-02-22T13:51:00,Tortilla Española,1
2025-02-22T13:51:00,Patatas Bravas,1
2025-02-22T13:51:00,Tortilla Española,1
2025-02-22T13:51:00,Patatas Bravas,1
2025-02-22T13:51:00,Tortilla Española,1
2025-02-22T13:51:00,Patatas Bravas,1
2025-02-22T13:51:00,House Red Wine,1
2025-02-22T13:51:00,Mineral Water,1
2025-02-22T13:51:00,Mineral Water,1
2025-02-22T13:51:00,House Red Wine,1
2025-02-22T13:51:00,Crema Catalana,1
2025-02-22T13:51:00,Crema Catalana,1
2025-02-22T13:58:00,Patatas Bravas,1
2025-02-22T13:58:00,Patatas Bravas,1
2025-02-22T13:58:00,Tortilla Española,1
2025-02-22T13:58:00,Mineral Water,1
2025-02-22T13:58:00,Mineral Water,1
2025-02-22T13:58:00,Crema Catalana,1
2025-02-22T14:01:00,Patatas Bravas,1
2025-02-22T14:01:00,Patatas Bravas,1
2025-02-22T14:01:00,Tortilla Española,1
2025-02-22T14:01:00,Mineral Water,1
2025-02-22T14:01:00,House Red Wine,1
2025-02-22T14:01:00,Crema Catalana,1
2025-02-22T14:01:00,Crema Catalana,1
2025-02-22T14:03:00,Patatas Bravas,1
2025-02-22T14:03:00,Tortilla Española,1
2025-02-22T14:03:00,Tortilla Española,1
2025-02-22T14:03:00,Seafood Paella (for 2),1
2025-02-22T14:03:00,House Red Wine,1
2025-02-22T14:03:00,Mineral Water,1
2025-02-22T14:06:00,Tortilla Española,1
2025-02-22T14:06:00,Tortilla Española,1
2025-02-22T14:06:00,Tortilla Española,1
2025-02-22T14:06:00,Patatas Bravas,1
2025-02-22T14:06:00,Seafood Paella (for 2),1
2025-02-22T14:06:00,House Red Wine,1
2025-02-22T14:06:00,Mineral Water,1
2025-02-22T14:06:00,House Red Wine,1
2025-02-22T14:06:00,Crema Catalana,1
2025-02-22T14:06:00,Crema Catalana,1
2025-02-22T14:06:00,Tortilla Española,1
2025-02-22T14:06:00,Patatas Bravas,1
2025-02-22T14:06:00,Patatas Bravas,1
2025-02-22T14:06:00,Patatas Bravas,1
2025-02-22T14:06:00,House Red Wine,1
2025-02-22T14:06:00,Mineral Water,1
2025-02-22T14:06:00,House Red Wine,1
2025-02-22T14:06:00,Crema Catalana,1
2025-02-22T14:06:00,Crema Catalana,1
2025-02-22T14:09:00,Tortilla Española,1
2025-02-22T14:09:00,Tortilla Española,1
2025-02-22T14:09:00,Tortilla Española,1
2025-02-22T14:09:00,House Red Wine,1
2025-02-22T14:09:00,House Red Wine,1
2025-02-22T14:09:00,Crema Catalana,1
2025-02-22T14:09:00,Crema Catalana,1
2025-02-22T14:14:00,Patatas Bravas,1
2025-02-22T14:14:00,Patatas Bravas,1
2025-02-22T14:14:00,Patatas Bravas,1
2025-02-22T14:14:00,House Red Wine,1
2025-02-22T14:14:00,House Red Wine,1
2025-02-22T14:14:00,Crema Catalana,1
2025-02-22T14:14:00,Crema Catalana,1
2025-02-22T14:15:00,Tortilla Española,1
2025-02-22T14:15:00,Patatas Bravas,1
2025-02-22T14:15:00,Patatas Bravas,1
2025-02-22T14:15:00,Mineral Water,1
2025-02-22T14:15:00,House Red Wine,1
2025-02-22T14:15:00,Crema Catalana,1
2025-02-22T14:15:00,Crema Catalana,1
2025-02-22T14:27:00,Tortilla Española,1
2025-02-22T14:27:00,House Red Wine,1
2025-02-23T13:00:00,Tortilla Española,1
2025-02-23T13:00:00,House Red Wine,1
2025-02-23T13:00:00,Crema Catalana,1
2025-02-23T13:09:00,Tortilla Española,1
2025-02-23T13:09:00,Tortilla Española,1
2025-02-23T13:09:00,Patatas Bravas,1
2025-02-23T13:09:00,Mineral Water,1
2025-02-23T13:09:00,Mineral Water,1
2025-02-23T13:13:00,Patatas Bravas,1
2025-02-23T13:13:00,Tortilla Española,1
2025-02-23T13:13:00,Tortilla Española,1
2025-02-23T13:13:00,Mineral Water,1
2025-02-23T13:13:00,House Red Wine,1
2025-02-23T13:13:00,Crema Catalana,1
2025-02-23T13:16:00,Tortilla Española,1
2025-02-23T13:16:00,Patatas Bravas,1
2025-02-23T13:16:00,Patatas Bravas,1
2025-02-23T13:16:00,Tortilla Española,1
2025-02-23T13:16:00,Seafood Paella (for 2),1
2025-02-23T13:16:00,Mineral Water,1
2025-02-23T13:16:00,House Red Wine,1
2025-02-23T13:16:00,Mineral Water,1
2025-02-23T13:16:00,Crema Catalana,1
2025-02-23T13:17:00,Patatas Bravas,1
2025-02-23T13:17:00,Tortilla Española,1
2025-02-23T13:17:00,Patatas Bravas,1
2025-02-23T13:17:00,Seafood Paella (for 2),1
2025-02-23T13:17:00,Mineral Water,1
2025-02-23T13:17:00,Mineral Water,1
2025-02-23T13:19:00,Patatas Bravas,1
2025-02-23T13:19:00,Patatas Bravas,1
2025-02-23T13:19:00,Patatas Bravas,1
2025-02-23T13:19:00,Mineral Water,1
2025-02-23T13:19:00,House Red Wine,1
2025-02-23T13:19:00,Crema Catalana,1
2025-02-23T13:19:00,Crema Catalana,1
2025-02-23T13:22:00,Patatas Bravas,1
2025-02-23T13:22:00,Tortilla Española,1
2025-02-23T13:22:00,Patatas Bravas,1
2025-02-23T13:22:00,Mineral Water,1
2025-02-23T13:22:00,House Red Wine,1
2025-02-23T13:22:00,Crema Catalana,1
2025-02-23T13:24:00,Patatas Bravas,1
2025-02-23T13:24:00,Patatas Bravas,1
2025-02-23T13:24:00,Tortilla Española,1
2025-02-23T13:24:00,House Red Wine,1
2025-02-23T13:24:00,House Red Wine,1
2025-02-23T13:25:00,Patatas Bravas,1
2025-02-23T13:25:00,House Red Wine,1
2025-02-23T13:31:00,Patatas Bravas,1
2025-02-23T13:31:00,House Red Wine,1
2025-02-23T13:31:00,Crema Catalana,1
2025-02-23T13:31:00,Patatas Bravas,1
2025-02-23T13:31:00,Patatas Bravas,1
2025-02-23T13:31:00,Tortilla Española,1
2025-02-23T13:31:00,Patatas Bravas,1
2025-02-23T13:31:00,Seafood Paella (for 2),1
2025-02-23T13:31:00,Mineral Water,1
2025-02-23T13:31:00,House Red Wine,1
2025-02-23T13:31:00,House Red Wine,1
2025-02-23T13:34:00,Tortilla Española,1
2025-02-23T13:34:00,Patatas Bravas,1
2025-02-23T13:34:00,Patatas Bravas,1
2025-02-23T13:34:00,Mineral Water,1
2025-02-23T13:34:00,House Red Wine,1
2025-02-23T13:34:00,Crema Catalana,1
2025-02-23T13:38:00,Tortilla Española,1
2025-02-23T13:38:00,Patatas Bravas,1
2025-02-23T13:38:00,Tortilla Española,1
2025-02-23T13:38:00,Tortilla Española,1
2025-02-23T13:38:00,Seafood Paella (for 2),1
2025-02-23T13:38:00,Mineral Water,1
2025-02-23T13:38:00,House Red Wine,1
2025-02-23T13:38:00,Mineral Water,1
2025-02-23T13:38:00,Crema Catalana,1
2025-02-23T13:38:00,Crema Catalana,1
2025-02-23T13:38:00,Crema Catalana,1
2025-02-23T13:45:00,Patatas Bravas,1
2025-02-23T13:45:00,Mineral Water,1
2025-02-23T13:45:00,Crema Catalana,1
2025-02-23T13:54:00,Patatas Bravas,1
2025-02-23T13:54:00,Seafood Paella (for 2),1
2025-02-23T13:54:00,Mineral Water,1
2025-02-23T13:54:00,Crema Catalana,1
2025-02-23T13:57:00,Patatas Bravas,1
2025-02-23T13:57:00,Patatas Bravas,1
2025-02-23T13:57:00,Patatas Bravas,1
2025-02-23T13:57:00,Mineral Water,1
2025-02-23T13:57:00,Mineral Water,1
2025-02-23T13:57:00,Crema Catalana,1
2025-02-23T13:57:00,Crema Catalana,1
2025-02-23T14:00:00,Tortilla Española,1
2025-02-23T14:00:00,Patatas Bravas,1
2025-02-23T14:00:00,Tortilla Española,1
2025-02-23T14:00:00,Seafood Paella (for 2),1
2025-02-23T14:00:00,House Red Wine,1
2025-02-23T14:00:00,Mineral Water,1
2025-02-23T14:08:00,Tortilla Española,1
2025-02-23T14:08:00,Patatas Bravas,1
2025-02-23T14:08:00,Patatas Bravas,1
2025-02-23T14:08:00,Mineral Water,1
2025-02-23T14:08:00,Mineral Water,1
2025-02-23T14:08:00,Crema Catalana,1
2025-02-23T14:08:00,Crema Catalana,1
2025-02-23T14:15:00,Patatas Bravas,1
2025-02-23T14:15:00,Patatas Bravas,1
2025-02-23T14:15:00,Patatas Bravas,1
2025-02-23T14:15:00,Tortilla Española,1
2025-02-23T14:15:00,Seafood Paella (for 2),1
2025-02-23T14:15:00,Mineral Water,1
2025-02-23T14:15:00,Mineral Water,1
2025-02-23T14:15:00,House Red Wine,1
2025-02-23T14:17:00,Patatas Bravas,1
2025-02-23T14:17:00,Patatas Bravas,1
2025-02-23T14:17:00,Patatas Bravas,1
2025-02-23T14:17:00,House Red Wine,1
2025-02-23T14:17:00,House Red Wine,1
2025-02-23T14:17:00,Crema Catalana,1
2025-02-23T14:17:00,Crema Catalana,1
2025-02-23T14:18:00,Patatas Bravas,1
2025-02-23T14:18:00,Patatas Bravas,1
2025-02-23T14:18:00,Tortilla Española,1
2025-02-23T14:18:00,House Red Wine,1
2025-02-23T14:18:00,House Red Wine,1
2025-02-23T14:18:00,Tortilla Española,1
2025-02-23T14:18:00,Tortilla Española,1
2025-02-23T14:18:00,Patatas Bravas,1
2025-02-23T14:18:00,Patatas Bravas,1
2025-02-23T14:18:00,Tortilla Española,1
2025-02-23T14:18:00,Patatas Bravas,1
2025-02-23T14:18:00,Mineral Water,1
2025-02-23T14:18:00,Mineral Water,1
2025-02-23T14:18:00,Mineral Water,1
2025-02-23T14:18:00,House Red Wine,1
2025-02-23T14:18:00,Crema Catalana,1
2025-02-23T14:18:00,Crema Catalana,1
2025-02-23T14:26:00,Patatas Bravas,1
2025-02-23T14:26:00,Tortilla Española,1
2025-02-23T14:26:00,Tortilla Española,1
2025-02-23T14:26:00,Tortilla Española,1
2025-02-23T14:26:00,Mineral Water,1
2025-02-23T14:26:00,Mineral Water,1
2025-02-23T14:26:00,Mineral Water,1
2025-02-23T14:26:00,Crema Catalana,1
2025-02-23T14:26:00,Crema Catalana,1
2025-02-23T14:27:00,Tortilla Española,1
2025-02-23T14:27:00,Tortilla Española,1
2025-02-23T14:27:00,Tortilla Española,1
2025-02-23T14:27:00,House Red Wine,1
2025-02-23T14:27:00,Mineral Water,1
2025-02-23T14:28:00,Patatas Bravas,1
2025-02-23T14:28:00,Patatas Bravas,1
2025-02-23T14:28:00,Tortilla Española,1
2025-02-23T14:28:00,House Red Wine,1
2025-02-23T14:28:00,House Red Wine,1
2025-02-23T14:28:00,Crema Catalana,1
2025-02-23T14:30:00,Patatas Bravas,1
2025-02-23T14:30:00,Patatas Bravas,1
2025-02-23T14:30:00,Patatas Bravas,1
2025-02-23T14:30:00,Patatas Bravas,1
2025-02-23T14:30:00,House Red Wine,1
2025-02-23T14:30:00,House Red Wine,1
2025-02-23T14:30:00,House Red Wine,1
2025-02-23T14:30:00,Crema Catalana,1
2025-02-23T14:30:00,Crema Catalana,1
2025-02-23T14:33:00,Tortilla Española,1
2025-02-23T14:33:00,Patatas Bravas,1
2025-02-23T14:33:00,Tortilla Española,1
2025-02-23T14:33:00,Mineral Water,1
2025-02-23T14:33:00,Mineral Water,1
2025-02-23T14:33:00,Crema Catalana,1
2025-02-23T14:42:00,Tortilla Española,1
2025-02-23T14:42:00,Tortilla Española,1
2025-02-23T14:42:00,Patatas Bravas,1
2025-02-23T14:42:00,Seafood Paella (for 2),1
2025-02-23T14:42:00,House Red Wine,1
2025-02-23T14:42:00,House Red Wine,1
2025-02-23T14:42:00,Crema Catalana,1
2025-02-23T14:42:00,Crema Catalana,1
2025-02-23T14:44:00,Patatas Bravas,1
2025-02-23T14:44:00,Tortilla Española,1
2025-02-23T14:44:00,Tortilla Española,1
2025-02-23T14:44:00,Mineral Water,1
2025-02-23T14:44:00,Mineral Water,1
2025-02-23T14:45:00,Tortilla Española,1
2025-02-23T14:45:00,Mineral Water,1
2025-02-23T14:45:00,Crema Catalana,1
2025-02-23T14:45:00,Tortilla Española,1
2025-02-23T14:45:00,Patatas Bravas,1
2025-02-23T14:45:00,Tortilla Española,1
2025-02-23T14:45:00,House Red Wine,1
2025-02-23T14:45:00,House Red Wine,1
2025-02-23T14:45:00,Crema Catalana,1
2025-02-23T14:47:00,Tortilla Española,1
2025-02-23T14:47:00,Tortilla Española,1
2025-02-23T14:47:00,Patatas Bravas,1
2025-02-23T14:47:00,Patatas Bravas,1
2025-02-23T14:47:00,Seafood Paella (for 2),1
2025-02-23T14:47:00,House Red Wine,1
2025-02-23T14:47:00,House Red Wine,1
2025-02-23T14:47:00,House Red Wine,1
2025-02-23T14:47:00,Crema Catalana,1
2025-02-23T14:47:00,Crema Catalana,1
2025-02-23T14:49:00,Patatas Bravas,1
2025-02-23T14:49:00,House Red Wine,1
2025-02-23T14:49:00,Crema Catalana,1
2025-02-23T15:04:00,Tortilla Española,1
2025-02-23T15:04:00,Tortilla Española,1
2025-02-23T15:04:00,Tortilla Española,1
2025-02-23T15:04:00,Mineral Water,1
2025-02-23T15:04:00,House Red Wine,1
2025-02-23T15:04:00,Crema Catalana,1
2025-02-23T20:09:00,Tortilla Española,1
2025-02-23T20:09:00,Mineral Water,1
2025-02-23T21:30:00,Tortilla Española,1
2025-02-23T21:30:00,Mineral Water,1
2025-02-24T14:01:00,Menu del Día,1
2025-02-24T14:02:00,Menu del Día,1
2025-02-24T14:06:00,Menu del Día,1
2025-02-24T14:07:00,Menu del Día,2
2025-02-24T14:07:00,Menu del Día,1
2025-02-24T14:15:00,Menu del Día,2
2025-02-24T14:19:00,Menu del Día,2
2025-02-24T14:42:00,Menu del Día,1
2025-02-24T14:45:00,Menu del Día,2
2025-02-24T14:45:00,Menu del Día,2
2025-02-24T14:53:00,Menu del Día,2
2025-02-24T14:56:00,Menu del Día,2
2025-02-24T14:58:00,Menu del Día,2
2025-02-24T15:18:00,Menu del Día,2
2025-02-24T15:19:00,Menu del Día,1
2025-02-24T15:31:00,Menu del Día,1
2025-02-24T15:36:00,Menu del Día,2
2025-02-24T15:38:00,Menu del Día,1
2025-02-24T15:49:00,Menu del Día,1
2025-02-24T15:55:00,Menu del Día,1
2025-02-24T15:58:00,Menu del Día,1
2025-02-24T16:04:00,Menu del Día,2
2025-02-24T16:29:00,Menu del Día,1
2025-02-24T16:36:00,Menu del Día,2
2025-02-24T20:00:00,Patatas Bravas,1
2025-02-24T20:00:00,Tortilla Española,1
2025-02-24T20:00:00,Tortilla Española,1
2025-02-24T20:00:00,Patatas Bravas,1
2025-02-24T20:00:00,Mineral Water,1
2025-02-24T20:00:00,Mineral Water,1
2025-02-24T20:00:00,Mineral Water,1
2025-02-24T20:09:00,Tortilla Española,1
2025-02-24T20:09:00,Tortilla Española,1
2025-02-24T20:09:00,Tortilla Española,1
2025-02-24T20:09:00,Patatas Bravas,1
2025-02-24T20:09:00,House Red Wine,1
2025-02-24T20:09:00,House Red Wine,1
2025-02-24T20:09:00,House Red Wine,1
2025-02-24T20:09:00,Crema Catalana,1
2025-02-24T20:13:00,Patatas Bravas,1
2025-02-24T20:13:00,House Red Wine,1
2025-02-24T20:13:00,Crema Catalana,1
2025-02-24T20:20:00,Tortilla Española,1
2025-02-24T20:20:00,Tortilla Española,1
2025-02-24T20:20:00,Patatas Bravas,1
2025-02-24T20:20:00,House Red Wine,1
2025-02-24T20:20:00,Mineral Water,1
2025-02-24T20:30:00,Patatas Bravas,1
2025-02-24T20:30:00,Tortilla Española,1
2025-02-24T20:30:00,Patatas Bravas,1
2025-02-24T20:30:00,House Red Wine,1
2025-02-24T20:30:00,House Red Wine,1
2025-02-24T20:30:00,Crema Catalana,1
2025-02-24T20:30:00,Crema Catalana,1
2025-02-24T20:36:00,Patatas Bravas,1
2025-02-24T20:36:00,Tortilla Española,1
2025-02-24T20:36:00,Patatas Bravas,1
2025-02-24T20:36:00,Tortilla Española,1
2025-02-24T20:36:00,House Red Wine,1
2025-02-24T20:36:00,House Red Wine,1
2025-02-24T20:36:00,Mineral Water,1
2025-02-24T20:36:00,Crema Catalana,1
2025-02-24T20:38:00,Patatas Bravas,1
2025-02-24T20:38:00,Tortilla Española,1
2025-02-24T20:38:00,Tortilla Española,1
2025-02-24T20:38:00,House Red Wine,1
2025-02-24T20:38:00,House Red Wine,1
2025-02-24T20:38:00,Crema Catalana,1
2025-02-24T20:38:00,Crema Catalana,1
2025-02-24T20:48:00,Tortilla Española,1
2025-02-24T20:48:00,Patatas Bravas,1
2025-02-24T20:48:00,Tortilla Española,1
2025-02-24T20:48:00,Mineral Water,1
2025-02-24T20:48:00,Mineral Water,1
2025-02-24T20:55:00,Tortilla Española,1
2025-02-24T20:55:00,Patatas Bravas,1
2025-02-24T20:55:00,Patatas Bravas,1
2025-02-24T20:55:00,Mineral Water,1
2025-02-24T20:55:00,Mineral Water,1
2025-02-24T20:55:00,Crema Catalana,1
2025-02-24T20:55:00,Crema Catalana,1
2025-02-24T21:08:00,Patatas Bravas,1
2025-02-24T21:08:00,House Red Wine,1
2025-02-24T21:08:00,Crema Catalana,1
2025-02-24T21:11:00,Tortilla Española,1
2025-02-24T21:11:00,Patatas Bravas,1
2025-02-24T21:11:00,Tortilla Española,1
2025-02-24T21:11:00,Patatas Bravas,1
2025-02-24T21:11:00,Patatas Bravas,1
2025-02-24T21:11:00,Patatas Bravas,1
2025-02-24T21:11:00,Mineral Water,1
2025-02-24T21:11:00,House Red Wine,1
2025-02-24T21:11:00,House Red Wine,1
2025-02-24T21:11:00,House Red Wine,1
2025-02-24T21:35:00,Tortilla Española,1
2025-02-24T21:35:00,Patatas Bravas,1
2025-02-24T21:35:00,Patatas Bravas,1
2025-02-24T21:35:00,Tortilla Española,1
2025-02-24T21:35:00,House Red Wine,1
2025-02-24T21:35:00,House Red Wine,1
2025-02-24T21:35:00,House Red Wine,1
2025-02-24T21:39:00,Patatas Bravas,1
2025-02-24T21:39:00,Tortilla Española,1
2025-02-24T21:39:00,Patatas Bravas,1
2025-02-24T21:39:00,Mineral Water,1
2025-02-24T21:39:00,House Red Wine,1
2025-02-24T21:39:00,Crema Catalana,1
2025-02-24T21:39:00,Crema Catalana,1
2025-02-24T21:48:00,Patatas Bravas,1
2025-02-24T21:48:00,Patatas Bravas,1
2025-02-24T21:48:00,Tortilla Española,1
2025-02-24T21:48:00,House Red Wine,1
2025-02-24T21:48:00,Mineral Water,1
2025-02-24T21:48:00,Crema Catalana,1
2025-02-24T21:48:00,Crema Catalana,1
2025-02-24T21:53:00,Patatas Bravas,1
2025-02-24T21:53:00,Patatas Bravas,1
2025-02-24T21:53:00,Tortilla Española,1
2025-02-24T21:53:00,House Red Wine,1
2025-02-24T21:53:00,House Red Wine,1
2025-02-24T21:53:00,Crema Catalana,1
2025-02-24T21:57:00,Tortilla Española,1
2025-02-24T21:57:00,Tortilla Española,1
2025-02-24T21:57:00,Patatas Bravas,1
2025-02-24T21:57:00,House Red Wine,1
2025-02-24T21:57:00,Mineral Water,1
2025-02-24T22:03:00,Patatas Bravas,1
2025-02-24T22:03:00,Tortilla Española,1
2025-02-24T22:03:00,Patatas Bravas,1
2025-02-24T22:03:00,Mineral Water,1
2025-02-24T22:03:00,House Red Wine,1
2025-02-25T13:03:00,Menu del Día,3
2025-02-25T13:11:00,Menu del Día,3
2025-02-25T13:12:00,Menu del Día,3
2025-02-25T13:12:00,Menu del Día,1
2025-02-25T13:12:00,Menu del Día,1
2025-02-25T13:32:00,Menu del Día,1
2025-02-25T13:32:00,Menu del Día,1
2025-02-25T13:48:00,Menu del Día,3
2025-02-25T13:49:00,Menu del Día,1
2025-02-25T13:51:00,Menu del Día,1
2025-02-25T13:58:00,Menu del Día,2
2025-02-25T14:06:00,Menu del Día,1
2025-02-25T14:09:00,Menu del Día,4
2025-02-25T14:33:00,Menu del Día,1
2025-02-25T14:41:00,Menu del Día,2
2025-02-25T14:42:00,Menu del Día,2
2025-02-25T14:43:00,Menu del Día,2
2025-02-25T15:00:00,Menu del Día,2
2025-02-25T15:03:00,Menu del Día,1
2025-02-25T15:14:00,Menu del Día,1
2025-02-25T15:17:00,Menu del Día,4
2025-02-25T15:20:00,Menu del Día,1
2025-02-25T15:33:00,Menu del Día,1
2025-02-25T15:38:00,Menu del Día,3
2025-02-25T15:42:00,Menu del Día,3
2025-02-25T15:53:00,Menu del Día,1
2025-02-25T15:53:00,Menu del Día,3
2025-02-25T15:56:00,Menu del Día,1
2025-02-25T15:57:00,Menu del Día,2
2025-02-25T15:58:00,Menu del Día,1
2025-02-25T16:01:00,Menu del Día,3
2025-02-25T16:05:00,Menu del Día,2
2025-02-25T16:11:00,Menu del Día,1
2025-02-25T16:21:00,Menu del Día,2
2025-02-25T16:22:00,Menu del Día,1
2025-02-25T16:46:00,Menu del Día,2
2025-02-25T20:06:00,Patatas Bravas,1
2025-02-25T20:06:00,House Red Wine,1
2025-02-25T20:06:00,Crema Catalana,1
2025-02-25T20:06:00,Patatas Bravas,1
2025-02-25T20:06:00,Patatas Bravas,1
2025-02-25T20:06:00,Patatas Bravas,1
2025-02-25T20:06:00,Patatas Bravas,1
2025-02-25T20:06:00,House Red Wine,1
2025-02-25T20:06:00,Mineral Water,1
2025-02-25T20:06:00,Mineral Water,1
2025-02-25T20:08:00,Tortilla Española,1
2025-02-25T20:08:00,Tortilla Española,1
2025-02-25T20:08:00,Patatas Bravas,1
2025-02-25T20:08:00,Patatas Bravas,1
2025-02-25T20:08:00,Tortilla Española,1
2025-02-25T20:08:00,Patatas Bravas,1
2025-02-25T20:08:00,Mineral Water,1
2025-02-25T20:08:00,House Red Wine,1
2025-02-25T20:08:00,Mineral Water,1
2025-02-25T20:08:00,House Red Wine,1
2025-02-25T20:08:00,Crema Catalana,1
2025-02-25T20:13:00,Patatas Bravas,1
2025-02-25T20:13:00,Patatas Bravas,1
2025-02-25T20:13:00,Tortilla Española,1
2025-02-25T20:13:00,House Red Wine,1
2025-02-25T20:13:00,House Red Wine,1
2025-02-25T20:14:00,Tortilla Española,1
2025-02-25T20:14:00,Tortilla Española,1
2025-02-25T20:14:00,Patatas Bravas,1
2025-02-25T20:14:00,House Red Wine,1
2025-02-25T20:14:00,Mineral Water,1
2025-02-25T20:24:00,Patatas Bravas,1
2025-02-25T20:24:00,Tortilla Española,1
2025-02-25T20:24:00,Patatas Bravas,1
2025-02-25T20:24:00,House Red Wine,1
2025-02-25T20:24:00,House Red Wine,1
2025-02-25T20:27:00,Patatas Bravas,1
2025-02-25T20:27:00,Patatas Bravas,1
2025-02-25T20:27:00,Tortilla Española,1
2025-02-25T20:27:00,House Red Wine,1
2025-02-25T20:27:00,House Red Wine,1
2025-02-25T20:40:00,Patatas Bravas,1
2025-02-25T20:40:00,Tortilla Española,1
2025-02-25T20:40:00,Tortilla Española,1
2025-02-25T20:40:00,Tortilla Española,1
2025-02-25T20:40:00,Mineral Water,1
2025-02-25T20:40:00,House Red Wine,1
2025-02-25T20:40:00,Mineral Water,1
2025-02-25T20:40:00,Crema Catalana,1
2025-02-25T20:40:00,Crema Catalana,1
2025-02-25T20:44:00,Tortilla Española,1
2025-02-25T20:44:00,Tortilla Española,1
2025-02-25T20:44:00,Patatas Bravas,1
2025-02-25T20:44:00,Patatas Bravas,1
2025-02-25T20:44:00,House Red Wine,1
2025-02-25T20:44:00,Mineral Water,1
2025-02-25T20:44:00,House Red Wine,1
2025-02-25T20:44:00,Crema Catalana,1
2025-02-25T20:44:00,Crema Catalana,1
2025-02-25T20:44:00,Crema Catalana,1
2025-02-25T20:47:00,Tortilla Española,1
2025-02-25T20:47:00,Mineral Water,1
2025-02-25T20:48:00,Tortilla Española,1
2025-02-25T20:48:00,Patatas Bravas,1
2025-02-25T20:48:00,Tortilla Española,1
2025-02-25T20:48:00,Mineral Water,1
2025-02-25T20:48:00,Mineral Water,1
2025-02-25T20:54:00,Patatas Bravas,1
2025-02-25T20:54:00,Patatas Bravas,1
2025-02-25T20:54:00,Patatas Bravas,1
2025-02-25T20:54:00,Mineral Water,1
2025-02-25T20:54:00,House Red Wine,1
2025-02-25T20:54:00,Crema Catalana,1
2025-02-25T20:54:00,Crema Catalana,1
2025-02-25T21:20:00,Tortilla Española,1
2025-02-25T21:20:00,Mineral Water,1
2025-02-26T13:18:00,Menu del Día,1
2025-02-26T13:18:00,Seafood Paella (for 2),1
2025-02-26T13:37:00,Menu del Día,1
2025-02-26T13:37:00,Seafood Paella (for 2),1
2025-02-26T13:43:00,Menu del Día,2
2025-02-26T13:50:00,Menu del Día,1
2025-02-26T14:01:00,Seafood Paella (for 2),1
2025-02-26T14:01:00,Seafood Paella (for 2),1
2025-02-26T14:02:00,Menu del Día,1
2025-02-26T14:07:00,Menu del Día,1
2025-02-26T14:07:00,Seafood Paella (for 2),1
2025-02-26T14:11:00,Menu del Día,2
2025-02-26T14:11:00,Seafood Paella (for 2),1
2025-02-26T14:11:00,Seafood Paella (for 2),1
2025-02-26T14:13:00,Menu del Día,2
2025-02-26T14:13:00,Seafood Paella (for 2),1
2025-02-26T14:13:00,Menu del Día,2
2025-02-26T14:15:00,Menu del Día,2
2025-02-26T14:20:00,Menu del Día,1
2025-02-26T14:28:00,Menu del Día,2
2025-02-26T14:32:00,Menu del Día,1
2025-02-26T14:32:00,Menu del Día,2
2025-02-26T14:33:00,Menu del Día,1
2025-02-26T14:34:00,Menu del Día,2
2025-02-26T14:34:00,Seafood Paella (for 2),1
2025-02-26T14:40:00,Menu del Día,1
2025-02-26T14:40:00,Menu del Día,2
2025-02-26T14:40:00,Seafood Paella (for 2),1
2025-02-26T14:40:00,Seafood Paella (for 2),1
2025-02-26T14:46:00,Menu del Día,2
2025-02-26T14:47:00,Menu del Día,1
2025-02-26T14:47:00,Seafood Paella (for 2),1
2025-02-26T14:48:00,Menu del Día,1
2025-02-26T14:48:00,Seafood Paella (for 2),1
2025-02-26T14:52:00,Menu del Día,1
2025-02-26T14:57:00,Menu del Día,2
2025-02-26T14:59:00,Menu del Día,1
2025-02-26T15:02:00,Menu del Día,2
2025-02-26T15:06:00,Menu del Día,1
2025-02-26T15:09:00,Menu del Día,2
2025-02-26T15:23:00,Menu del Día,3
2025-02-26T15:23:00,Seafood Paella (for 2),1
2025-02-26T15:28:00,Menu del Día,2
2025-02-26T15:29:00,Menu del Día,1
2025-02-26T15:32:00,Menu del Día,1
2025-02-26T15:32:00,Seafood Paella (for 2),1
2025-02-26T15:34:00,Menu del Día,1
2025-02-26T15:38:00,Menu del Día,1
2025-02-26T15:41:00,Menu del Día,1
2025-02-26T15:41:00,Seafood Paella (for 2),1
2025-02-26T15:41:00,Seafood Paella (for 2),1
2025-02-26T15:42:00,Menu del Día,1
2025-02-26T15:43:00,Menu del Día,1
2025-02-26T15:43:00,Seafood Paella (for 2),1
2025-02-26T15:52:00,Menu del Día,1
2025-02-26T15:52:00,Seafood Paella (for 2),1
2025-02-26T15:54:00,Menu del Día,1
2025-02-26T15:54:00,Seafood Paella (for 2),1
2025-02-26T15:55:00,Menu del Día,1
2025-02-26T16:10:00,Menu del Día,2
2025-02-26T16:28:00,Seafood Paella (for 2),1
2025-02-26T16:35:00,Menu del Día,2
2025-02-26T16:36:00,Seafood Paella (for 2),1
2025-02-26T16:41:00,Menu del Día,1
2025-02-26T16:42:00,Menu del Día,2
2025-02-26T16:42:00,Menu del Día,2
2025-02-26T20:00:00,Tortilla Española,1
2025-02-26T20:00:00,Patatas Bravas,1
2025-02-26T20:00:00,Tortilla Española,1
2025-02-26T20:00:00,Mineral Water,1
2025-02-26T20:00:00,Mineral Water,1
2025-02-26T20:00:00,Tortilla Española,1
2025-02-26T20:00:00,Patatas Bravas,1
2025-02-26T20:00:00,Patatas Bravas,1
2025-02-26T20:00:00,Tortilla Española,1
2025-02-26T20:00:00,Tortilla Española,1
2025-02-26T20:00:00,Tortilla Española,1
2025-02-26T20:00:00,Mineral Water,1
2025-02-26T20:00:00,Mineral Water,1
2025-02-26T20:00:00,House Red Wine,1
2025-02-26T20:00:00,House Red Wine,1
2025-02-26T20:00:00,Crema Catalana,1
2025-02-26T20:01:00,Tortilla Española,1
2025-02-26T20:01:00,Patatas Bravas,1
2025-02-26T20:01:00,Patatas Bravas,1
2025-02-26T20:01:00,Mineral Water,1
2025-02-26T20:01:00,House Red Wine,1
2025-02-26T20:01:00,Crema Catalana,1
2025-02-26T20:02:00,Tortilla Española,1
2025-02-26T20:02:00,Patatas Bravas,1
2025-02-26T20:02:00,Tortilla Española,1
2025-02-26T20:02:00,Tortilla Española,1
2025-02-26T20:02:00,Seafood Paella (for 2),1
2025-02-26T20:02:00,Mineral Water,1
2025-02-26T20:02:00,House Red Wine,1
2025-02-26T20:02:00,House Red Wine,1
2025-02-26T20:03:00,Patatas Bravas,1
2025-02-26T20:03:00,Patatas Bravas,1
2025-02-26T20:03:00,Patatas Bravas,1
2025-02-26T20:03:00,House Red Wine,1
2025-02-26T20:03:00,Mineral Water,1
2025-02-26T20:05:00,Patatas Bravas,1
2025-02-26T20:05:00,Tortilla Española,1
2025-02-26T20:05:00,Tortilla Española,1
2025-02-26T20:05:00,Seafood Paella (for 2),1
2025-02-26T20:05:00,Mineral Water,1
2025-02-26T20:05:00,House Red Wine,1
2025-02-26T20:05:00,Crema Catalana,1
2025-02-26T20:05:00,Crema Catalana,1
2025-02-26T20:09:00,Patatas Bravas,1
2025-02-26T20:09:00,Patatas Bravas,1
2025-02-26T20:09:00,Patatas Bravas,1
2025-02-26T20:09:00,House Red Wine,1
2025-02-26T20:09:00,House Red Wine,1
2025-02-26T20:16:00,Patatas Bravas,1
2025-02-26T20:16:00,Patatas Bravas,1
2025-02-26T20:16:00,Patatas Bravas,1
2025-02-26T20:16:00,Mineral Water,1
2025-02-26T20:16:00,Mineral Water,1
2025-02-26T20:16:00,Crema Catalana,1
2025-02-26T20:27:00,Tortilla Española,1
2025-02-26T20:27:00,Mineral Water,1
2025-02-26T21:47:00,Tortilla Española,1
2025-02-26T21:47:00,Mineral Water,1
2025-02-27T13:02:00,Menu del Día,2
2025-02-27T13:02:00,Seafood Paella (for 2),1
2025-02-27T13:02:00,Seafood Paella (for 2),1
2025-02-27T13:02:00,Seafood Paella (for 2),1
2025-02-27T13:02:00,Seafood Paella (for 2),1
2025-02-27T13:07:00,Menu del Día,2
2025-02-27T13:07:00,Menu del Día,2
2025-02-27T13:12:00,Menu del Día,1
2025-02-27T13:19:00,Menu del Día,1
2025-02-27T13:19:00,Seafood Paella (for 2),1
2025-02-27T13:20:00,Menu del Día,1
2025-02-27T13:28:00,Menu del Día,1
2025-02-27T13:28:00,Seafood Paella (for 2),1
2025-02-27T13:40:00,Menu del Día,1
2025-02-27T14:13:00,Menu del Día,1
2025-02-27T14:14:00,Menu del Día,2
2025-02-27T14:15:00,Menu del Día,2
2025-02-27T14:18:00,Menu del Día,1
2025-02-27T14:18:00,Seafood Paella (for 2),1
2025-02-27T14:23:00,Seafood Paella (for 2),1
2025-02-27T14:23:00,Seafood Paella (for 2),1
2025-02-27T14:30:00,Menu del Día,2
2025-02-27T14:31:00,Menu del Día,1
2025-02-27T14:38:00,Menu del Día,2
2025-02-27T14:48:00,Seafood Paella (for 2),1
2025-02-27T14:55:00,Menu del Día,1
2025-02-27T14:58:00,Menu del Día,2
2025-02-27T15:06:00,Menu del Día,2
2025-02-27T15:10:00,Menu del Día,1
2025-02-27T15:10:00,Seafood Paella (for 2),1
2025-02-27T15:19:00,Menu del Día,1
2025-02-27T15:19:00,Seafood Paella (for 2),1
2025-02-27T15:19:00,Seafood Paella (for 2),1
2025-02-27T15:19:00,Menu del Día,1
2025-02-27T15:19:00,Seafood Paella (for 2),1
2025-02-27T15:22:00,Seafood Paella (for 2),1
2025-02-27T15:22:00,Menu del Día,1
2025-02-27T15:30:00,Menu del Día,1
2025-02-27T15:30:00,Seafood Paella (for 2),1
2025-02-27T15:32:00,Seafood Paella (for 2),1
2025-02-27T15:34:00,Menu del Día,1
2025-02-27T15:34:00,Seafood Paella (for 2),1
2025-02-27T15:56:00,Menu del Día,1
2025-02-27T15:56:00,Seafood Paella (for 2),1
2025-02-27T15:57:00,Menu del Día,1
2025-02-27T16:17:00,Menu del Día,1
2025-02-27T16:30:00,Menu del Día,2
2025-02-27T16:35:00,Menu del Día,2
2025-02-27T16:37:00,Menu del Día,1
2025-02-27T16:59:00,Menu del Día,1
2025-02-27T16:59:00,Seafood Paella (for 2),1
2025-02-27T20:02:00,Patatas Bravas,1
2025-02-27T20:02:00,Tortilla Española,1
2025-02-27T20:02:00,Patatas Bravas,1
2025-02-27T20:02:00,Seafood Paella (for 2),1
2025-02-27T20:02:00,House Red Wine,1
2025-02-27T20:02:00,Mineral Water,1
2025-02-27T20:04:00,Patatas Bravas,1
2025-02-27T20:04:00,Tortilla Española,1
2025-02-27T20:04:00,Tortilla Española,1
2025-02-27T20:04:00,Seafood Paella (for 2),1
2025-02-27T20:04:00,Mineral Water,1
2025-02-27T20:04:00,Mineral Water,1
2025-02-27T20:04:00,Crema Catalana,1
2025-02-27T20:04:00,Crema Catalana,1
2025-02-27T20:15:00,Patatas Bravas,1
2025-02-27T20:15:00,Patatas Bravas,1
2025-02-27T20:15:00,Tortilla Española,1
2025-02-27T20:15:00,Patatas Bravas,1
2025-02-27T20:15:00,Tortilla Española,1
2025-02-27T20:15:00,Patatas Bravas,1
2025-02-27T20:15:00,Seafood Paella (for 2),1
2025-02-27T20:15:00,House Red Wine,1
2025-02-27T20:15:00,Mineral Water,1
2025-02-27T20:15:00,Mineral Water,1
2025-02-27T20:15:00,Mineral Water,1
2025-02-27T20:19:00,Patatas Bravas,1
2025-02-27T20:19:00,Tortilla Española,1
2025-02-27T20:19:00,Patatas Bravas,1
2025-02-27T20:19:00,Patatas Bravas,1
2025-02-27T20:19:00,Mineral Water,1
2025-02-27T20:19:00,Mineral Water,1
2025-02-27T20:19:00,Mineral Water,1
2025-02-27T20:19:00,Crema Catalana,1
2025-02-27T20:21:00,Patatas Bravas,1
2025-02-27T20:21:00,Tortilla Española,1
2025-02-27T20:21:00,Patatas Bravas,1
2025-02-27T20:21:00,Tortilla Española,1
2025-02-27T20:21:00,Seafood Paella (for 2),1
2025-02-27T20:21:00,Mineral Water,1
2025-02-27T20:21:00,House Red Wine,1
2025-02-27T20:21:00,House Red Wine,1
2025-02-27T20:22:00,Patatas Bravas,1
2025-02-27T20:22:00,Patatas Bravas,1
2025-02-27T20:22:00,Tortilla Española,1
2025-02-27T20:22:00,Seafood Paella (for 2),1
2025-02-27T20:22:00,Mineral Water,1
2025-02-27T20:22:00,Mineral Water,1
2025-02-27T20:22:00,Crema Catalana,1
2025-02-27T20:22:00,Crema Catalana,1
2025-02-27T20:24:00,Patatas Bravas,1
2025-02-27T20:24:00,Tortilla Española,1
2025-02-27T20:24:00,Tortilla Española,1
2025-02-27T20:24:00,Mineral Water,1
2025-02-27T20:24:00,Mineral Water,1
2025-02-27T20:26:00,Tortilla Española,1
2025-02-27T20:26:00,House Red Wine,1
2025-02-27T20:26:00,Crema Catalana,1
2025-02-27T20:27:00,Patatas Bravas,1
2025-02-27T20:27:00,Patatas Bravas,1
2025-02-27T20:27:00,Tortilla Española,1
2025-02-27T20:27:00,Mineral Water,1
2025-02-27T20:27:00,Mineral Water,1
2025-02-27T20:27:00,Patatas Bravas,1
2025-02-27T20:27:00,Patatas Bravas,1
2025-02-27T20:27:00,Tortilla Española,1
2025-02-27T20:27:00,Patatas Bravas,1
2025-02-27T20:27:00,Seafood Paella (for 2),1
2025-02-27T20:27:00,House Red Wine,1
2025-02-27T20:27:00,Mineral Water,1
2025-02-27T20:27:00,House Red Wine,1
2025-02-27T20:27:00,Crema Catalana,1
2025-02-27T20:27:00,Crema Catalana,1
2025-02-27T20:40:00,Patatas Bravas,1
2025-02-27T20:40:00,Patatas Bravas,1
2025-02-27T20:40:00,Patatas Bravas,1
2025-02-27T20:40:00,Tortilla Española,1
2025-02-27T20:40:00,House Red Wine,1
2025-02-27T20:40:00,Mineral Water,1
2025-02-27T20:40:00,House Red Wine,1
2025-02-27T20:40:00,Crema Catalana,1
2025-02-27T20:41:00,Patatas Bravas,1
2025-02-27T20:41:00,Tortilla Española,1
2025-02-27T20:41:00,Patatas Bravas,1
2025-02-27T20:41:00,Tortilla Española,1
2025-02-27T20:41:00,House Red Wine,1
2025-02-27T20:41:00,Mineral Water,1
2025-02-27T20:41:00,House Red Wine,1
2025-02-27T20:41:00,Crema Catalana,1
2025-02-27T20:41:00,Crema Catalana,1
2025-02-27T20:41:00,Crema Catalana,1
2025-02-27T20:42:00,Patatas Bravas,1
2025-02-27T20:42:00,Tortilla Española,1
2025-02-27T20:42:00,Patatas Bravas,1
2025-02-27T20:42:00,Tortilla Española,1
2025-02-27T20:42:00,Seafood Paella (for 2),1
2025-02-27T20:42:00,House Red Wine,1
2025-02-27T20:42:00,House Red Wine,1
2025-02-27T20:42:00,Mineral Water,1
2025-02-27T20:42:00,Crema Catalana,1
2025-02-27T20:43:00,Patatas Bravas,1
2025-02-27T20:43:00,Tortilla Española,1
2025-02-27T20:43:00,Patatas Bravas,1
2025-02-27T20:43:00,House Red Wine,1
2025-02-27T20:43:00,House Red Wine,1
2025-02-27T20:44:00,Tortilla Española,1
2025-02-27T20:44:00,Patatas Bravas,1
2025-02-27T20:44:00,Tortilla Española,1
2025-02-27T20:44:00,Mineral Water,1
2025-02-27T20:44:00,Mineral Water,1
2025-02-27T20:51:00,Patatas Bravas,1
2025-02-27T20:51:00,Patatas Bravas,1
2025-02-27T20:51:00,Patatas Bravas,1
2025-02-27T20:51:00,Patatas Bravas,1
2025-02-27T20:51:00,Patatas Bravas,1
2025-02-27T20:51:00,Tortilla Española,1
2025-02-27T20:51:00,House Red Wine,1
2025-02-27T20:51:00,Mineral Water,1
2025-02-27T20:51:00,Mineral Water,1
2025-02-27T20:51:00,Mineral Water,1
2025-02-27T20:51:00,Crema Catalana,1
2025-02-27T20:51:00,Crema Catalana,1
2025-02-27T20:57:00,Patatas Bravas,1
2025-02-27T20:57:00,Tortilla Española,1
2025-02-27T20:57:00,Tortilla Española,1
2025-02-27T20:57:00,House Red Wine,1
2025-02-27T20:57:00,House Red Wine,1
2025-02-27T21:02:00,Tortilla Española,1
2025-02-27T21:02:00,Tortilla Española,1
2025-02-27T21:02:00,Tortilla Española,1
2025-02-27T21:02:00,Seafood Paella (for 2),1
2025-02-27T21:02:00,House Red Wine,1
2025-02-27T21:02:00,Mineral Water,1
2025-02-27T21:02:00,Crema Catalana,1
2025-02-27T21:02:00,Crema Catalana,1
2025-02-27T21:04:00,Patatas Bravas,1
2025-02-27T21:04:00,Mineral Water,1
2025-02-27T21:04:00,Crema Catalana,1
2025-02-27T21:06:00,Patatas Bravas,1
2025-02-27T21:06:00,Tortilla Española,1
2025-02-27T21:06:00,Tortilla Española,1
2025-02-27T21:06:00,Mineral Water,1
2025-02-27T21:06:00,House Red Wine,1
2025-02-27T21:06:00,Crema Catalana,1
2025-02-27T21:06:00,Crema Catalana,1
2025-02-27T21:10:00,Patatas Bravas,1
2025-02-27T21:10:00,Tortilla Española,1
2025-02-27T21:10:00,Tortilla Española,1
2025-02-27T21:10:00,Tortilla Española,1
2025-02-27T21:10:00,Mineral Water,1
2025-02-27T21:10:00,House Red Wine,1
2025-02-27T21:10:00,Mineral Water,1
2025-02-27T21:56:00,Patatas Bravas,1
2025-02-27T21:56:00,Mineral Water,1
2025-02-28T13:10:00,Patatas Bravas,1
2025-02-28T13:10:00,Patatas Bravas,1
2025-02-28T13:10:00,Tortilla Española,1
2025-02-28T13:10:00,Tortilla Española,1
2025-02-28T13:10:00,Seafood Paella (for 2),1
2025-02-28T13:10:00,House Red Wine,1
2025-02-28T13:10:00,Mineral Water,1
2025-02-28T13:10:00,House Red Wine,1
2025-02-28T13:10:00,Crema Catalana,1
2025-02-28T13:10:00,Crema Catalana,1
2025-02-28T13:22:00,Patatas Bravas,1
2025-02-28T13:22:00,Tortilla Española,1
2025-02-28T13:22:00,Patatas Bravas,1
2025-02-28T13:22:00,Patatas Bravas,1
2025-02-28T13:22:00,Seafood Paella (for 2),1
2025-02-28T13:22:00,Mineral Water,1
2025-02-28T13:22:00,Mineral Water,1
2025-02-28T13:22:00,House Red Wine,1
2025-02-28T13:36:00,Patatas Bravas,1
2025-02-28T13:36:00,Tortilla Española,1
2025-02-28T13:36:00,Tortilla Española,1
2025-02-28T13:36:00,Tortilla Española,1
2025-02-28T13:36:00,Tortilla Española,1
2025-02-28T13:36:00,Tortilla Española,1
2025-02-28T13:36:00,Seafood Paella (for 2),1
2025-02-28T13:36:00,Mineral Water,1
2025-02-28T13:36:00,House Red Wine,1
2025-02-28T13:36:00,Mineral Water,1
2025-02-28T13:36:00,House Red Wine,1
2025-02-28T13:36:00,Crema Catalana,1
2025-02-28T13:36:00,Crema Catalana,1
2025-02-28T13:36:00,Crema Catalana,1
2025-02-28T13:36:00,Patatas Bravas,1
2025-02-28T13:36:00,Patatas Bravas,1
2025-02-28T13:36:00,Tortilla Española,1
2025-02-28T13:36:00,Seafood Paella (for 2),1
2025-02-28T13:36:00,House Red Wine,1
2025-02-28T13:36:00,House Red Wine,1
2025-02-28T13:36:00,Crema Catalana,1
2025-02-28T13:38:00,Tortilla Española,1
2025-02-28T13:38:00,Tortilla Española,1
2025-02-28T13:38:00,Tortilla Española,1
2025-02-28T13:38:00,Seafood Paella (for 2),1
2025-02-28T13:38:00,House Red Wine,1
2025-02-28T13:38:00,House Red Wine,1
2025-02-28T13:45:00,Patatas Bravas,1
2025-02-28T13:45:00,Patatas Bravas,1
2025-02-28T13:45:00,Patatas Bravas,1
2025-02-28T13:45:00,House Red Wine,1
2025-02-28T13:45:00,Mineral Water,1
2025-02-28T13:46:00,Tortilla Española,1
2025-02-28T13:46:00,Patatas Bravas,1
2025-02-28T13:46:00,Patatas Bravas,1
2025-02-28T13:46:00,Tortilla Española,1
2025-02-28T13:46:00,Seafood Paella (for 2),1
2025-02-28T13:46:00,Mineral Water,1
2025-02-28T13:46:00,Mineral Water,1
2025-02-28T13:46:00,House Red Wine,1
2025-02-28T14:00:00,Patatas Bravas,1
2025-02-28T14:00:00,Patatas Bravas,1
2025-02-28T14:00:00,Tortilla Española,1
2025-02-28T14:00:00,Mineral Water,1
2025-02-28T14:00:00,House Red Wine,1
2025-02-28T14:02:00,Tortilla Española,1
2025-02-28T14:02:00,Patatas Bravas,1
2025-02-28T14:02:00,Tortilla Española,1
2025-02-28T14:02:00,Patatas Bravas,1
2025-02-28T14:02:00,Patatas Bravas,1
2025-02-28T14:02:00,Tortilla Española,1
2025-02-28T14:02:00,Seafood Paella (for 2),1
2025-02-28T14:02:00,Mineral Water,1
2025-02-28T14:02:00,House Red Wine,1
2025-02-28T14:02:00,Mineral Water,1
2025-02-28T14:02:00,House Red Wine,1
2025-02-28T14:02:00,Tortilla Española,1
2025-02-28T14:02:00,Tortilla Española,1
2025-02-28T14:02:00,Patatas Bravas,1
2025-02-28T14:02:00,Mineral Water,1
2025-02-28T14:02:00,House Red Wine,1
2025-02-28T14:03:00,Patatas Bravas,1
2025-02-28T14:03:00,Tortilla Española,1
2025-02-28T14:03:00,Tortilla Española,1
2025-02-28T14:03:00,Mineral Water,1
2025-02-28T14:03:00,Mineral Water,1
2025-02-28T14:03:00,Crema Catalana,1
2025-02-28T14:03:00,Crema Catalana,1
2025-02-28T14:03:00,Patatas Bravas,1
2025-02-28T14:03:00,House Red Wine,1
2025-02-28T14:04:00,Patatas Bravas,1
2025-02-28T14:04:00,Tortilla Española,1
2025-02-28T14:04:00,Patatas Bravas,1
2025-02-28T14:04:00,Tortilla Española,1
2025-02-28T14:04:00,Seafood Paella (for 2),1
2025-02-28T14:04:00,House Red Wine,1
2025-02-28T14:04:00,Mineral Water,1
2025-02-28T14:04:00,House Red Wine,1
2025-02-28T14:05:00,Tortilla Española,1
2025-02-28T14:05:00,Tortilla Española,1
2025-02-28T14:05:00,Tortilla Española,1
2025-02-28T14:05:00,Patatas Bravas,1
2025-02-28T14:05:00,Patatas Bravas,1
2025-02-28T14:05:00,Tortilla Española,1
2025-02-28T14:05:00,Seafood Paella (for 2),1
2025-02-28T14:05:00,House Red Wine,1
2025-02-28T14:05:00,House Red Wine,1
2025-02-28T14:05:00,House Red Wine,1
2025-02-28T14:05:00,House Red Wine,1
2025-02-28T14:05:00,Crema Catalana,1
2025-02-28T14:09:00,Tortilla Española,1
2025-02-28T14:09:00,Patatas Bravas,1
2025-02-28T14:09:00,Tortilla Española,1
2025-02-28T14:09:00,Patatas Bravas,1
2025-02-28T14:09:00,House Red Wine,1
2025-02-28T14:09:00,Mineral Water,1
2025-02-28T14:09:00,Mineral Water,1
2025-02-28T14:12:00,Patatas Bravas,1
2025-02-28T14:12:00,Tortilla Española,1
2025-02-28T14:12:00,Tortilla Española,1
2025-02-28T14:12:00,Patatas Bravas,1
2025-02-28T14:12:00,Mineral Water,1
2025-02-28T14:12:00,Mineral Water,1
2025-02-28T14:12:00,Mineral Water,1
2025-02-28T14:12:00,Crema Catalana,1
2025-02-28T14:13:00,Tortilla Española,1
2025-02-28T14:13:00,Tortilla Española,1
2025-02-28T14:13:00,Patatas Bravas,1
2025-02-28T14:13:00,House Red Wine,1
2025-02-28T14:13:00,House Red Wine,1
2025-02-28T14:15:00,Patatas Bravas,1
2025-02-28T14:15:00,Patatas Bravas,1
2025-02-28T14:15:00,Tortilla Española,1
2025-02-28T14:15:00,House Red Wine,1
2025-02-28T14:15:00,Mineral Water,1
2025-02-28T14:15:00,Crema Catalana,1
2025-02-28T14:15:00,Crema Catalana,1
2025-02-28T14:17:00,Tortilla Española,1
2025-02-28T14:17:00,Tortilla Española,1
2025-02-28T14:17:00,Patatas Bravas,1
2025-02-28T14:17:00,Mineral Water,1
2025-02-28T14:17:00,Mineral Water,1
2025-02-28T14:20:00,Patatas Bravas,1
2025-02-28T14:20:00,Patatas Bravas,1
2025-02-28T14:20:00,Patatas Bravas,1
2025-02-28T14:20:00,House Red Wine,1
2025-02-28T14:20:00,House Red Wine,1
2025-02-28T14:20:00,Crema Catalana,1
2025-02-28T14:21:00,Patatas Bravas,1
2025-02-28T14:21:00,House Red Wine,1
2025-02-28T14:21:00,Crema Catalana,1
2025-02-28T14:22:00,Patatas Bravas,1
2025-02-28T14:22:00,Patatas Bravas,1
2025-02-28T14:22:00,Patatas Bravas,1
2025-02-28T14:22:00,Patatas Bravas,1
2025-02-28T14:22:00,Patatas Bravas,1
2025-02-28T14:22:00,Patatas Bravas,1
2025-02-28T14:22:00,Seafood Paella (for 2),1
2025-02-28T14:22:00,Mineral Water,1
2025-02-28T14:22:00,Mineral Water,1
2025-02-28T14:22:00,Mineral Water,1
2025-02-28T14:22:00,Mineral Water,1
2025-02-28T14:22:00,Crema Catalana,1
2025-02-28T14:22:00,Crema Catalana,1
2025-02-28T14:22:00,Crema Catalana,1
2025-02-28T14:37:00,Tortilla Española,1
2025-02-28T14:37:00,Patatas Bravas,1
2025-02-28T14:37:00,Tortilla Española,1
2025-02-28T14:37:00,Seafood Paella (for 2),1
2025-02-28T14:37:00,Mineral Water,1
2025-02-28T14:37:00,House Red Wine,1
2025-02-28T14:38:00,Patatas Bravas,1
2025-02-28T14:38:00,Patatas Bravas,1
2025-02-28T14:38:00,Tortilla Española,1
2025-02-28T14:38:00,House Red Wine,1
2025-02-28T14:38:00,House Red Wine,1
2025-02-28T14:38:00,Patatas Bravas,1
2025-02-28T14:38:00,Tortilla Española,1
2025-02-28T14:38:00,Patatas Bravas,1
2025-02-28T14:38:00,Tortilla Española,1
2025-02-28T14:38:00,Tortilla Española,1
2025-02-28T14:38:00,Patatas Bravas,1
2025-02-28T14:38:00,House Red Wine,1
2025-02-28T14:38:00,House Red Wine,1
2025-02-28T14:38:00,House Red Wine,1
2025-02-28T14:38:00,House Red Wine,1
2025-02-28T14:39:00,Patatas Bravas,1
2025-02-28T14:39:00,Tortilla Española,1
2025-02-28T14:39:00,Tortilla Española,1
2025-02-28T14:39:00,Patatas Bravas,1
2025-02-28T14:39:00,Seafood Paella (for 2),1
2025-02-28T14:39:00,Mineral Water,1
2025-02-28T14:39:00,House Red Wine,1
2025-02-28T14:39:00,Mineral Water,1
2025-02-28T14:39:00,Crema Catalana,1
2025-02-28T14:39:00,Crema Catalana,1
2025-02-28T14:41:00,Tortilla Española,1
2025-02-28T14:41:00,Tortilla Española,1
2025-02-28T14:41:00,Patatas Bravas,1
2025-02-28T14:41:00,Mineral Water,1
2025-02-28T14:41:00,House Red Wine,1
2025-02-28T14:46:00,Tortilla Española,1
2025-02-28T14:46:00,Patatas Bravas,1
2025-02-28T14:46:00,Patatas Bravas,1
2025-02-28T14:46:00,Mineral Water,1
2025-02-28T14:46:00,Mineral Water,1
2025-02-28T14:56:00,Patatas Bravas,1
2025-02-28T14:56:00,Patatas Bravas,1
2025-02-28T14:56:00,Tortilla Española,1
2025-02-28T14:56:00,Seafood Paella (for 2),1
2025-02-28T14:56:00,House Red Wine,1
2025-02-28T14:56:00,House Red Wine,1
2025-02-28T14:56:00,Crema Catalana,1
2025-02-28T14:56:00,Crema Catalana,1
2025-02-28T15:06:00,Patatas Bravas,1
2025-02-28T15:06:00,House Red Wine,1
2025-02-28T16:01:00,Tortilla Española,1
2025-02-28T16:01:00,Mineral Water,1
2025-03-01T13:07:00,Tortilla Española,1
2025-03-01T13:07:00,Tortilla Española,1
2025-03-01T13:07:00,Tortilla Española,1
2025-03-01T13:07:00,Seafood Paella (for 2),1
2025-03-01T13:07:00,Mineral Water,1
2025-03-01T13:07:00,House Red Wine,1
2025-03-01T13:32:00,Patatas Bravas,1
2025-03-01T13:32:00,Patatas Bravas,1
2025-03-01T13:32:00,Patatas Bravas,1
2025-03-01T13:32:00,Seafood Paella (for 2),1
2025-03-01T13:32:00,Mineral Water,1
2025-03-01T13:32:00,Mineral Water,1
2025-03-01T13:32:00,Crema Catalana,1
2025-03-01T13:32:00,Crema Catalana,1
2025-03-01T13:35:00,Patatas Bravas,1
2025-03-01T13:35:00,Patatas Bravas,1
2025-03-01T13:35:00,Tortilla Española,1
2025-03-01T13:35:00,Mineral Water,1
2025-03-01T13:35:00,Mineral Water,1
2025-03-01T13:52:00,Patatas Bravas,1
2025-03-01T13:52:00,Patatas Bravas,1
2025-03-01T13:52:00,Patatas Bravas,1
2025-03-01T13:52:00,Patatas Bravas,1
2025-03-01T13:52:00,House Red Wine,1
2025-03-01T13:52:00,Mineral Water,1
2025-03-01T13:52:00,Mineral Water,1
2025-03-01T14:00:00,Patatas Bravas,1
2025-03-01T14:00:00,Seafood Paella (for 2),1
2025-03-01T14:00:00,Mineral Water,1
2025-03-01T14:00:00,Crema Catalana,1
2025-03-01T14:04:00,Tortilla Española,1
2025-03-01T14:04:00,Patatas Bravas,1
2025-03-01T14:04:00,Tortilla Española,1
2025-03-01T14:04:00,Tortilla Española,1
2025-03-01T14:04:00,Seafood Paella (for 2),1
2025-03-01T14:04:00,House Red Wine,1
2025-03-01T14:04:00,House Red Wine,1
2025-03-01T14:04:00,House Red Wine,1
2025-03-01T14:04:00,Patatas Bravas,1
2025-03-01T14:04:00,Patatas Bravas,1
2025-03-01T14:04:00,Tortilla Española,1
2025-03-01T14:04:00,Mineral Water,1
2025-03-01T14:04:00,House Red Wine,1
2025-03-01T14:04:00,Crema Catalana,1
2025-03-01T14:04:00,Crema Catalana,1
2025-03-01T14:05:00,Tortilla Española,1
2025-03-01T14:05:00,Tortilla Española,1
2025-03-01T14:05:00,Tortilla Española,1
2025-03-01T14:05:00,Tortilla Española,1
2025-03-01T14:05:00,House Red Wine,1
2025-03-01T14:05:00,House Red Wine,1
2025-03-01T14:05:00,House Red Wine,1
2025-03-01T14:05:00,Crema Catalana,1
2025-03-01T14:05:00,Crema Catalana,1
2025-03-01T14:05:00,Crema Catalana,1
2025-03-01T14:05:00,Patatas Bravas,1
2025-03-01T14:05:00,Patatas Bravas,1
2025-03-01T14:05:00,Tortilla Española,1
2025-03-01T14:05:00,Seafood Paella (for 2),1
2025-03-01T14:05:00,House Red Wine,1
2025-03-01T14:05:00,Mineral Water,1
2025-03-01T14:05:00,Crema Catalana,1
2025-03-01T14:05:00,Crema Catalana,1
2025-03-01T14:05:00,Tortilla Española,1
2025-03-01T14:05:00,Tortilla Española,1
2025-03-01T14:05:00,Tortilla Española,1
2025-03-01T14:05:00,Tortilla Española,1
2025-03-01T14:05:00,House Red Wine,1
2025-03-01T14:05:00,Mineral Water,1
2025-03-01T14:05:00,House Red Wine,1
2025-03-01T14:12:00,Patatas Bravas,1
2025-03-01T14:12:00,Tortilla Española,1
2025-03-01T14:12:00,Patatas Bravas,1
2025-03-01T14:12:00,Seafood Paella (for 2),1
2025-03-01T14:12:00,House Red Wine,1
2025-03-01T14:12:00,Mineral Water,1
2025-03-01T14:15:00,Patatas Bravas,1
2025-03-01T14:15:00,Patatas Bravas,1
2025-03-01T14:15:00,Tortilla Española,1
2025-03-01T14:15:00,Seafood Paella (for 2),1
2025-03-01T14:15:00,Mineral Water,1
2025-03-01T14:15:00,Mineral Water,1
2025-03-01T14:15:00,Crema Catalana,1
2025-03-01T14:15:00,Tortilla Española,1
2025-03-01T14:15:00,Patatas Bravas,1
2025-03-01T14:15:00,Tortilla Española,1
2025-03-01T14:15:00,Seafood Paella (for 2),1
2025-03-01T14:15:00,Mineral Water,1
2025-03-01T14:15:00,Mineral Water,1
2025-03-01T14:15:00,Crema Catalana,1
2025-03-01T14:15:00,Crema Catalana,1
2025-03-01T14:17:00,Patatas Bravas,1
2025-03-01T14:17:00,Tortilla Española,1
2025-03-01T14:17:00,Tortilla Española,1
2025-03-01T14:17:00,Tortilla Española,1
2025-03-01T14:17:00,Tortilla Española,1
2025-03-01T14:17:00,Tortilla Española,1
2025-03-01T14:17:00,House Red Wine,1
2025-03-01T14:17:00,Mineral Water,1
2025-03-01T14:17:00,Mineral Water,1
2025-03-01T14:17:00,Mineral Water,1
2025-03-01T14:17:00,Crema Catalana,1
2025-03-01T14:17:00,Crema Catalana,1
2025-03-01T14:17:00,Crema Catalana,1
2025-03-01T14:20:00,Patatas Bravas,1
2025-03-01T14:20:00,Patatas Bravas,1
2025-03-01T14:20:00,Tortilla Española,1
2025-03-01T14:20:00,House Red Wine,1
2025-03-01T14:20:00,House Red Wine,1
2025-03-01T14:20:00,Crema Catalana,1
2025-03-01T14:20:00,Crema Catalana,1
2025-03-01T14:23:00,Tortilla Española,1
2025-03-01T14:23:00,Tortilla Española,1
2025-03-01T14:23:00,Tortilla Española,1
2025-03-01T14:23:00,Seafood Paella (for 2),1
2025-03-01T14:23:00,House Red Wine,1
2025-03-01T14:23:00,House Red Wine,1
2025-03-01T14:23:00,Crema Catalana,1
2025-03-01T14:23:00,Crema Catalana,1
2025-03-01T14:24:00,Patatas Bravas,1
2025-03-01T14:24:00,Patatas Bravas,1
2025-03-01T14:24:00,Tortilla Española,1
2025-03-01T14:24:00,House Red Wine,1
2025-03-01T14:24:00,Mineral Water,1
2025-03-01T14:24:00,Patatas Bravas,1
2025-03-01T14:24:00,Patatas Bravas,1
2025-03-01T14:24:00,Tortilla Española,1
2025-03-01T14:24:00,Mineral Water,1
2025-03-01T14:24:00,Mineral Water,1
2025-03-01T14:24:00,Crema Catalana,1
2025-03-01T14:30:00,Patatas Bravas,1
2025-03-01T14:30:00,Tortilla Española,1
2025-03-01T14:30:00,Patatas Bravas,1
2025-03-01T14:30:00,Mineral Water,1
2025-03-01T14:30:00,House Red Wine,1
2025-03-01T14:30:00,Crema Catalana,1
2025-03-01T14:30:00,Crema Catalana,1
2025-03-01T14:31:00,Patatas Bravas,1
2025-03-01T14:31:00,Tortilla Española,1
2025-03-01T14:31:00,Patatas Bravas,1
2025-03-01T14:31:00,Patatas Bravas,1
2025-03-01T14:31:00,Patatas Bravas,1
2025-03-01T14:31:00,Patatas Bravas,1
2025-03-01T14:31:00,Mineral Water,1
2025-03-01T14:31:00,Mineral Water,1
2025-03-01T14:31:00,House Red Wine,1
2025-03-01T14:31:00,House Red Wine,1
2025-03-01T14:32:00,Patatas Bravas,1
2025-03-01T14:32:00,Tortilla Española,1
2025-03-01T14:32:00,Patatas Bravas,1
2025-03-01T14:32:00,Seafood Paella (for 2),1
2025-03-01T14:32:00,House Red Wine,1
2025-03-01T14:32:00,Mineral Water,1
2025-03-01T14:32:00,Crema Catalana,1
2025-03-01T14:37:00,Tortilla Española,1
2025-03-01T14:37:00,Tortilla Española,1
2025-03-01T14:37:00,Patatas Bravas,1
2025-03-01T14:37:00,House Red Wine,1
2025-03-01T14:37:00,House Red Wine,1
2025-03-01T14:37:00,Crema Catalana,1
2025-03-01T14:37:00,Crema Catalana,1
2025-03-01T14:37:00,Patatas Bravas,1
2025-03-01T14:37:00,Patatas Bravas,1
2025-03-01T14:37:00,Tortilla Española,1
2025-03-01T14:37:00,Mineral Water,1
2025-03-01T14:37:00,Mineral Water,1
2025-03-01T14:37:00,Crema Catalana,1
2025-03-01T14:42:00,Patatas Bravas,1
2025-03-01T14:42:00,Patatas Bravas,1
2025-03-01T14:42:00,Patatas Bravas,1
2025-03-01T14:42:00,Patatas Bravas,1
2025-03-01T14:42:00,Seafood Paella (for 2),1
2025-03-01T14:42:00,Mineral Water,1
2025-03-01T14:42:00,Mineral Water,1
2025-03-01T14:42:00,Mineral Water,1
2025-03-01T14:42:00,Crema Catalana,1
2025-03-01T14:42:00,Crema Catalana,1
2025-03-01T14:43:00,Tortilla Española,1
2025-03-01T14:43:00,Tortilla Española,1
2025-03-01T14:43:00,Patatas Bravas,1
2025-03-01T14:43:00,Seafood Paella (for 2),1
2025-03-01T14:43:00,House Red Wine,1
2025-03-01T14:43:00,House Red Wine,1
2025-03-01T14:43:00,Crema Catalana,1
2025-03-01T14:44:00,Tortilla Española,1
2025-03-01T14:44:00,Patatas Bravas,1
2025-03-01T14:44:00,Patatas Bravas,1
2025-03-01T14:44:00,Mineral Water,1
2025-03-01T14:44:00,House Red Wine,1
2025-03-01T14:44:00,Patatas Bravas,1
2025-03-01T14:44:00,Tortilla Española,1
2025-03-01T14:44:00,Tortilla Española,1
2025-03-01T14:44:00,House Red Wine,1
2025-03-01T14:44:00,Mineral Water,1
2025-03-01T14:47:00,Tortilla Española,1
2025-03-01T14:47:00,Tortilla Española,1
2025-03-01T14:47:00,Tortilla Española,1
2025-03-01T14:47:00,Mineral Water,1
2025-03-01T14:47:00,Mineral Water,1
2025-03-01T14:47:00,Crema Catalana,1
2025-03-01T14:48:00,Tortilla Española,1
2025-03-01T14:48:00,Patatas Bravas,1
2025-03-01T14:48:00,Patatas Bravas,1
2025-03-01T14:48:00,House Red Wine,1
2025-03-01T14:48:00,Mineral Water,1
2025-03-01T14:48:00,Patatas Bravas,1
2025-03-01T14:48:00,Tortilla Española,1
2025-03-01T14:48:00,Patatas Bravas,1
2025-03-01T14:48:00,Tortilla Española,1
2025-03-01T14:48:00,Seafood Paella (for 2),1
2025-03-01T14:48:00,House Red Wine,1
2025-03-01T14:48:00,House Red Wine,1
2025-03-01T14:48:00,Mineral Water,1
2025-03-01T14:48:00,Crema Catalana,1
2025-03-01T15:58:00,Patatas Bravas,1
2025-03-01T15:58:00,Mineral Water,1
2025-03-02T13:01:00,Patatas Bravas,1
2025-03-02T13:01:00,Tortilla Española,1
2025-03-02T13:01:00,Patatas Bravas,1
2025-03-02T13:01:00,Mineral Water,1
2025-03-02T13:01:00,House Red Wine,1
2025-03-02T13:02:00,Patatas Bravas,1
2025-03-02T13:02:00,Patatas Bravas,1
2025-03-02T13:02:00,Tortilla Española,1
2025-03-02T13:02:00,House Red Wine,1
2025-03-02T13:02:00,Mineral Water,1
2025-03-02T13:04:00,Tortilla Española,1
2025-03-02T13:04:00,Tortilla Española,1
2025-03-02T13:04:00,Tortilla Española,1
2025-03-02T13:04:00,Patatas Bravas,1
2025-03-02T13:04:00,Patatas Bravas,1
2025-03-02T13:04:00,Tortilla Española,1
2025-03-02T13:04:00,Seafood Paella (for 2),1
2025-03-02T13:04:00,House Red Wine,1
2025-03-02T13:04:00,House Red Wine,1
2025-03-02T13:04:00,Mineral Water,1
2025-03-02T13:04:00,House Red Wine,1
2025-03-02T13:04:00,Crema Catalana,1
2025-03-02T13:04:00,Crema Catalana,1
2025-03-02T13:04:00,Crema Catalana,1
2025-03-02T13:06:00,Tortilla Española,1
2025-03-02T13:06:00,Patatas Bravas,1
2025-03-02T13:06:00,Tortilla Española,1
2025-03-02T13:06:00,Seafood Paella (for 2),1
2025-03-02T13:06:00,Mineral Water,1
2025-03-02T13:06:00,Mineral Water,1
2025-03-02T13:06:00,Crema Catalana,1
2025-03-02T13:06:00,Crema Catalana,1
2025-03-02T13:07:00,Tortilla Española,1
2025-03-02T13:07:00,Patatas Bravas,1
2025-03-02T13:07:00,Patatas Bravas,1
2025-03-02T13:07:00,House Red Wine,1
2025-03-02T13:07:00,Mineral Water,1
2025-03-02T13:15:00,Patatas Bravas,1
2025-03-02T13:15:00,Tortilla Española,1
2025-03-02T13:15:00,Tortilla Española,1
2025-03-02T13:15:00,Mineral Water,1
2025-03-02T13:15:00,House Red Wine,1
2025-03-02T13:15:00,Crema Catalana,1
2025-03-02T13:15:00,Crema Catalana,1
2025-03-02T13:21:00,Tortilla Española,1
2025-03-02T13:21:00,Tortilla Española,1
2025-03-02T13:21:00,Patatas Bravas,1
2025-03-02T13:21:00,Patatas Bravas,1
2025-03-02T13:21:00,Tortilla Española,1
2025-03-02T13:21:00,Patatas Bravas,1
2025-03-02T13:21:00,Seafood Paella (for 2),1
2025-03-02T13:21:00,House Red Wine,1
2025-03-02T13:21:00,Mineral Water,1
2025-03-02T13:21:00,Mineral Water,1
2025-03-02T13:21:00,House Red Wine,1
2025-03-02T13:21:00,Crema Catalana,1
2025-03-02T13:21:00,Crema Catalana,1
2025-03-02T13:21:00,Crema Catalana,1
2025-03-02T13:25:00,Tortilla Española,1
2025-03-02T13:25:00,Tortilla Española,1
2025-03-02T13:25:00,Patatas Bravas,1
2025-03-02T13:25:00,Tortilla Española,1
2025-03-02T13:25:00,Tortilla Española,1
2025-03-02T13:25:00,Patatas Bravas,1
2025-03-02T13:25:00,Mineral Water,1
2025-03-02T13:25:00,Mineral Water,1
2025-03-02T13:25:00,House Red Wine,1
2025-03-02T13:25:00,Mineral Water,1
2025-03-02T13:25:00,Crema Catalana,1
2025-03-02T13:25:00,Crema Catalana,1
2025-03-02T13:26:00,Tortilla Española,1
2025-03-02T13:26:00,Patatas Bravas,1
2025-03-02T13:26:00,Patatas Bravas,1
2025-03-02T13:26:00,Patatas Bravas,1
2025-03-02T13:26:00,Patatas Bravas,1
2025-03-02T13:26:00,Tortilla Española,1
2025-03-02T13:26:00,Seafood Paella (for 2),1
2025-03-02T13:26:00,Mineral Water,1
2025-03-02T13:26:00,Mineral Water,1
2025-03-02T13:26:00,House Red Wine,1
2025-03-02T13:26:00,Mineral Water,1
2025-03-02T13:31:00,Tortilla Española,1
2025-03-02T13:31:00,Patatas Bravas,1
2025-03-02T13:31:00,Patatas Bravas,1
2025-03-02T13:31:00,House Red Wine,1
2025-03-02T13:31:00,Mineral Water,1
2025-03-02T13:31:00,Crema Catalana,1
2025-03-02T13:31:00,Crema Catalana,1
2025-03-02T13:33:00,Patatas Bravas,1
2025-03-02T13:33:00,Patatas Bravas,1
2025-03-02T13:33:00,Tortilla Española,1
2025-03-02T13:33:00,House Red Wine,1
2025-03-02T13:33:00,House Red Wine,1
2025-03-02T13:42:00,Tortilla Española,1
2025-03-02T13:42:00,Patatas Bravas,1
2025-03-02T13:42:00,Tortilla Española,1
2025-03-02T13:42:00,Seafood Paella (for 2),1
2025-03-02T13:42:00,Mineral Water,1
2025-03-02T13:42:00,Mineral Water,1
2025-03-02T13:42:00,Crema Catalana,1
2025-03-02T13:45:00,Patatas Bravas,1
2025-03-02T13:45:00,Tortilla Española,1
2025-03-02T13:45:00,Patatas Bravas,1
2025-03-02T13:45:00,House Red Wine,1
2025-03-02T13:45:00,Mineral Water,1
2025-03-02T13:52:00,Patatas Bravas,1
2025-03-02T13:52:00,Patatas Bravas,1
2025-03-02T13:52:00,Patatas Bravas,1
2025-03-02T13:52:00,House Red Wine,1
2025-03-02T13:52:00,Mineral Water,1
2025-03-02T13:52:00,Crema Catalana,1
2025-03-02T13:52:00,Crema Catalana,1
2025-03-02T13:55:00,Tortilla Española,1
2025-03-02T13:55:00,Tortilla Española,1
2025-03-02T13:55:00,Tortilla Española,1
2025-03-02T13:55:00,Tortilla Española,1
2025-03-02T13:55:00,Mineral Water,1
2025-03-02T13:55:00,Mineral Water,1
2025-03-02T13:55:00,House Red Wine,1
2025-03-02T14:02:00,Tortilla Española,1
2025-03-02T14:02:00,Patatas Bravas,1
2025-03-02T14:02:00,Patatas Bravas,1
2025-03-02T14:02:00,Mineral Water,1
2025-03-02T14:02:00,House Red Wine,1
2025-03-02T14:02:00,Crema Catalana,1
2025-03-02T14:03:00,Patatas Bravas,1
2025-03-02T14:03:00,Tortilla Española,1
2025-03-02T14:03:00,Patatas Bravas,1
2025-03-02T14:03:00,Mineral Water,1
2025-03-02T14:03:00,House Red Wine,1
2025-03-02T14:04:00,Patatas Bravas,1
2025-03-02T14:04:00,Tortilla Española,1
2025-03-02T14:04:00,Patatas Bravas,1
2025-03-02T14:04:00,Patatas Bravas,1
2025-03-02T14:04:00,Tortilla Española,1
2025-03-02T14:04:00,Patatas Bravas,1
2025-03-02T14:04:00,Seafood Paella (for 2),1
2025-03-02T14:04:00,Mineral Water,1
2025-03-02T14:04:00,Mineral Water,1
2025-03-02T14:04:00,Mineral Water,1
2025-03-02T14:04:00,Mineral Water,1
2025-03-02T14:04:00,Crema Catalana,1
2025-03-02T14:04:00,Crema Catalana,1
2025-03-02T14:04:00,Patatas Bravas,1
2025-03-02T14:04:00,Patatas Bravas,1
2025-03-02T14:04:00,Patatas Bravas,1
2025-03-02T14:04:00,Mineral Water,1
2025-03-02T14:04:00,House Red Wine,1
2025-03-02T14:05:00,Patatas Bravas,1
2025-03-02T14:05:00,Patatas Bravas,1
2025-03-02T14:05:00,Patatas Bravas,1
2025-03-02T14:05:00,House Red Wine,1
2025-03-02T14:05:00,Mineral Water,1
2025-03-02T14:05:00,Crema Catalana,1
2025-03-02T14:07:00,Tortilla Española,1
2025-03-02T14:07:00,Patatas Bravas,1
2025-03-02T14:07:00,Patatas Bravas,1
2025-03-02T14:07:00,Tortilla Española,1
2025-03-02T14:07:00,Tortilla Española,1
2025-03-02T14:07:00,Patatas Bravas,1
2025-03-02T14:07:00,Seafood Paella (for 2),1
2025-03-02T14:07:00,Mineral Water,1
2025-03-02T14:07:00,Mineral Water,1
2025-03-02T14:07:00,Mineral Water,1
2025-03-02T14:07:00,House Red Wine,1
2025-03-02T14:07:00,Crema Catalana,1
2025-03-02T14:07:00,Crema Catalana,1
2025-03-02T14:10:00,Patatas Bravas,1
2025-03-02T14:10:00,House Red Wine,1
2025-03-02T14:10:00,Crema Catalana,1
2025-03-02T14:10:00,Patatas Bravas,1
2025-03-02T14:10:00,Seafood Paella (for 2),1
2025-03-02T14:10:00,Mineral Water,1
2025-03-02T14:12:00,Patatas Bravas,1
2025-03-02T14:12:00,Mineral Water,1
2025-03-02T14:12:00,Crema Catalana,1
2025-03-02T14:12:00,Patatas Bravas,1
2025-03-02T14:12:00,Tortilla Española,1
2025-03-02T14:12:00,Patatas Bravas,1
2025-03-02T14:12:00,Mineral Water,1
2025-03-02T14:12:00,House Red Wine,1
2025-03-02T14:13:00,Tortilla Española,1
2025-03-02T14:13:00,Tortilla Española,1
2025-03-02T14:13:00,Patatas Bravas,1
2025-03-02T14:13:00,Patatas Bravas,1
2025-03-02T14:13:00,Tortilla Española,1
2025-03-02T14:13:00,Tortilla Española,1
2025-03-02T14:13:00,Seafood Paella (for 2),1
2025-03-02T14:13:00,Mineral Water,1
2025-03-02T14:13:00,Mineral Water,1
2025-03-02T14:13:00,Mineral Water,1
2025-03-02T14:13:00,House Red Wine,1
2025-03-02T14:13:00,Crema Catalana,1
2025-03-02T14:13:00,Patatas Bravas,1
2025-03-02T14:13:00,Tortilla Española,1
2025-03-02T14:13:00,Tortilla Española,1
2025-03-02T14:13:00,Tortilla Española,1
2025-03-02T14:13:00,House Red Wine,1
2025-03-02T14:13:00,Mineral Water,1
2025-03-02T14:13:00,Mineral Water,1
2025-03-02T14:13:00,Crema Catalana,1
2025-03-02T14:13:00,Tortilla Española,1
2025-03-02T14:13:00,Mineral Water,1
2025-03-02T14:13:00,Crema Catalana,1
2025-03-02T14:14:00,Tortilla Española,1
2025-03-02T14:14:00,Tortilla Española,1
2025-03-02T14:14:00,Patatas Bravas,1
2025-03-02T14:14:00,Tortilla Española,1
2025-03-02T14:14:00,Patatas Bravas,1
2025-03-02T14:14:00,Tortilla Española,1
2025-03-02T14:14:00,Seafood Paella (for 2),1
2025-03-02T14:14:00,Mineral Water,1
2025-03-02T14:14:00,Mineral Water,1
2025-03-02T14:14:00,Mineral Water,1
2025-03-02T14:14:00,House Red Wine,1
2025-03-02T14:14:00,Crema Catalana,1
2025-03-03T13:09:00,Menu del Día,2
2025-03-03T13:09:00,Seafood Paella (for 2),1
2025-03-03T13:12:00,Menu del Día,1
2025-03-03T13:12:00,Seafood Paella (for 2),1
2025-03-03T13:12:00,Seafood Paella (for 2),1
2025-03-03T13:12:00,Menu del Día,1
2025-03-03T13:12:00,Seafood Paella (for 2),1
2025-03-03T13:36:00,Menu del Día,2
2025-03-03T13:36:00,Seafood Paella (for 2),1
2025-03-03T13:36:00,Seafood Paella (for 2),1
2025-03-03T13:39:00,Menu del Día,2
2025-03-03T13:50:00,Menu del Día,1
2025-03-03T13:59:00,Menu del Día,1
2025-03-03T14:00:00,Menu del Día,2
2025-03-03T14:10:00,Menu del Día,1
2025-03-03T14:10:00,Seafood Paella (for 2),1
2025-03-03T14:11:00,Seafood Paella (for 2),1
2025-03-03T14:11:00,Seafood Paella (for 2),1
2025-03-03T14:15:00,Menu del Día,1
2025-03-03T14:15:00,Seafood Paella (for 2),1
2025-03-03T14:44:00,Menu del Día,1
2025-03-03T14:46:00,Menu del Día,1
2025-03-03T14:46:00,Seafood Paella (for 2),1
2025-03-03T15:54:00,Menu del Día,2
2025-03-03T15:54:00,Seafood Paella (for 2),1
2025-03-03T15:56:00,Menu del Día,1
2025-03-03T15:56:00,Seafood Paella (for 2),1
2025-03-03T16:08:00,Menu del Día,1
2025-03-03T16:08:00,Seafood Paella (for 2),1
2025-03-03T16:08:00,Seafood Paella (for 2),1
2025-03-03T16:08:00,Seafood Paella (for 2),1
2025-03-03T16:13:00,Menu del Día,1
2025-03-03T20:12:00,Tortilla Española,1
2025-03-03T20:12:00,Tortilla Española,1
2025-03-03T20:12:00,Patatas Bravas,1
2025-03-03T20:12:00,Seafood Paella (for 2),1
2025-03-03T20:12:00,House Red Wine,1
2025-03-03T20:12:00,Mineral Water,1
2025-03-03T20:18:00,Patatas Bravas,1
2025-03-03T20:18:00,Tortilla Española,1
2025-03-03T20:18:00,Patatas Bravas,1
2025-03-03T20:18:00,House Red Wine,1
2025-03-03T20:18:00,Mineral Water,1
2025-03-03T20:18:00,Crema Catalana,1
2025-03-03T20:18:00,Crema Catalana,1
2025-03-03T20:21:00,Patatas Bravas,1
2025-03-03T20:21:00,Patatas Bravas,1
2025-03-03T20:21:00,Patatas Bravas,1
2025-03-03T20:21:00,Tortilla Española,1
2025-03-03T20:21:00,Tortilla Española,1
2025-03-03T20:21:00,Tortilla Española,1
2025-03-03T20:21:00,House Red Wine,1
2025-03-03T20:21:00,Mineral Water,1
2025-03-03T20:21:00,House Red Wine,1
2025-03-03T20:21:00,House Red Wine,1
2025-03-03T20:21:00,Crema Catalana,1
2025-03-03T20:21:00,Crema Catalana,1
2025-03-03T20:21:00,Crema Catalana,1
2025-03-03T20:31:00,Patatas Bravas,1
2025-03-03T20:31:00,Tortilla Española,1
2025-03-03T20:31:00,Patatas Bravas,1
2025-03-03T20:31:00,Mineral Water,1
2025-03-03T20:31:00,House Red Wine,1
2025-03-03T20:43:00,Patatas Bravas,1
2025-03-03T20:43:00,Mineral Water,1
2025-03-03T20:43:00,Crema Catalana,1
2025-03-03T21:03:00,Tortilla Española,1
2025-03-03T21:03:00,Patatas Bravas,1
2025-03-03T21:03:00,Tortilla Española,1
2025-03-03T21:03:00,House Red Wine,1
2025-03-03T21:03:00,Mineral Water,1
2025-03-03T21:03:00,Patatas Bravas,1
2025-03-03T21:03:00,Tortilla Española,1
2025-03-03T21:03:00,Tortilla Española,1
2025-03-03T21:03:00,Mineral Water,1
2025-03-03T21:03:00,House Red Wine,1
2025-03-03T21:03:00,Crema Catalana,1
2025-03-03T21:07:00,Patatas Bravas,1
2025-03-03T21:07:00,Patatas Bravas,1
2025-03-03T21:07:00,Tortilla Española,1
2025-03-03T21:07:00,Tortilla Española,1
2025-03-03T21:07:00,Patatas Bravas,1
2025-03-03T21:07:00,Patatas Bravas,1
2025-03-03T21:07:00,Seafood Paella (for 2),1
2025-03-03T21:07:00,House Red Wine,1
2025-03-03T21:07:00,Mineral Water,1
2025-03-03T21:07:00,House Red Wine,1
2025-03-03T21:07:00,House Red Wine,1
2025-03-03T21:07:00,Crema Catalana,1
2025-03-03T21:09:00,Tortilla Española,1
2025-03-03T21:09:00,Patatas Bravas,1
2025-03-03T21:09:00,Patatas Bravas,1
2025-03-03T21:09:00,Mineral Water,1
2025-03-03T21:09:00,House Red Wine,1
2025-03-03T21:11:00,Tortilla Española,1
2025-03-03T21:11:00,Patatas Bravas,1
2025-03-03T21:11:00,Tortilla Española,1
2025-03-03T21:11:00,Mineral Water,1
2025-03-03T21:11:00,Mineral Water,1
2025-03-03T21:11:00,Crema Catalana,1
2025-03-03T21:14:00,Patatas Bravas,1
2025-03-03T21:14:00,Patatas Bravas,1
2025-03-03T21:14:00,Tortilla Española,1
2025-03-03T21:14:00,Mineral Water,1
2025-03-03T21:14:00,House Red Wine,1
2025-03-03T21:14:00,Crema Catalana,1
2025-03-03T21:14:00,Crema Catalana,1
2025-03-03T21:19:00,Patatas Bravas,1
2025-03-03T21:19:00,Patatas Bravas,1
2025-03-03T21:19:00,Patatas Bravas,1
2025-03-03T21:19:00,House Red Wine,1
2025-03-03T21:19:00,House Red Wine,1
2025-03-03T21:19:00,Crema Catalana,1
2025-03-03T21:19:00,Tortilla Española,1
2025-03-03T21:19:00,Tortilla Española,1
2025-03-03T21:19:00,Patatas Bravas,1
2025-03-03T21:19:00,Mineral Water,1
2025-03-03T21:19:00,House Red Wine,1
2025-03-03T21:19:00,Crema Catalana,1
2025-03-03T21:25:00,Patatas Bravas,1
2025-03-03T21:25:00,Tortilla Española,1
2025-03-03T21:25:00,Tortilla Española,1
2025-03-03T21:25:00,Mineral Water,1
2025-03-03T21:25:00,House Red Wine,1
2025-03-03T21:27:00,Tortilla Española,1
2025-03-03T21:27:00,Patatas Bravas,1
2025-03-03T21:27:00,Tortilla Española,1
2025-03-03T21:27:00,Patatas Bravas,1
2025-03-03T21:27:00,Mineral Water,1
2025-03-03T21:27:00,Mineral Water,1
2025-03-03T21:27:00,House Red Wine,1
2025-03-03T21:29:00,Tortilla Española,1
2025-03-03T21:29:00,Patatas Bravas,1
2025-03-03T21:29:00,Patatas Bravas,1
2025-03-03T21:29:00,Patatas Bravas,1
2025-03-03T21:29:00,House Red Wine,1
2025-03-03T21:29:00,Mineral Water,1
2025-03-03T21:29:00,House Red Wine,1
2025-03-04T13:18:00,Menu del Día,1
2025-03-04T13:23:00,Menu del Día,1
2025-03-04T13:27:00,Menu del Día,1
2025-03-04T13:28:00,Menu del Día,2
2025-03-04T13:28:00,Seafood Paella (for 2),1
2025-03-04T13:28:00,Seafood Paella (for 2),1
2025-03-04T13:37:00,Menu del Día,2
2025-03-04T13:59:00,Menu del Día,2
2025-03-04T14:05:00,Menu del Día,2
2025-03-04T14:14:00,Menu del Día,1
2025-03-04T14:14:00,Seafood Paella (for 2),1
2025-03-04T14:23:00,Menu del Día,2
2025-03-04T14:27:00,Menu del Día,1
2025-03-04T14:52:00,Menu del Día,2
2025-03-04T14:54:00,Menu del Día,1
2025-03-04T14:54:00,Seafood Paella (for 2),1
2025-03-04T15:13:00,Menu del Día,2
2025-03-04T15:20:00,Menu del Día,2
2025-03-04T15:21:00,Menu del Día,3
2025-03-04T15:21:00,Seafood Paella (for 2),1
2025-03-04T15:25:00,Seafood Paella (for 2),1
2025-03-04T15:30:00,Menu del Día,1
2025-03-04T15:30:00,Seafood Paella (for 2),1
2025-03-04T15:34:00,Seafood Paella (for 2),1
2025-03-04T15:35:00,Menu del Día,1
2025-03-04T15:40:00,Menu del Día,2
2025-03-04T15:41:00,Menu del Día,3
2025-03-04T15:56:00,Menu del Día,1
2025-03-04T15:56:00,Seafood Paella (for 2),1
2025-03-04T15:59:00,Menu del Día,2
2025-03-04T16:14:00,Menu del Día,1
2025-03-04T16:14:00,Seafood Paella (for 2),1
2025-03-04T16:17:00,Menu del Día,2
2025-03-04T16:19:00,Menu del Día,2
2025-03-04T16:19:00,Seafood Paella (for 2),1
2025-03-04T16:31:00,Menu del Día,2
2025-03-04T16:37:00,Menu del Día,2
2025-03-04T16:37:00,Seafood Paella (for 2),1
2025-03-04T16:37:00,Seafood Paella (for 2),1
2025-03-04T20:00:00,Tortilla Española,1
2025-03-04T20:00:00,Patatas Bravas,1
2025-03-04T20:00:00,Patatas Bravas,1
2025-03-04T20:00:00,Tortilla Española,1
2025-03-04T20:00:00,House Red Wine,1
2025-03-04T20:00:00,Mineral Water,1
2025-03-04T20:00:00,House Red Wine,1
2025-03-04T20:09:00,Tortilla Española,1
2025-03-04T20:09:00,House Red Wine,1
2025-03-04T20:11:00,Patatas Bravas,1
2025-03-04T20:11:00,Mineral Water,1
2025-03-04T20:11:00,Crema Catalana,1
2025-03-04T20:15:00,Patatas Bravas,1
2025-03-04T20:15:00,Patatas Bravas,1
2025-03-04T20:15:00,Tortilla Española,1
2025-03-04T20:15:00,Tortilla Española,1
2025-03-04T20:15:00,Patatas Bravas,1
2025-03-04T20:15:00,Patatas Bravas,1
2025-03-04T20:15:00,Seafood Paella (for 2),1
2025-03-04T20:15:00,House Red Wine,1
2025-03-04T20:15:00,Mineral Water,1
2025-03-04T20:15:00,Mineral Water,1
2025-03-04T20:15:00,House Red Wine,1
2025-03-04T20:19:00,Patatas Bravas,1
2025-03-04T20:19:00,Patatas Bravas,1
2025-03-04T20:19:00,Tortilla Española,1
2025-03-04T20:19:00,Mineral Water,1
2025-03-04T20:19:00,Mineral Water,1
2025-03-04T20:19:00,Crema Catalana,1
2025-03-04T20:19:00,Patatas Bravas,1
2025-03-04T20:19:00,House Red Wine,1
2025-03-04T20:19:00,Crema Catalana,1
2025-03-04T20:19:00,Patatas Bravas,1
2025-03-04T20:19:00,Tortilla Española,1
2025-03-04T20:19:00,Patatas Bravas,1
2025-03-04T20:19:00,Patatas Bravas,1
2025-03-04T20:19:00,Mineral Water,1
2025-03-04T20:19:00,Mineral Water,1
2025-03-04T20:19:00,Mineral Water,1
2025-03-04T20:19:00,Crema Catalana,1
2025-03-04T20:19:00,Crema Catalana,1
2025-03-04T20:23:00,Patatas Bravas,1
2025-03-04T20:23:00,Patatas Bravas,1
2025-03-04T20:23:00,Patatas Bravas,1
2025-03-04T20:23:00,Tortilla Española,1
2025-03-04T20:23:00,Mineral Water,1
2025-03-04T20:23:00,Mineral Water,1
2025-03-04T20:23:00,House Red Wine,1
2025-03-04T20:28:00,Patatas Bravas,1
2025-03-04T20:28:00,Tortilla Española,1
2025-03-04T20:28:00,Tortilla Española,1
2025-03-04T20:28:00,Patatas Bravas,1
2025-03-04T20:28:00,Seafood Paella (for 2),1
2025-03-04T20:28:00,Mineral Water,1
2025-03-04T20:28:00,House Red Wine,1
2025-03-04T20:28:00,Mineral Water,1
2025-03-04T20:34:00,Tortilla Española,1
2025-03-04T20:34:00,Tortilla Española,1
2025-03-04T20:34:00,Tortilla Española,1
2025-03-04T20:34:00,House Red Wine,1
2025-03-04T20:34:00,House Red Wine,1
2025-03-04T20:34:00,Crema Catalana,1
2025-03-04T20:34:00,Crema Catalana,1
2025-03-04T20:37:00,Patatas Bravas,1
2025-03-04T20:37:00,Tortilla Española,1
2025-03-04T20:37:00,Patatas Bravas,1
2025-03-04T20:37:00,House Red Wine,1
2025-03-04T20:37:00,Mineral Water,1
2025-03-04T20:37:00,Patatas Bravas,1
2025-03-04T20:37:00,Patatas Bravas,1
2025-03-04T20:37:00,Patatas Bravas,1
2025-03-04T20:37:00,Tortilla Española,1
2025-03-04T20:37:00,House Red Wine,1
2025-03-04T20:37:00,House Red Wine,1
2025-03-04T20:37:00,Mineral Water,1
2025-03-04T20:38:00,Patatas Bravas,1
2025-03-04T20:38:00,Mineral Water,1
2025-03-04T20:38:00,Crema Catalana,1
2025-03-04T20:42:00,Tortilla Española,1
2025-03-04T20:42:00,Tortilla Española,1
2025-03-04T20:42:00,Patatas Bravas,1
2025-03-04T20:42:00,Mineral Water,1
2025-03-04T20:42:00,Mineral Water,1
2025-03-04T20:42:00,Crema Catalana,1
2025-03-04T20:42:00,Crema Catalana,1
2025-03-04T22:37:00,Patatas Bravas,1
2025-03-04T22:37:00,House Red Wine,1
2025-03-05T13:00:00,Seafood Paella (for 2),1
2025-03-05T13:00:00,Seafood Paella (for 2),1
2025-03-05T13:01:00,Seafood Paella (for 2),1
2025-03-05T13:36:00,Seafood Paella (for 2),1
2025-03-05T13:38:00,Seafood Paella (for 2),1
2025-03-05T13:44:00,Seafood Paella (for 2),1
2025-03-05T13:44:00,Seafood Paella (for 2),1
2025-03-05T13:47:00,Seafood Paella (for 2),1
2025-03-05T13:55:00,Seafood Paella (for 2),1
2025-03-05T14:02:00,Seafood Paella (for 2),1
2025-03-05T14:08:00,Seafood Paella (for 2),1
2025-03-05T14:19:00,Seafood Paella (for 2),1
2025-03-05T14:29:00,Seafood Paella (for 2),1
2025-03-05T14:29:00,Seafood Paella (for 2),1
2025-03-05T14:29:00,Seafood Paella (for 2),1
2025-03-05T14:42:00,Seafood Paella (for 2),1
2025-03-05T14:46:00,Seafood Paella (for 2),1
2025-03-05T14:57:00,Seafood Paella (for 2),1
2025-03-05T15:01:00,Seafood Paella (for 2),1
2025-03-05T15:01:00,Seafood Paella (for 2),1
2025-03-05T15:02:00,Seafood Paella (for 2),1
2025-03-05T15:02:00,Seafood Paella (for 2),1
2025-03-05T15:07:00,Seafood Paella (for 2),1
2025-03-05T15:09:00,Seafood Paella (for 2),1
2025-03-05T15:10:00,Seafood Paella (for 2),1
2025-03-05T15:10:00,Seafood Paella (for 2),1
2025-03-05T15:10:00,Seafood Paella (for 2),1
2025-03-05T15:20:00,Seafood Paella (for 2),1
2025-03-05T15:21:00,Seafood Paella (for 2),1
2025-03-05T15:21:00,Seafood Paella (for 2),1
2025-03-05T15:27:00,Seafood Paella (for 2),1
2025-03-05T15:30:00,Seafood Paella (for 2),1
2025-03-05T15:30:00,Seafood Paella (for 2),1
2025-03-05T15:35:00,Seafood Paella (for 2),1
2025-03-05T15:37:00,Seafood Paella (for 2),1
2025-03-05T15:37:00,Seafood Paella (for 2),1
2025-03-05T15:46:00,Seafood Paella (for 2),1
2025-03-05T15:48:00,Seafood Paella (for 2),1
2025-03-05T15:48:00,Seafood Paella (for 2),1
2025-03-05T15:52:00,Seafood Paella (for 2),1
2025-03-05T15:58:00,Seafood Paella (for 2),1
2025-03-05T16:04:00,Seafood Paella (for 2),1
2025-03-05T16:23:00,Seafood Paella (for 2),1
2025-03-05T16:44:00,Seafood Paella (for 2),1
2025-03-05T20:01:00,House Red Wine,1
2025-03-05T20:01:00,Mineral Water,1
2025-03-05T20:01:00,Mineral Water,1
2025-03-05T20:01:00,House Red Wine,1
2025-03-05T20:01:00,Crema Catalana,1
2025-03-05T20:01:00,Crema Catalana,1
2025-03-05T20:01:00,Crema Catalana,1
2025-03-05T20:04:00,Seafood Paella (for 2),1
2025-03-05T20:04:00,House Red Wine,1
2025-03-05T20:04:00,House Red Wine,1
2025-03-05T20:04:00,Mineral Water,1
2025-03-05T20:04:00,House Red Wine,1
2025-03-05T20:04:00,Crema Catalana,1
2025-03-05T20:05:00,Seafood Paella (for 2),1
2025-03-05T20:05:00,Mineral Water,1
2025-03-05T20:05:00,House Red Wine,1
2025-03-05T20:05:00,House Red Wine,1
2025-03-05T20:05:00,House Red Wine,1
2025-03-05T20:17:00,Seafood Paella (for 2),1
2025-03-05T20:17:00,House Red Wine,1
2025-03-05T20:17:00,House Red Wine,1
2025-03-05T20:17:00,Mineral Water,1
2025-03-05T20:17:00,Crema Catalana,1
2025-03-05T20:18:00,Seafood Paella (for 2),1
2025-03-05T20:18:00,Mineral Water,1
2025-03-05T20:18:00,House Red Wine,1
2025-03-05T20:18:00,Mineral Water,1
2025-03-05T20:20:00,Seafood Paella (for 2),1
2025-03-05T20:20:00,Mineral Water,1
2025-03-05T20:20:00,House Red Wine,1
2025-03-05T20:20:00,Crema Catalana,1
2025-03-05T20:37:00,Seafood Paella (for 2),1
2025-03-05T20:37:00,House Red Wine,1
2025-03-05T20:37:00,House Red Wine,1
2025-03-05T20:37:00,Mineral Water,1
2025-03-05T20:37:00,Crema Catalana,1
2025-03-05T20:37:00,Crema Catalana,1
2025-03-05T20:37:00,Crema Catalana,1
2025-03-05T20:51:00,Mineral Water,1
2025-03-05T20:53:00,Seafood Paella (for 2),1
2025-03-05T20:53:00,House Red Wine,1
2025-03-05T20:53:00,Mineral Water,1
2025-03-05T20:53:00,House Red Wine,1
2025-03-05T20:53:00,House Red Wine,1
2025-03-05T20:53:00,Crema Catalana,1
2025-03-05T20:53:00,Crema Catalana,1
2025-03-05T21:04:00,House Red Wine,1
2025-03-05T21:04:00,House Red Wine,1
2025-03-05T21:08:00,Mineral Water,1
2025-03-05T21:08:00,House Red Wine,1
2025-03-05T21:08:00,Crema Catalana,1
2025-03-05T21:08:00,Crema Catalana,1
2025-03-05T21:08:00,Seafood Paella (for 2),1
2025-03-05T21:08:00,House Red Wine,1
2025-03-05T21:08:00,House Red Wine,1
2025-03-05T21:08:00,House Red Wine,1
2025-03-05T21:08:00,Crema Catalana,1
2025-03-05T21:08:00,Crema Catalana,1
2025-03-05T21:08:00,Crema Catalana,1
2025-03-05T21:08:00,House Red Wine,1
2025-03-05T21:08:00,House Red Wine,1
2025-03-05T21:08:00,House Red Wine,1
2025-03-05T21:09:00,House Red Wine,1
2025-03-05T21:09:00,Mineral Water,1
2025-03-05T21:13:00,Mineral Water,1
2025-03-05T21:13:00,Crema Catalana,1
2025-03-05T21:15:00,Mineral Water,1
2025-03-05T21:15:00,House Red Wine,1
2025-03-05T21:15:00,House Red Wine,1
2025-03-05T21:25:00,Seafood Paella (for 2),1
2025-03-05T21:25:00,Mineral Water,1
2025-03-05T21:25:00,Mineral Water,1
2025-03-05T21:25:00,Mineral Water,1
2025-03-05T21:25:00,Mineral Water,1
2025-03-05T21:25:00,Mineral Water,1
2025-03-05T21:25:00,Mineral Water,1
2025-03-05T21:25:00,Crema Catalana,1
2025-03-05T21:25:00,Crema Catalana,1
2025-03-05T21:35:00,Mineral Water,1
2025-03-05T21:35:00,House Red Wine,1
2025-03-05T21:42:00,Seafood Paella (for 2),1
2025-03-05T21:42:00,Mineral Water,1
2025-03-05T21:42:00,Mineral Water,1
2025-03-05T21:42:00,Mineral Water,1
2025-03-05T21:46:00,Seafood Paella (for 2),1
2025-03-05T21:46:00,Mineral Water,1
2025-03-05T21:46:00,House Red Wine,1
2025-03-05T21:46:00,House Red Wine,1
2025-03-05T21:46:00,Mineral Water,1
2025-03-05T21:55:00,Seafood Paella (for 2),1
2025-03-05T21:55:00,Mineral Water,1
2025-03-05T21:55:00,House Red Wine,1
2025-03-05T21:55:00,House Red Wine,1
2025-03-05T21:59:00,Mineral Water,1
2025-03-05T21:59:00,Mineral Water,1
2025-03-05T21:59:00,Crema Catalana,1
2025-03-05T21:59:00,Crema Catalana,1
2025-03-06T13:04:00,Seafood Paella (for 2),1
2025-03-06T13:04:00,Seafood Paella (for 2),1
2025-03-06T13:06:00,Menu del Día,1
2025-03-06T13:06:00,Seafood Paella (for 2),1
2025-03-06T13:19:00,Seafood Paella (for 2),1
2025-03-06T13:21:00,Menu del Día,1
2025-03-06T13:21:00,Seafood Paella (for 2),1
2025-03-06T13:23:00,Menu del Día,2
2025-03-06T13:25:00,Menu del Día,2
2025-03-06T13:30:00,Menu del Día,1
2025-03-06T13:35:00,Menu del Día,2
2025-03-06T13:35:00,Seafood Paella (for 2),1
2025-03-06T13:35:00,Seafood Paella (for 2),1
2025-03-06T13:41:00,Menu del Día,1
2025-03-06T13:41:00,Menu del Día,1
2025-03-06T13:41:00,Seafood Paella (for 2),1
2025-03-06T13:56:00,Menu del Día,1
2025-03-06T14:00:00,Menu del Día,3
2025-03-06T14:00:00,Seafood Paella (for 2),1
2025-03-06T14:02:00,Menu del Día,4
2025-03-06T14:04:00,Menu del Día,1
2025-03-06T14:04:00,Seafood Paella (for 2),1
2025-03-06T14:06:00,Menu del Día,1
2025-03-06T14:06:00,Menu del Día,1
2025-03-06T14:06:00,Seafood Paella (for 2),1
2025-03-06T14:07:00,Seafood Paella (for 2),1
2025-03-06T14:07:00,Seafood Paella (for 2),1
2025-03-06T14:08:00,Seafood Paella (for 2),1
2025-03-06T14:12:00,Menu del Día,2
2025-03-06T14:21:00,Menu del Día,3
2025-03-06T14:21:00,Seafood Paella (for 2),1
2025-03-06T14:22:00,Menu del Día,1
2025-03-06T14:22:00,Seafood Paella (for 2),1
2025-03-06T14:24:00,Menu del Día,1
2025-03-06T14:24:00,Seafood Paella (for 2),1
2025-03-06T14:27:00,Menu del Día,1
2025-03-06T14:27:00,Seafood Paella (for 2),1
2025-03-06T14:33:00,Menu del Día,1
2025-03-06T14:33:00,Seafood Paella (for 2),1
2025-03-06T14:34:00,Menu del Día,1
2025-03-06T14:35:00,Menu del Día,1
2025-03-06T14:35:00,Seafood Paella (for 2),1
2025-03-06T14:36:00,Menu del Día,1
2025-03-06T14:36:00,Seafood Paella (for 2),1
2025-03-06T14:36:00,Seafood Paella (for 2),1
2025-03-06T14:36:00,Menu del Día,1
2025-03-06T14:36:00,Seafood Paella (for 2),1
2025-03-06T14:37:00,Menu del Día,1
2025-03-06T14:37:00,Seafood Paella (for 2),1
2025-03-06T14:37:00,Seafood Paella (for 2),1
2025-03-06T14:39:00,Menu del Día,1
2025-03-06T14:40:00,Menu del Día,2
2025-03-06T14:40:00,Seafood Paella (for 2),1
2025-03-06T14:41:00,Menu del Día,1
2025-03-06T14:48:00,Menu del Día,1
2025-03-06T14:51:00,Menu del Día,1
2025-03-06T14:51:00,Seafood Paella (for 2),1
2025-03-06T14:52:00,Menu del Día,1
2025-03-06T14:53:00,Seafood Paella (for 2),1
2025-03-06T14:54:00,Menu del Día,2
2025-03-06T14:54:00,Menu del Día,2
2025-03-06T15:01:00,Menu del Día,1
2025-03-06T15:01:00,Seafood Paella (for 2),1
2025-03-06T15:05:00,Menu del Día,3
2025-03-06T15:05:00,Seafood Paella (for 2),1
2025-03-06T15:11:00,Menu del Día,2
2025-03-06T15:13:00,Menu del Día,3
2025-03-06T15:14:00,Menu del Día,2
2025-03-06T15:14:00,Seafood Paella (for 2),1
2025-03-06T15:21:00,Menu del Día,3
2025-03-06T15:22:00,Seafood Paella (for 2),1
2025-03-06T15:22:00,Seafood Paella (for 2),1
2025-03-06T15:26:00,Seafood Paella (for 2),1
2025-03-06T15:39:00,Menu del Día,1
2025-03-06T15:45:00,Menu del Día,1
2025-03-06T15:47:00,Seafood Paella (for 2),1
2025-03-06T15:57:00,Seafood Paella (for 2),1
2025-03-06T15:57:00,Seafood Paella (for 2),1
2025-03-06T15:57:00,Menu del Día,2
2025-03-06T15:57:00,Seafood Paella (for 2),1
2025-03-06T15:57:00,Seafood Paella (for 2),1
2025-03-06T15:58:00,Menu del Día,1
2025-03-06T15:58:00,Seafood Paella (for 2),1
2025-03-06T16:00:00,Menu del Día,2
2025-03-06T16:01:00,Menu del Día,3
2025-03-06T16:03:00,Menu del Día,1
2025-03-06T16:08:00,Menu del Día,3
2025-03-06T16:08:00,Seafood Paella (for 2),1
2025-03-06T16:08:00,Menu del Día,1
2025-03-06T16:08:00,Seafood Paella (for 2),1
2025-03-06T16:15:00,Menu del Día,2
2025-03-06T16:23:00,Menu del Día,1
2025-03-06T16:28:00,Menu del Día,1
2025-03-06T16:28:00,Menu del Día,2
2025-03-06T16:32:00,Menu del Día,1
2025-03-06T16:36:00,Seafood Paella (for 2),1
2025-03-06T16:36:00,Seafood Paella (for 2),1
2025-03-06T16:36:00,Menu del Día,1
2025-03-06T16:36:00,Seafood Paella (for 2),1
2025-03-06T16:41:00,Menu del Día,1
2025-03-06T16:41:00,Seafood Paella (for 2),1
2025-03-06T16:47:00,Seafood Paella (for 2),1
2025-03-06T16:50:00,Menu del Día,1
2025-03-06T16:50:00,Seafood Paella (for 2),1
2025-03-06T16:58:00,Menu del Día,2
2025-03-06T20:10:00,Tortilla Española,1
2025-03-06T20:10:00,Patatas Bravas,1
2025-03-06T20:10:00,Patatas Bravas,1
2025-03-06T20:10:00,Tortilla Española,1
2025-03-06T20:10:00,Seafood Paella (for 2),1
2025-03-06T20:10:00,Mineral Water,1
2025-03-06T20:10:00,Mineral Water,1
2025-03-06T20:10:00,Mineral Water,1
2025-03-06T20:10:00,Patatas Bravas,1
2025-03-06T20:10:00,Patatas Bravas,1
2025-03-06T20:10:00,Tortilla Española,1
2025-03-06T20:10:00,Seafood Paella (for 2),1
2025-03-06T20:10:00,House Red Wine,1
2025-03-06T20:10:00,House Red Wine,1
2025-03-06T20:10:00,Tortilla Española,1
2025-03-06T20:10:00,Patatas Bravas,1
2025-03-06T20:10:00,Patatas Bravas,1
2025-03-06T20:10:00,Mineral Water,1
2025-03-06T20:10:00,Mineral Water,1
2025-03-06T20:13:00,Patatas Bravas,1
2025-03-06T20:13:00,Seafood Paella (for 2),1
2025-03-06T20:13:00,House Red Wine,1
2025-03-06T20:13:00,Crema Catalana,1
2025-03-06T20:17:00,Tortilla Española,1
2025-03-06T20:17:00,Seafood Paella (for 2),1
2025-03-06T20:17:00,Mineral Water,1
2025-03-06T20:19:00,Patatas Bravas,1
2025-03-06T20:19:00,Patatas Bravas,1
2025-03-06T20:19:00,Patatas Bravas,1
2025-03-06T20:19:00,Mineral Water,1
2025-03-06T20:19:00,House Red Wine,1
2025-03-06T20:20:00,Tortilla Española,1
2025-03-06T20:20:00,Patatas Bravas,1
2025-03-06T20:20:00,Patatas Bravas,1
2025-03-06T20:20:00,Tortilla Española,1
2025-03-06T20:20:00,Tortilla Española,1
2025-03-06T20:20:00,Tortilla Española,1
2025-03-06T20:20:00,Mineral Water,1
2025-03-06T20:20:00,House Red Wine,1
2025-03-06T20:20:00,House Red Wine,1
2025-03-06T20:20:00,House Red Wine,1
2025-03-06T20:24:00,Tortilla Española,1
2025-03-06T20:24:00,Tortilla Española,1
2025-03-06T20:24:00,Tortilla Española,1
2025-03-06T20:24:00,Patatas Bravas,1
2025-03-06T20:24:00,Mineral Water,1
2025-03-06T20:24:00,Mineral Water,1
2025-03-06T20:24:00,House Red Wine,1
2025-03-06T20:34:00,Patatas Bravas,1
2025-03-06T20:34:00,Tortilla Española,1
2025-03-06T20:34:00,Patatas Bravas,1
2025-03-06T20:34:00,Patatas Bravas,1
2025-03-06T20:34:00,Patatas Bravas,1
2025-03-06T20:34:00,Patatas Bravas,1
2025-03-06T20:34:00,House Red Wine,1
2025-03-06T20:34:00,Mineral Water,1
2025-03-06T20:34:00,House Red Wine,1
2025-03-06T20:34:00,Mineral Water,1
2025-03-06T20:34:00,Tortilla Española,1
2025-03-06T20:34:00,Patatas Bravas,1
2025-03-06T20:34:00,Tortilla Española,1
2025-03-06T20:34:00,House Red Wine,1
2025-03-06T20:34:00,House Red Wine,1
2025-03-06T20:36:00,Patatas Bravas,1
2025-03-06T20:36:00,Patatas Bravas,1
2025-03-06T20:36:00,Patatas Bravas,1
2025-03-06T20:36:00,Mineral Water,1
2025-03-06T20:36:00,House Red Wine,1
2025-03-06T20:36:00,Crema Catalana,1
2025-03-06T20:36:00,Tortilla Española,1
2025-03-06T20:36:00,Tortilla Española,1
2025-03-06T20:36:00,Tortilla Española,1
2025-03-06T20:36:00,Mineral Water,1
2025-03-06T20:36:00,House Red Wine,1
2025-03-06T20:36:00,Crema Catalana,1
2025-03-06T20:36:00,Crema Catalana,1
2025-03-06T20:57:00,Tortilla Española,1
2025-03-06T20:57:00,House Red Wine,1
2025-03-06T20:57:00,Crema Catalana,1
2025-03-07T13:01:00,Patatas Bravas,1
2025-03-07T13:01:00,House Red Wine,1
2025-03-07T13:01:00,Crema Catalana,1
2025-03-07T13:02:00,Patatas Bravas,1
2025-03-07T13:02:00,Patatas Bravas,1
2025-03-07T13:02:00,Patatas Bravas,1
2025-03-07T13:02:00,Patatas Bravas,1
2025-03-07T13:02:00,Seafood Paella (for 2),1
2025-03-07T13:02:00,House Red Wine,1
2025-03-07T13:02:00,House Red Wine,1
2025-03-07T13:02:00,House Red Wine,1
2025-03-07T13:02:00,Crema Catalana,1
2025-03-07T13:02:00,Crema Catalana,1
2025-03-07T13:03:00,Patatas Bravas,1
2025-03-07T13:03:00,Patatas Bravas,1
2025-03-07T13:03:00,Patatas Bravas,1
2025-03-07T13:03:00,Patatas Bravas,1
2025-03-07T13:03:00,Patatas Bravas,1
2025-03-07T13:03:00,Patatas Bravas,1
2025-03-07T13:03:00,House Red Wine,1
2025-03-07T13:03:00,House Red Wine,1
2025-03-07T13:03:00,Mineral Water,1
2025-03-07T13:03:00,Mineral Water,1
2025-03-07T13:21:00,Patatas Bravas,1
2025-03-07T13:21:00,Mineral Water,1
2025-03-07T13:25:00,Patatas Bravas,1
2025-03-07T13:25:00,Tortilla Española,1
2025-03-07T13:25:00,Tortilla Española,1
2025-03-07T13:25:00,House Red Wine,1
2025-03-07T13:25:00,Mineral Water,1
2025-03-07T13:29:00,Tortilla Española,1
2025-03-07T13:29:00,Patatas Bravas,1
2025-03-07T13:29:00,Tortilla Española,1
2025-03-07T13:29:00,Mineral Water,1
2025-03-07T13:29:00,House Red Wine,1
2025-03-07T13:32:00,Tortilla Española,1
2025-03-07T13:32:00,Patatas Bravas,1
2025-03-07T13:32:00,Tortilla Española,1
2025-03-07T13:32:00,Tortilla Española,1
2025-03-07T13:32:00,Seafood Paella (for 2),1
2025-03-07T13:32:00,House Red Wine,1
2025-03-07T13:32:00,Mineral Water,1
2025-03-07T13:32:00,House Red Wine,1
2025-03-07T13:32:00,Crema Catalana,1
2025-03-07T13:34:00,Tortilla Española,1
2025-03-07T13:34:00,Tortilla Española,1
2025-03-07T13:34:00,Patatas Bravas,1
2025-03-07T13:34:00,House Red Wine,1
2025-03-07T13:34:00,House Red Wine,1
2025-03-07T13:34:00,Crema Catalana,1
2025-03-07T13:34:00,Crema Catalana,1
2025-03-07T13:34:00,Patatas Bravas,1
2025-03-07T13:34:00,Tortilla Española,1
2025-03-07T13:34:00,Patatas Bravas,1
2025-03-07T13:34:00,Patatas Bravas,1
2025-03-07T13:34:00,House Red Wine,1
2025-03-07T13:34:00,House Red Wine,1
2025-03-07T13:34:00,House Red Wine,1
2025-03-07T13:35:00,Patatas Bravas,1
2025-03-07T13:35:00,Tortilla Española,1
2025-03-07T13:35:00,Patatas Bravas,1
2025-03-07T13:35:00,Seafood Paella (for 2),1
2025-03-07T13:35:00,Mineral Water,1
2025-03-07T13:35:00,Mineral Water,1
2025-03-07T13:36:00,Tortilla Española,1
2025-03-07T13:36:00,Patatas Bravas,1
2025-03-07T13:36:00,Patatas Bravas,1
2025-03-07T13:36:00,Tortilla Española,1
2025-03-07T13:36:00,Seafood Paella (for 2),1
2025-03-07T13:36:00,Mineral Water,1
2025-03-07T13:36:00,Mineral Water,1
2025-03-07T13:36:00,Mineral Water,1
2025-03-07T13:36:00,Crema Catalana,1
2025-03-07T13:36:00,Crema Catalana,1
2025-03-07T13:39:00,Patatas Bravas,1
2025-03-07T13:39:00,Patatas Bravas,1
2025-03-07T13:39:00,Patatas Bravas,1
2025-03-07T13:39:00,Tortilla Española,1
2025-03-07T13:39:00,Tortilla Española,1
2025-03-07T13:39:00,Tortilla Española,1
2025-03-07T13:39:00,Seafood Paella (for 2),1
2025-03-07T13:39:00,Mineral Water,1
2025-03-07T13:39:00,House Red Wine,1
2025-03-07T13:39:00,House Red Wine,1
2025-03-07T13:39:00,Mineral Water,1
2025-03-07T13:55:00,Tortilla Española,1
2025-03-07T13:55:00,House Red Wine,1
2025-03-07T13:56:00,Tortilla Española,1
2025-03-07T13:56:00,Patatas Bravas,1
2025-03-07T13:56:00,Patatas Bravas,1
2025-03-07T13:56:00,Patatas Bravas,1
2025-03-07T13:56:00,Patatas Bravas,1
2025-03-07T13:56:00,Tortilla Española,1
2025-03-07T13:56:00,Seafood Paella (for 2),1
2025-03-07T13:56:00,House Red Wine,1
2025-03-07T13:56:00,House Red Wine,1
2025-03-07T13:56:00,House Red Wine,1
2025-03-07T13:56:00,House Red Wine,1
2025-03-07T13:56:00,Crema Catalana,1
2025-03-07T13:56:00,Crema Catalana,1
2025-03-07T13:56:00,Crema Catalana,1
2025-03-07T14:08:00,Tortilla Española,1
2025-03-07T14:08:00,Tortilla Española,1
2025-03-07T14:08:00,Tortilla Española,1
2025-03-07T14:08:00,House Red Wine,1
2025-03-07T14:08:00,House Red Wine,1
2025-03-07T14:12:00,Tortilla Española,1
2025-03-07T14:12:00,Patatas Bravas,1
2025-03-07T14:12:00,Tortilla Española,1
2025-03-07T14:12:00,Seafood Paella (for 2),1
2025-03-07T14:12:00,Mineral Water,1
2025-03-07T14:12:00,House Red Wine,1
2025-03-07T14:17:00,Tortilla Española,1
2025-03-07T14:17:00,Patatas Bravas,1
2025-03-07T14:17:00,Patatas Bravas,1
2025-03-07T14:17:00,Tortilla Española,1
2025-03-07T14:17:00,Patatas Bravas,1
2025-03-07T14:17:00,Patatas Bravas,1
2025-03-07T14:17:00,Seafood Paella (for 2),1
2025-03-07T14:17:00,House Red Wine,1
2025-03-07T14:17:00,House Red Wine,1
2025-03-07T14:17:00,Mineral Water,1
2025-03-07T14:17:00,Mineral Water,1
2025-03-07T14:17:00,Crema Catalana,1
2025-03-07T14:17:00,Crema Catalana,1
2025-03-07T14:22:00,Tortilla Española,1
2025-03-07T14:22:00,Tortilla Española,1
2025-03-07T14:22:00,Patatas Bravas,1
2025-03-07T14:22:00,House Red Wine,1
2025-03-07T14:22:00,House Red Wine,1
2025-03-07T14:28:00,Tortilla Española,1
2025-03-07T14:28:00,Patatas Bravas,1
2025-03-07T14:28:00,Patatas Bravas,1
2025-03-07T14:28:00,Patatas Bravas,1
2025-03-07T14:28:00,Mineral Water,1
2025-03-07T14:28:00,House Red Wine,1
2025-03-07T14:28:00,House Red Wine,1
2025-03-07T14:28:00,Crema Catalana,1
2025-03-07T14:28:00,Crema Catalana,1
2025-03-07T14:28:00,Crema Catalana,1
2025-03-07T14:29:00,Tortilla Española,1
2025-03-07T14:29:00,Patatas Bravas,1
2025-03-07T14:29:00,Patatas Bravas,1
2025-03-07T14:29:00,Tortilla Española,1
2025-03-07T14:29:00,House Red Wine,1
2025-03-07T14:29:00,Mineral Water,1
2025-03-07T14:29:00,Mineral Water,1
2025-03-07T14:29:00,Crema Catalana,1
2025-03-07T14:29:00,Crema Catalana,1
2025-03-07T14:29:00,Crema Catalana,1
2025-03-07T14:29:00,Patatas Bravas,1
2025-03-07T14:29:00,Mineral Water,1
2025-03-07T14:30:00,Patatas Bravas,1
2025-03-07T14:30:00,House Red Wine,1
2025-03-07T14:31:00,Tortilla Española,1
2025-03-07T14:31:00,Patatas Bravas,1
2025-03-07T14:31:00,Patatas Bravas,1
2025-03-07T14:31:00,Mineral Water,1
2025-03-07T14:31:00,Mineral Water,1
2025-03-07T14:33:00,Patatas Bravas,1
2025-03-07T14:33:00,Patatas Bravas,1
2025-03-07T14:33:00,Tortilla Española,1
2025-03-07T14:33:00,Mineral Water,1
2025-03-07T14:33:00,House Red Wine,1
2025-03-07T14:33:00,Crema Catalana,1
2025-03-07T14:33:00,Crema Catalana,1
2025-03-07T14:35:00,Tortilla Española,1
2025-03-07T14:35:00,Patatas Bravas,1
2025-03-07T14:35:00,Patatas Bravas,1
2025-03-07T14:35:00,Mineral Water,1
2025-03-07T14:35:00,Mineral Water,1
2025-03-07T14:37:00,Tortilla Española,1
2025-03-07T14:37:00,Tortilla Española,1
2025-03-07T14:37:00,Patatas Bravas,1
2025-03-07T14:37:00,Tortilla Española,1
2025-03-07T14:37:00,Patatas Bravas,1
2025-03-07T14:37:00,Patatas Bravas,1
2025-03-07T14:37:00,Seafood Paella (for 2),1
2025-03-07T14:37:00,Mineral Water,1
2025-03-07T14:37:00,Mineral Water,1
2025-03-07T14:37:00,Mineral Water,1
2025-03-07T14:37:00,Mineral Water,1
2025-03-07T14:41:00,Patatas Bravas,1
2025-03-07T14:41:00,Tortilla Española,1
2025-03-07T14:41:00,Tortilla Española,1
2025-03-07T14:41:00,House Red Wine,1
2025-03-07T14:41:00,Mineral Water,1
2025-03-07T14:42:00,Tortilla Española,1
2025-03-07T14:42:00,Tortilla Española,1
2025-03-07T14:42:00,Tortilla Española,1
2025-03-07T14:42:00,Patatas Bravas,1
2025-03-07T14:42:00,Seafood Paella (for 2),1
2025-03-07T14:42:00,House Red Wine,1
2025-03-07T14:42:00,House Red Wine,1
2025-03-07T14:42:00,Mineral Water,1
2025-03-07T14:48:00,Tortilla Española,1
2025-03-07T14:48:00,Patatas Bravas,1
2025-03-07T14:48:00,Patatas Bravas,1
2025-03-07T14:48:00,House Red Wine,1
2025-03-07T14:48:00,Mineral Water,1
2025-03-07T14:55:00,Patatas Bravas,1
2025-03-07T14:55:00,Tortilla Española,1
2025-03-07T14:55:00,Tortilla Española,1
2025-03-07T14:55:00,Mineral Water,1
2025-03-07T14:55:00,Mineral Water,1
2025-03-07T14:55:00,Crema Catalana,1
2025-03-07T14:55:00,Crema Catalana,1
2025-03-07T14:56:00,Tortilla Española,1
2025-03-07T14:56:00,Tortilla Española,1
2025-03-07T14:56:00,Patatas Bravas,1
2025-03-07T14:56:00,House Red Wine,1
2025-03-07T14:56:00,Mineral Water,1
2025-03-07T14:56:00,Crema Catalana,1
2025-03-07T15:44:00,Tortilla Española,1
2025-03-07T15:44:00,Mineral Water,1
2025-03-08T13:05:00,Tortilla Española,1
2025-03-08T13:05:00,Tortilla Española,1
2025-03-08T13:05:00,Tortilla Española,1
2025-03-08T13:05:00,Patatas Bravas,1
2025-03-08T13:05:00,Seafood Paella (for 2),1
2025-03-08T13:05:00,Mineral Water,1
2025-03-08T13:05:00,House Red Wine,1
2025-03-08T13:05:00,Mineral Water,1
2025-03-08T13:05:00,Crema Catalana,1
2025-03-08T13:06:00,Tortilla Española,1
2025-03-08T13:06:00,Tortilla Española,1
2025-03-08T13:06:00,Patatas Bravas,1
2025-03-08T13:06:00,Seafood Paella (for 2),1
2025-03-08T13:06:00,House Red Wine,1
2025-03-08T13:06:00,House Red Wine,1
2025-03-08T13:06:00,Tortilla Española,1
2025-03-08T13:06:00,Tortilla Española,1
2025-03-08T13:06:00,Patatas Bravas,1
2025-03-08T13:06:00,Patatas Bravas,1
2025-03-08T13:06:00,Tortilla Española,1
2025-03-08T13:06:00,Patatas Bravas,1
2025-03-08T13:06:00,House Red Wine,1
2025-03-08T13:06:00,House Red Wine,1
2025-03-08T13:06:00,Mineral Water,1
2025-03-08T13:06:00,House Red Wine,1
2025-03-08T13:06:00,Crema Catalana,1
2025-03-08T13:15:00,Patatas Bravas,1
2025-03-08T13:15:00,Patatas Bravas,1
2025-03-08T13:15:00,Patatas Bravas,1
2025-03-08T13:15:00,Patatas Bravas,1
2025-03-08T13:15:00,Seafood Paella (for 2),1
2025-03-08T13:15:00,Mineral Water,1
2025-03-08T13:15:00,Mineral Water,1
2025-03-08T13:15:00,Mineral Water,1
2025-03-08T13:15:00,Patatas Bravas,1
2025-03-08T13:15:00,Patatas Bravas,1
2025-03-08T13:15:00,Tortilla Española,1
2025-03-08T13:15:00,Mineral Water,1
2025-03-08T13:15:00,House Red Wine,1
2025-03-08T13:15:00,Crema Catalana,1
2025-03-08T13:17:00,Patatas Bravas,1
2025-03-08T13:17:00,Patatas Bravas,1
2025-03-08T13:17:00,Tortilla Española,1
2025-03-08T13:17:00,Mineral Water,1
2025-03-08T13:17:00,House Red Wine,1
2025-03-08T13:20:00,Tortilla Española,1
2025-03-08T13:20:00,Patatas Bravas,1
2025-03-08T13:20:00,Patatas Bravas,1
2025-03-08T13:20:00,House Red Wine,1
2025-03-08T13:20:00,House Red Wine,1
2025-03-08T13:20:00,Crema Catalana,1
2025-03-08T13:32:00,Tortilla Española,1
2025-03-08T13:32:00,Patatas Bravas,1
2025-03-08T13:32:00,Tortilla Española,1
2025-03-08T13:32:00,Patatas Bravas,1
2025-03-08T13:32:00,Mineral Water,1
2025-03-08T13:32:00,Mineral Water,1
2025-03-08T13:32:00,Mineral Water,1
2025-03-08T13:32:00,Crema Catalana,1
2025-03-08T13:32:00,Crema Catalana,1
2025-03-08T13:37:00,Tortilla Española,1
2025-03-08T13:37:00,Patatas Bravas,1
2025-03-08T13:37:00,Patatas Bravas,1
2025-03-08T13:37:00,Patatas Bravas,1
2025-03-08T13:37:00,Seafood Paella (for 2),1
2025-03-08T13:37:00,Mineral Water,1
2025-03-08T13:37:00,House Red Wine,1
2025-03-08T13:37:00,House Red Wine,1
2025-03-08T13:39:00,Tortilla Española,1
2025-03-08T13:39:00,House Red Wine,1
2025-03-08T13:39:00,Crema Catalana,1
2025-03-08T13:40:00,Tortilla Española,1
2025-03-08T13:40:00,Tortilla Española,1
2025-03-08T13:40:00,Patatas Bravas,1
2025-03-08T13:40:00,House Red Wine,1
2025-03-08T13:40:00,House Red Wine,1
2025-03-08T13:43:00,Tortilla Española,1
2025-03-08T13:43:00,Tortilla Española,1
2025-03-08T13:43:00,Tortilla Española,1
2025-03-08T13:43:00,House Red Wine,1
2025-03-08T13:43:00,Mineral Water,1
2025-03-08T13:44:00,Patatas Bravas,1
2025-03-08T13:44:00,Tortilla Española,1
2025-03-08T13:44:00,Patatas Bravas,1
2025-03-08T13:44:00,Tortilla Española,1
2025-03-08T13:44:00,Tortilla Española,1
2025-03-08T13:44:00,Tortilla Española,1
2025-03-08T13:44:00,Seafood Paella (for 2),1
2025-03-08T13:44:00,House Red Wine,1
2025-03-08T13:44:00,House Red Wine,1
2025-03-08T13:44:00,House Red Wine,1
2025-03-08T13:44:00,Mineral Water,1
2025-03-08T13:44:00,Crema Catalana,1
2025-03-08T13:44:00,Crema Catalana,1
2025-03-08T13:46:00,Patatas Bravas,1
2025-03-08T13:46:00,Tortilla Española,1
2025-03-08T13:46:00,Tortilla Española,1
2025-03-08T13:46:00,Seafood Paella (for 2),1
2025-03-08T13:46:00,House Red Wine,1
2025-03-08T13:46:00,House Red Wine,1
2025-03-08T13:48:00,Patatas Bravas,1
2025-03-08T13:48:00,Patatas Bravas,1
2025-03-08T13:48:00,Patatas Bravas,1
2025-03-08T13:48:00,Seafood Paella (for 2),1
2025-03-08T13:48:00,House Red Wine,1
2025-03-08T13:48:00,Mineral Water,1
2025-03-08T13:48:00,Patatas Bravas,1
2025-03-08T13:48:00,Patatas Bravas,1
2025-03-08T13:48:00,Tortilla Española,1
2025-03-08T13:48:00,Tortilla Española,1
2025-03-08T13:48:00,Patatas Bravas,1
2025-03-08T13:48:00,Tortilla Española,1
2025-03-08T13:48:00,Seafood Paella (for 2),1
2025-03-08T13:48:00,House Red Wine,1
2025-03-08T13:48:00,House Red Wine,1
2025-03-08T13:48:00,House Red Wine,1
2025-03-08T13:48:00,House Red Wine,1
2025-03-08T13:53:00,Tortilla Española,1
2025-03-08T13:53:00,Tortilla Española,1
2025-03-08T13:53:00,Tortilla Española,1
2025-03-08T13:53:00,Tortilla Española,1
2025-03-08T13:53:00,Mineral Water,1
2025-03-08T13:53:00,Mineral Water,1
2025-03-08T13:53:00,Mineral Water,1
2025-03-08T13:53:00,Crema Catalana,1
2025-03-08T13:56:00,Tortilla Española,1
2025-03-08T13:56:00,Patatas Bravas,1
2025-03-08T13:56:00,Tortilla Española,1
2025-03-08T13:56:00,Seafood Paella (for 2),1
2025-03-08T13:56:00,Mineral Water,1
2025-03-08T13:56:00,Mineral Water,1
2025-03-08T13:57:00,Patatas Bravas,1
2025-03-08T13:57:00,Patatas Bravas,1
2025-03-08T13:57:00,Patatas Bravas,1
2025-03-08T13:57:00,House Red Wine,1
2025-03-08T13:57:00,Mineral Water,1
2025-03-08T14:00:00,Tortilla Española,1
2025-03-08T14:00:00,Tortilla Española,1
2025-03-08T14:00:00,Patatas Bravas,1
2025-03-08T14:00:00,House Red Wine,1
2025-03-08T14:00:00,House Red Wine,1
2025-03-08T14:00:00,Crema Catalana,1
2025-03-08T14:00:00,Crema Catalana,1
2025-03-08T14:00:00,Tortilla Española,1
2025-03-08T14:00:00,Tortilla Española,1
2025-03-08T14:00:00,Tortilla Española,1
2025-03-08T14:00:00,Tortilla Española,1
2025-03-08T14:00:00,Seafood Paella (for 2),1
2025-03-08T14:00:00,House Red Wine,1
2025-03-08T14:00:00,House Red Wine,1
2025-03-08T14:00:00,Mineral Water,1
2025-03-08T14:03:00,Patatas Bravas,1
2025-03-08T14:03:00,Patatas Bravas,1
2025-03-08T14:03:00,Tortilla Española,1
2025-03-08T14:03:00,Mineral Water,1
2025-03-08T14:03:00,Mineral Water,1
2025-03-08T14:04:00,Patatas Bravas,1
2025-03-08T14:04:00,Tortilla Española,1
2025-03-08T14:04:00,Patatas Bravas,1
2025-03-08T14:04:00,Tortilla Española,1
2025-03-08T14:04:00,Seafood Paella (for 2),1
2025-03-08T14:04:00,House Red Wine,1
2025-03-08T14:04:00,House Red Wine,1
2025-03-08T14:04:00,House Red Wine,1
2025-03-08T14:06:00,Tortilla Española,1
2025-03-08T14:06:00,Patatas Bravas,1
2025-03-08T14:06:00,Tortilla Española,1
2025-03-08T14:06:00,House Red Wine,1
2025-03-08T14:06:00,House Red Wine,1
2025-03-08T14:06:00,Crema Catalana,1
2025-03-08T14:08:00,Tortilla Española,1
2025-03-08T14:08:00,House Red Wine,1
2025-03-08T14:08:00,Tortilla Española,1
2025-03-08T14:08:00,Patatas Bravas,1
2025-03-08T14:08:00,Tortilla Española,1
2025-03-08T14:08:00,Tortilla Española,1
2025-03-08T14:08:00,Mineral Water,1
2025-03-08T14:08:00,House Red Wine,1
2025-03-08T14:08:00,Mineral Water,1
2025-03-08T14:08:00,Crema Catalana,1
2025-03-08T14:08:00,Crema Catalana,1
2025-03-08T14:08:00,Patatas Bravas,1
2025-03-08T14:08:00,House Red Wine,1
2025-03-08T14:08:00,Crema Catalana,1
2025-03-08T14:11:00,Patatas Bravas,1
2025-03-08T14:11:00,Patatas Bravas,1
2025-03-08T14:11:00,Patatas Bravas,1
2025-03-08T14:11:00,Mineral Water,1
2025-03-08T14:11:00,House Red Wine,1
2025-03-08T14:11:00,Crema Catalana,1
2025-03-08T14:11:00,Tortilla Española,1
2025-03-08T14:11:00,Tortilla Española,1
2025-03-08T14:11:00,Tortilla Española,1
2025-03-08T14:11:00,House Red Wine,1
2025-03-08T14:11:00,Mineral Water,1
2025-03-08T14:11:00,Crema Catalana,1
2025-03-08T14:12:00,Patatas Bravas,1
2025-03-08T14:12:00,Patatas Bravas,1
2025-03-08T14:12:00,Patatas Bravas,1
2025-03-08T14:12:00,Tortilla Española,1
2025-03-08T14:12:00,Seafood Paella (for 2),1
2025-03-08T14:12:00,Mineral Water,1
2025-03-08T14:12:00,House Red Wine,1
2025-03-08T14:12:00,Mineral Water,1
2025-03-08T14:12:00,Crema Catalana,1
2025-03-08T14:12:00,Crema Catalana,1
2025-03-08T14:12:00,Crema Catalana,1
2025-03-08T14:24:00,Tortilla Española,1
2025-03-08T14:24:00,Tortilla Española,1
2025-03-08T14:24:00,Patatas Bravas,1
2025-03-08T14:24:00,Mineral Water,1
2025-03-08T14:24:00,Mineral Water,1
2025-03-08T14:26:00,Patatas Bravas,1
2025-03-08T14:26:00,Seafood Paella (for 2),1
2025-03-08T14:26:00,Mineral Water,1
2025-03-09T13:02:00,Patatas Bravas,1
2025-03-09T13:02:00,Patatas Bravas,1
2025-03-09T13:02:00,Tortilla Española,1
2025-03-09T13:02:00,Patatas Bravas,1
2025-03-09T13:02:00,Tortilla Española,1
2025-03-09T13:02:00,Patatas Bravas,1
2025-03-09T13:02:00,Seafood Paella (for 2),1
2025-03-09T13:02:00,House Red Wine,1
2025-03-09T13:02:00,House Red Wine,1
2025-03-09T13:02:00,Mineral Water,1
2025-03-09T13:02:00,House Red Wine,1
2025-03-09T13:03:00,Tortilla Española,1
2025-03-09T13:03:00,Patatas Bravas,1
2025-03-09T13:03:00,Tortilla Española,1
2025-03-09T13:03:00,Patatas Bravas,1
2025-03-09T13:03:00,Tortilla Española,1
2025-03-09T13:03:00,Patatas Bravas,1
2025-03-09T13:03:00,Seafood Paella (for 2),1
2025-03-09T13:03:00,Mineral Water,1
2025-03-09T13:03:00,House Red Wine,1
2025-03-09T13:03:00,House Red Wine,1
2025-03-09T13:03:00,House Red Wine,1
2025-03-09T13:03:00,Crema Catalana,1
2025-03-09T13:03:00,Crema Catalana,1
2025-03-09T13:03:00,Crema Catalana,1
2025-03-09T13:03:00,Crema Catalana,1
2025-03-09T13:08:00,Tortilla Española,1
2025-03-09T13:08:00,Patatas Bravas,1
2025-03-09T13:08:00,Patatas Bravas,1
2025-03-09T13:08:00,Patatas Bravas,1
2025-03-09T13:08:00,Tortilla Española,1
2025-03-09T13:08:00,Patatas Bravas,1
2025-03-09T13:08:00,Seafood Paella (for 2),1
2025-03-09T13:08:00,Mineral Water,1
2025-03-09T13:08:00,House Red Wine,1
2025-03-09T13:08:00,Mineral Water,1
2025-03-09T13:08:00,House Red Wine,1
2025-03-09T13:08:00,Crema Catalana,1
2025-03-09T13:08:00,Crema Catalana,1
2025-03-09T13:08:00,Crema Catalana,1
2025-03-09T13:08:00,Crema Catalana,1
2025-03-09T13:13:00,Patatas Bravas,1
2025-03-09T13:13:00,Patatas Bravas,1
2025-03-09T13:13:00,Tortilla Española,1
2025-03-09T13:13:00,Patatas Bravas,1
2025-03-09T13:13:00,Seafood Paella (for 2),1
2025-03-09T13:13:00,House Red Wine,1
2025-03-09T13:13:00,Mineral Water,1
2025-03-09T13:13:00,House Red Wine,1
2025-03-09T13:13:00,Crema Catalana,1
2025-03-09T13:13:00,Crema Catalana,1
2025-03-09T13:13:00,Crema Catalana,1
2025-03-09T13:14:00,Tortilla Española,1
2025-03-09T13:14:00,Tortilla Española,1
2025-03-09T13:14:00,Tortilla Española,1
2025-03-09T13:14:00,Patatas Bravas,1
2025-03-09T13:14:00,Tortilla Española,1
2025-03-09T13:14:00,Patatas Bravas,1
2025-03-09T13:14:00,Seafood Paella (for 2),1
2025-03-09T13:14:00,Mineral Water,1
2025-03-09T13:14:00,Mineral Water,1
2025-03-09T13:14:00,Mineral Water,1
2025-03-09T13:14:00,Mineral Water,1
2025-03-09T13:14:00,Tortilla Española,1
2025-03-09T13:14:00,Patatas Bravas,1
2025-03-09T13:14:00,Patatas Bravas,1
2025-03-09T13:14:00,Seafood Paella (for 2),1
2025-03-09T13:14:00,House Red Wine,1
2025-03-09T13:14:00,House Red Wine,1
2025-03-09T13:16:00,Tortilla Española,1
2025-03-09T13:16:00,House Red Wine,1
2025-03-09T13:16:00,Crema Catalana,1
2025-03-09T13:18:00,Patatas Bravas,1
2025-03-09T13:18:00,Patatas Bravas,1
2025-03-09T13:18:00,Tortilla Española,1
2025-03-09T13:18:00,Mineral Water,1
2025-03-09T13:18:00,Mineral Water,1
2025-03-09T13:19:00,Patatas Bravas,1
2025-03-09T13:19:00,Mineral Water,1
2025-03-09T13:20:00,Patatas Bravas,1
2025-03-09T13:20:00,Patatas Bravas,1
2025-03-09T13:20:00,Tortilla Española,1
2025-03-09T13:20:00,Mineral Water,1
2025-03-09T13:20:00,House Red Wine,1
2025-03-09T13:20:00,Crema Catalana,1
2025-03-09T13:22:00,Patatas Bravas,1
2025-03-09T13:22:00,Patatas Bravas,1
2025-03-09T13:22:00,Tortilla Española,1
2025-03-09T13:22:00,Tortilla Española,1
2025-03-09T13:22:00,Tortilla Española,1
2025-03-09T13:22:00,Tortilla Española,1
2025-03-09T13:22:00,Mineral Water,1
2025-03-09T13:22:00,House Red Wine,1
2025-03-09T13:22:00,Mineral Water,1
2025-03-09T13:22:00,House Red Wine,1
2025-03-09T13:23:00,Tortilla Española,1
2025-03-09T13:23:00,Tortilla Española,1
2025-03-09T13:23:00,Patatas Bravas,1
2025-03-09T13:23:00,Tortilla Española,1
2025-03-09T13:23:00,House Red Wine,1
2025-03-09T13:23:00,House Red Wine,1
2025-03-09T13:23:00,Mineral Water,1
2025-03-09T13:23:00,Crema Catalana,1
2025-03-09T13:26:00,Patatas Bravas,1
2025-03-09T13:26:00,Patatas Bravas,1
2025-03-09T13:26:00,Tortilla Española,1
2025-03-09T13:26:00,Tortilla Española,1
2025-03-09T13:26:00,Tortilla Española,1
2025-03-09T13:26:00,Tortilla Española,1
2025-03-09T13:26:00,Mineral Water,1
2025-03-09T13:26:00,House Red Wine,1
2025-03-09T13:26:00,Mineral Water,1
2025-03-09T13:26:00,Mineral Water,1
2025-03-09T13:26:00,Patatas Bravas,1
2025-03-09T13:26:00,Tortilla Española,1
2025-03-09T13:26:00,Tortilla Española,1
2025-03-09T13:26:00,Patatas Bravas,1
2025-03-09T13:26:00,Patatas Bravas,1
2025-03-09T13:26:00,Tortilla Española,1
2025-03-09T13:26:00,Seafood Paella (for 2),1
2025-03-09T13:26:00,House Red Wine,1
2025-03-09T13:26:00,House Red Wine,1
2025-03-09T13:26:00,House Red Wine,1
2025-03-09T13:26:00,House Red Wine,1
2025-03-09T13:26:00,Crema Catalana,1
2025-03-09T13:26:00,Crema Catalana,1
2025-03-09T13:26:00,Crema Catalana,1
2025-03-09T13:26:00,Crema Catalana,1
2025-03-09T13:26:00,Patatas Bravas,1
2025-03-09T13:26:00,Tortilla Española,1
2025-03-09T13:26:00,Patatas Bravas,1
2025-03-09T13:26:00,House Red Wine,1
2025-03-09T13:26:00,House Red Wine,1
2025-03-09T13:26:00,Crema Catalana,1
2025-03-09T13:29:00,Tortilla Española,1
2025-03-09T13:29:00,Patatas Bravas,1
2025-03-09T13:29:00,Patatas Bravas,1
2025-03-09T13:29:00,Seafood Paella (for 2),1
2025-03-09T13:29:00,Mineral Water,1
2025-03-09T13:29:00,House Red Wine,1
2025-03-09T13:29:00,Crema Catalana,1
2025-03-09T13:35:00,Tortilla Española,1
2025-03-09T13:35:00,Patatas Bravas,1
2025-03-09T13:35:00,Patatas Bravas,1
2025-03-09T13:35:00,Mineral Water,1
2025-03-09T13:35:00,House Red Wine,1
2025-03-09T13:37:00,Patatas Bravas,1
2025-03-09T13:37:00,Patatas Bravas,1
2025-03-09T13:37:00,Tortilla Española,1
2025-03-09T13:37:00,Seafood Paella (for 2),1
2025-03-09T13:37:00,House Red Wine,1
2025-03-09T13:37:00,House Red Wine,1
2025-03-09T13:37:00,Crema Catalana,1
2025-03-09T13:37:00,Crema Catalana,1
2025-03-09T13:37:00,Tortilla Española,1
2025-03-09T13:37:00,Patatas Bravas,1
2025-03-09T13:37:00,Patatas Bravas,1
2025-03-09T13:37:00,Tortilla Española,1
2025-03-09T13:37:00,Seafood Paella (for 2),1
2025-03-09T13:37:00,House Red Wine,1
2025-03-09T13:37:00,Mineral Water,1
2025-03-09T13:37:00,House Red Wine,1
2025-03-09T13:44:00,Patatas Bravas,1
2025-03-09T13:44:00,Patatas Bravas,1
2025-03-09T13:44:00,Tortilla Española,1
2025-03-09T13:44:00,Seafood Paella (for 2),1
2025-03-09T13:44:00,House Red Wine,1
2025-03-09T13:44:00,House Red Wine,1
2025-03-09T13:44:00,Crema Catalana,1
2025-03-09T13:44:00,Crema Catalana,1
2025-03-09T13:48:00,Patatas Bravas,1
2025-03-09T13:48:00,Tortilla Española,1
2025-03-09T13:48:00,Tortilla Española,1
2025-03-09T13:48:00,Mineral Water,1
2025-03-09T13:48:00,Mineral Water,1
2025-03-09T13:48:00,Crema Catalana,1
2025-03-09T13:48:00,Crema Catalana,1
2025-03-09T13:52:00,Tortilla Española,1
2025-03-09T13:52:00,Patatas Bravas,1
2025-03-09T13:52:00,Patatas Bravas,1
2025-03-09T13:52:00,Mineral Water,1
2025-03-09T13:52:00,Mineral Water,1
2025-03-09T13:52:00,Crema Catalana,1
2025-03-09T13:52:00,Crema Catalana,1
2025-03-09T13:54:00,Patatas Bravas,1
2025-03-09T13:54:00,Tortilla Española,1
2025-03-09T13:54:00,Patatas Bravas,1
2025-03-09T13:54:00,Seafood Paella (for 2),1
2025-03-09T13:54:00,House Red Wine,1
2025-03-09T13:54:00,Mineral Water,1
2025-03-09T14:05:00,Patatas Bravas,1
2025-03-09T14:05:00,Tortilla Española,1
2025-03-09T14:05:00,Tortilla Española,1
2025-03-09T14:05:00,House Red Wine,1
2025-03-09T14:05:00,House Red Wine,1
2025-03-09T14:05:00,Crema Catalana,1
2025-03-09T14:06:00,Tortilla Española,1
2025-03-09T14:06:00,Tortilla Española,1
2025-03-09T14:06:00,Tortilla Española,1
2025-03-09T14:06:00,Mineral Water,1
2025-03-09T14:06:00,House Red Wine,1
2025-03-09T14:08:00,Patatas Bravas,1
2025-03-09T14:08:00,Tortilla Española,1
2025-03-09T14:08:00,Tortilla Española,1
2025-03-09T14:08:00,Mineral Water,1
2025-03-09T14:08:00,Mineral Water,1
2025-03-09T14:08:00,Crema Catalana,1
2025-03-09T14:10:00,Tortilla Española,1
2025-03-09T14:10:00,Patatas Bravas,1
2025-03-09T14:10:00,Patatas Bravas,1
2025-03-09T14:10:00,House Red Wine,1
2025-03-09T14:10:00,House Red Wine,1
2025-03-09T14:24:00,Patatas Bravas,1
2025-03-09T14:24:00,House Red Wine,1
2025-03-09T20:34:00,Tortilla Española,1
2025-03-09T20:34:00,House Red Wine,1
2025-03-10T13:43:00,Menu del Día,2
2025-03-10T14:00:00,Seafood Paella (for 2),1
2025-03-10T14:02:00,Menu del Día,2
2025-03-10T14:03:00,Menu del Día,2
2025-03-10T14:10:00,Menu del Día,1
2025-03-10T14:14:00,Menu del Día,1
2025-03-10T14:17:00,Seafood Paella (for 2),1
2025-03-10T14:17:00,Seafood Paella (for 2),1
2025-03-10T14:19:00,Menu del Día,1
2025-03-10T14:19:00,Seafood Paella (for 2),1
2025-03-10T14:19:00,Seafood Paella (for 2),1
2025-03-10T14:20:00,Menu del Día,1
2025-03-10T14:29:00,Menu del Día,2
2025-03-10T14:32:00,Menu del Día,1
2025-03-10T14:36:00,Seafood Paella (for 2),1
2025-03-10T14:37:00,Menu del Día,2
2025-03-10T14:38:00,Menu del Día,2
2025-03-10T14:44:00,Menu del Día,2
2025-03-10T14:47:00,Menu del Día,1
2025-03-10T14:50:00,Menu del Día,1
2025-03-10T14:56:00,Menu del Día,2
2025-03-10T14:56:00,Seafood Paella (for 2),1
2025-03-10T14:56:00,Menu del Día,1
2025-03-10T14:59:00,Menu del Día,1
2025-03-10T14:59:00,Seafood Paella (for 2),1
2025-03-10T14:59:00,Menu del Día,1
2025-03-10T14:59:00,Seafood Paella (for 2),1
2025-03-10T15:00:00,Seafood Paella (for 2),1
2025-03-10T15:01:00,Menu del Día,2
2025-03-10T15:05:00,Menu del Día,1
2025-03-10T15:05:00,Seafood Paella (for 2),1
2025-03-10T15:05:00,Seafood Paella (for 2),1
2025-03-10T15:09:00,Menu del Día,1
2025-03-10T15:22:00,Menu del Día,1
2025-03-10T15:24:00,Menu del Día,2
2025-03-10T15:28:00,Menu del Día,3
2025-03-10T15:28:00,Seafood Paella (for 2),1
2025-03-10T15:30:00,Menu del Día,1
2025-03-10T15:31:00,Menu del Día,4
2025-03-10T15:32:00,Menu del Día,2
2025-03-10T15:52:00,Menu del Día,1
2025-03-10T15:52:00,Seafood Paella (for 2),1
2025-03-10T16:11:00,Menu del Día,1
2025-03-10T16:11:00,Seafood Paella (for 2),1
2025-03-10T20:01:00,Patatas Bravas,1
2025-03-10T20:01:00,Tortilla Española,1
2025-03-10T20:01:00,Tortilla Española,1
2025-03-10T20:01:00,Tortilla Española,1
2025-03-10T20:01:00,Patatas Bravas,1
2025-03-10T20:01:00,Patatas Bravas,1
2025-03-10T20:01:00,Seafood Paella (for 2),1
2025-03-10T20:01:00,House Red Wine,1
2025-03-10T20:01:00,Mineral Water,1
2025-03-10T20:01:00,Mineral Water,1
2025-03-10T20:01:00,House Red Wine,1
2025-03-10T20:01:00,Crema Catalana,1
2025-03-10T20:01:00,Crema Catalana,1
2025-03-10T20:01:00,Crema Catalana,1
2025-03-10T20:01:00,Crema Catalana,1
2025-03-10T20:22:00,Patatas Bravas,1
2025-03-10T20:22:00,Patatas Bravas,1
2025-03-10T20:22:00,Patatas Bravas,1
2025-03-10T20:22:00,Mineral Water,1
2025-03-10T20:22:00,Mineral Water,1
2025-03-10T21:17:00,Patatas Bravas,1
2025-03-10T21:17:00,Tortilla Española,1
2025-03-10T21:17:00,Patatas Bravas,1
2025-03-10T21:17:00,House Red Wine,1
2025-03-10T21:17:00,Mineral Water,1
2025-03-10T21:25:00,Tortilla Española,1
2025-03-10T21:25:00,Tortilla Española,1
2025-03-10T21:25:00,Patatas Bravas,1
2025-03-10T21:25:00,Patatas Bravas,1
2025-03-10T21:25:00,House Red Wine,1
2025-03-10T21:25:00,House Red Wine,1
2025-03-10T21:25:00,House Red Wine,1
2025-03-10T21:29:00,Patatas Bravas,1
2025-03-10T21:29:00,Patatas Bravas,1
2025-03-10T21:29:00,Tortilla Española,1
2025-03-10T21:29:00,Patatas Bravas,1
2025-03-10T21:29:00,Patatas Bravas,1
2025-03-10T21:29:00,Tortilla Española,1
2025-03-10T21:29:00,Mineral Water,1
2025-03-10T21:29:00,Mineral Water,1
2025-03-10T21:29:00,House Red Wine,1
2025-03-10T21:29:00,House Red Wine,1
2025-03-10T21:43:00,Tortilla Española,1
2025-03-10T21:43:00,Patatas Bravas,1
2025-03-10T21:43:00,Patatas Bravas,1
2025-03-10T21:43:00,Mineral Water,1
2025-03-10T21:43:00,Mineral Water,1
2025-03-10T21:57:00,Tortilla Española,1
2025-03-10T21:57:00,Patatas Bravas,1
2025-03-10T21:57:00,Tortilla Española,1
2025-03-10T21:57:00,House Red Wine,1
2025-03-10T21:57:00,House Red Wine,1
2025-03-10T22:01:00,Tortilla Española,1
2025-03-10T22:01:00,Patatas Bravas,1
2025-03-10T22:01:00,Tortilla Española,1
2025-03-10T22:01:00,House Red Wine,1
2025-03-10T22:01:00,Mineral Water,1
2025-03-10T22:09:00,Tortilla Española,1
2025-03-10T22:09:00,Tortilla Española,1
2025-03-10T22:09:00,Patatas Bravas,1
2025-03-10T22:09:00,Seafood Paella (for 2),1
2025-03-10T22:09:00,House Red Wine,1
2025-03-10T22:09:00,Mineral Water,1
2025-03-10T22:10:00,Tortilla Española,1
2025-03-10T22:10:00,Mineral Water,1
2025-03-10T22:10:00,Crema Catalana,1
2025-03-10T22:15:00,Tortilla Española,1
2025-03-10T22:15:00,Patatas Bravas,1
2025-03-10T22:15:00,Tortilla Española,1
2025-03-10T22:15:00,Tortilla Española,1
2025-03-10T22:15:00,Seafood Paella (for 2),1
2025-03-10T22:15:00,House Red Wine,1
2025-03-10T22:15:00,Mineral Water,1
2025-03-10T22:15:00,Mineral Water,1
2025-03-10T22:15:00,Crema Catalana,1
2025-03-10T22:15:00,Crema Catalana,1
2025-03-10T22:15:00,Crema Catalana,1
2025-03-10T22:18:00,Patatas Bravas,1
2025-03-10T22:18:00,Tortilla Española,1
2025-03-10T22:18:00,Patatas Bravas,1
2025-03-10T22:18:00,Seafood Paella (for 2),1
2025-03-10T22:18:00,House Red Wine,1
2025-03-10T22:18:00,House Red Wine,1
2025-03-10T22:18:00,Crema Catalana,1
2025-03-11T13:00:00,Seafood Paella (for 2),1
2025-03-11T13:10:00,Menu del Día,1
2025-03-11T13:10:00,Seafood Paella (for 2),1
2025-03-11T13:10:00,Seafood Paella (for 2),1
2025-03-11T13:10:00,Seafood Paella (for 2),1
2025-03-11T13:19:00,Menu del Día,2
2025-03-11T13:26:00,Menu del Día,1
2025-03-11T13:26:00,Seafood Paella (for 2),1
2025-03-11T13:29:00,Menu del Día,1
2025-03-11T13:29:00,Seafood Paella (for 2),1
2025-03-11T13:33:00,Menu del Día,2
2025-03-11T13:35:00,Menu del Día,1
2025-03-11T13:35:00,Seafood Paella (for 2),1
2025-03-11T13:38:00,Seafood Paella (for 2),1
2025-03-11T13:38:00,Seafood Paella (for 2),1
2025-03-11T13:38:00,Seafood Paella (for 2),1
2025-03-11T13:46:00,Menu del Día,2
2025-03-11T13:51:00,Menu del Día,3
2025-03-11T13:51:00,Seafood Paella (for 2),1
2025-03-11T13:53:00,Menu del Día,1
2025-03-11T13:53:00,Seafood Paella (for 2),1
2025-03-11T14:00:00,Menu del Día,1
2025-03-11T14:00:00,Seafood Paella (for 2),1
2025-03-11T14:01:00,Menu del Día,2
2025-03-11T14:02:00,Menu del Día,2
2025-03-11T14:03:00,Menu del Día,1
2025-03-11T14:03:00,Seafood Paella (for 2),1
2025-03-11T14:05:00,Menu del Día,1
2025-03-11T14:06:00,Menu del Día,2
2025-03-11T14:07:00,Menu del Día,1
2025-03-11T14:07:00,Seafood Paella (for 2),1
2025-03-11T14:09:00,Menu del Día,2
2025-03-11T14:14:00,Menu del Día,1
2025-03-11T14:14:00,Seafood Paella (for 2),1
2025-03-11T14:18:00,Seafood Paella (for 2),1
2025-03-11T14:18:00,Menu del Día,2
2025-03-11T14:19:00,Menu del Día,2
2025-03-11T14:20:00,Menu del Día,3
2025-03-11T14:20:00,Menu del Día,2
2025-03-11T14:20:00,Seafood Paella (for 2),1
2025-03-11T14:21:00,Menu del Día,1
2025-03-11T14:23:00,Menu del Día,1
2025-03-11T14:23:00,Seafood Paella (for 2),1
2025-03-11T14:27:00,Menu del Día,1
2025-03-11T14:30:00,Menu del Día,1
2025-03-11T14:31:00,Menu del Día,1
2025-03-11T14:34:00,Menu del Día,2
2025-03-11T14:35:00,Menu del Día,1
2025-03-11T14:36:00,Menu del Día,1
2025-03-11T14:36:00,Seafood Paella (for 2),1
2025-03-11T14:37:00,Menu del Día,1
2025-03-11T14:46:00,Menu del Día,1
2025-03-11T14:51:00,Menu del Día,1
2025-03-11T14:51:00,Seafood Paella (for 2),1
2025-03-11T14:53:00,Menu del Día,2
2025-03-11T14:57:00,Menu del Día,1
2025-03-11T14:57:00,Seafood Paella (for 2),1
2025-03-11T14:58:00,Menu del Día,2
2025-03-11T15:01:00,Seafood Paella (for 2),1
2025-03-11T15:08:00,Menu del Día,2
2025-03-11T15:11:00,Menu del Día,2
2025-03-11T15:16:00,Seafood Paella (for 2),1
2025-03-11T15:16:00,Seafood Paella (for 2),1
2025-03-11T15:25:00,Menu del Día,1
2025-03-11T15:29:00,Menu del Día,3
2025-03-11T15:32:00,Menu del Día,1
2025-03-11T15:32:00,Menu del Día,1
2025-03-11T15:37:00,Seafood Paella (for 2),1
2025-03-11T15:38:00,Menu del Día,2
2025-03-11T15:41:00,Menu del Día,2
2025-03-11T15:44:00,Menu del Día,3
2025-03-11T15:46:00,Seafood Paella (for 2),1
2025-03-11T15:54:00,Menu del Día,3
2025-03-11T15:57:00,Menu del Día,1
2025-03-11T16:04:00,Seafood Paella (for 2),1
2025-03-11T16:04:00,Seafood Paella (for 2),1
2025-03-11T16:12:00,Seafood Paella (for 2),1
2025-03-11T16:20:00,Menu del Día,2
2025-03-11T16:27:00,Menu del Día,2
2025-03-11T16:32:00,Seafood Paella (for 2),1
2025-03-11T16:32:00,Seafood Paella (for 2),1
2025-03-11T16:52:00,Menu del Día,2
2025-03-11T20:03:00,Tortilla Española,1
2025-03-11T20:03:00,Patatas Bravas,1
2025-03-11T20:03:00,Tortilla Española,1
2025-03-11T20:03:00,Patatas Bravas,1
2025-03-11T20:03:00,Mineral Water,1
2025-03-11T20:03:00,House Red Wine,1
2025-03-11T20:03:00,House Red Wine,1
2025-03-11T20:12:00,Tortilla Española,1
2025-03-11T20:12:00,Tortilla Española,1
2025-03-11T20:12:00,Tortilla Española,1
2025-03-11T20:12:00,Patatas Bravas,1
2025-03-11T20:12:00,Tortilla Española,1
2025-03-11T20:12:00,Patatas Bravas,1
2025-03-11T20:12:00,Mineral Water,1
2025-03-11T20:12:00,House Red Wine,1
2025-03-11T20:12:00,Mineral Water,1
2025-03-11T20:12:00,Mineral Water,1
2025-03-11T20:12:00,Crema Catalana,1
2025-03-11T20:12:00,Crema Catalana,1
2025-03-11T20:12:00,Patatas Bravas,1
2025-03-11T20:12:00,Patatas Bravas,1
2025-03-11T20:12:00,Tortilla Española,1
2025-03-11T20:12:00,Seafood Paella (for 2),1
2025-03-11T20:12:00,Mineral Water,1
2025-03-11T20:12:00,Mineral Water,1
2025-03-11T20:12:00,Crema Catalana,1
2025-03-11T20:15:00,Tortilla Española,1
2025-03-11T20:15:00,Patatas Bravas,1
2025-03-11T20:15:00,Tortilla Española,1
2025-03-11T20:15:00,House Red Wine,1
2025-03-11T20:15:00,House Red Wine,1
2025-03-11T20:15:00,Crema Catalana,1
2025-03-12T13:01:00,Menu del Día,2
2025-03-12T13:02:00,Seafood Paella (for 2),1
2025-03-12T13:02:00,Menu del Día,3
2025-03-12T13:03:00,Menu del Día,2
2025-03-12T13:04:00,Menu del Día,2
2025-03-12T13:07:00,Menu del Día,1
2025-03-12T13:07:00,Seafood Paella (for 2),1
2025-03-12T13:10:00,Menu del Día,2
2025-03-12T13:10:00,Seafood Paella (for 2),1
2025-03-12T13:10:00,Seafood Paella (for 2),1
2025-03-12T13:39:00,Seafood Paella (for 2),1
2025-03-12T13:47:00,Menu del Día,1
2025-03-12T13:47:00,Seafood Paella (for 2),1
2025-03-12T13:53:00,Menu del Día,2
2025-03-12T14:00:00,Menu del Día,3
2025-03-12T14:00:00,Seafood Paella (for 2),1
2025-03-12T14:07:00,Seafood Paella (for 2),1
2025-03-12T14:07:00,Seafood Paella (for 2),1
2025-03-12T14:08:00,Menu del Día,2
2025-03-12T14:11:00,Menu del Día,1
2025-03-12T14:13:00,Menu del Día,2
2025-03-12T14:14:00,Menu del Día,1
2025-03-12T14:18:00,Menu del Día,1
2025-03-12T14:18:00,Seafood Paella (for 2),1
2025-03-12T14:18:00,Menu del Día,2
2025-03-12T14:23:00,Menu del Día,1
2025-03-12T14:24:00,Menu del Día,1
2025-03-12T14:24:00,Seafood Paella (for 2),1
2025-03-12T14:25:00,Menu del Día,3
2025-03-12T14:25:00,Menu del Día,1
2025-03-12T14:25:00,Seafood Paella (for 2),1
2025-03-12T14:26:00,Menu del Día,3
2025-03-12T14:26:00,Seafood Paella (for 2),1
2025-03-12T14:26:00,Menu del Día,1
2025-03-12T14:30:00,Menu del Día,2
2025-03-12T14:34:00,Menu del Día,1
2025-03-12T14:37:00,Menu del Día,1
2025-03-12T14:37:00,Seafood Paella (for 2),1
2025-03-12T14:38:00,Menu del Día,2
2025-03-12T14:45:00,Menu del Día,2
2025-03-12T14:55:00,Seafood Paella (for 2),1
2025-03-12T14:59:00,Menu del Día,2
2025-03-12T15:01:00,Menu del Día,1
2025-03-12T15:01:00,Menu del Día,1
2025-03-12T15:01:00,Seafood Paella (for 2),1
2025-03-12T15:02:00,Menu del Día,1
2025-03-12T15:05:00,Menu del Día,1
2025-03-12T15:05:00,Seafood Paella (for 2),1
2025-03-12T15:14:00,Menu del Día,2
2025-03-12T15:18:00,Menu del Día,1
2025-03-12T15:18:00,Seafood Paella (for 2),1
2025-03-12T15:20:00,Menu del Día,3
2025-03-12T15:26:00,Seafood Paella (for 2),1
2025-03-12T15:29:00,Menu del Día,1
2025-03-12T15:29:00,Menu del Día,1
2025-03-12T15:31:00,Menu del Día,2
2025-03-12T15:31:00,Menu del Día,1
2025-03-12T15:44:00,Menu del Día,2
2025-03-12T15:48:00,Menu del Día,2
2025-03-12T15:50:00,Menu del Día,4
2025-03-12T15:55:00,Menu del Día,1
2025-03-12T15:56:00,Seafood Paella (for 2),1
2025-03-12T15:56:00,Seafood Paella (for 2),1
2025-03-12T15:56:00,Seafood Paella (for 2),1
2025-03-12T15:59:00,Menu del Día,2
2025-03-12T16:03:00,Menu del Día,2
2025-03-12T16:12:00,Menu del Día,1
2025-03-12T16:12:00,Seafood Paella (for 2),1
2025-03-12T16:13:00,Seafood Paella (for 2),1
2025-03-12T16:16:00,Menu del Día,1
2025-03-12T16:20:00,Menu del Día,2
2025-03-12T16:22:00,Menu del Día,2
2025-03-12T16:23:00,Menu del Día,1
2025-03-12T16:23:00,Seafood Paella (for 2),1
2025-03-12T16:23:00,Seafood Paella (for 2),1
2025-03-12T16:31:00,Seafood Paella (for 2),1
2025-03-12T16:39:00,Menu del Día,1
2025-03-12T16:39:00,Seafood Paella (for 2),1
2025-03-12T16:43:00,Menu del Día,1
2025-03-12T16:45:00,Menu del Día,1
2025-03-12T16:51:00,Menu del Día,2
2025-03-12T16:51:00,Seafood Paella (for 2),1
2025-03-12T16:52:00,Seafood Paella (for 2),1
2025-03-12T16:53:00,Seafood Paella (for 2),1
2025-03-12T16:54:00,Menu del Día,1
2025-03-12T16:54:00,Seafood Paella (for 2),1
2025-03-12T16:54:00,Menu del Día,1
2025-03-12T16:54:00,Seafood Paella (for 2),1
2025-03-12T16:56:00,Menu del Día,1
2025-03-12T16:56:00,Seafood Paella (for 2),1
2025-03-12T16:58:00,Seafood Paella (for 2),1
2025-03-12T20:10:00,Patatas Bravas,1
2025-03-12T20:10:00,House Red Wine,1
2025-03-12T20:11:00,Patatas Bravas,1
2025-03-12T20:11:00,House Red Wine,1
2025-03-12T20:11:00,Crema Catalana,1
2025-03-12T20:14:00,Tortilla Española,1
2025-03-12T20:14:00,Patatas Bravas,1
2025-03-12T20:14:00,Patatas Bravas,1
2025-03-12T20:14:00,Patatas Bravas,1
2025-03-12T20:14:00,Seafood Paella (for 2),1
2025-03-12T20:14:00,House Red Wine,1
2025-03-12T20:14:00,House Red Wine,1
2025-03-12T20:14:00,Mineral Water,1
2025-03-12T21:00:00,Patatas Bravas,1
2025-03-12T21:00:00,Tortilla Española,1
2025-03-12T21:00:00,Tortilla Española,1
2025-03-12T21:00:00,Seafood Paella (for 2),1
2025-03-12T21:00:00,Mineral Water,1
2025-03-12T21:00:00,House Red Wine,1
2025-03-13T13:00:00,Menu del Día,1
2025-03-13T13:01:00,Menu del Día,1
2025-03-13T13:02:00,Menu del Día,2
2025-03-13T13:04:00,Menu del Día,3
2025-03-13T13:04:00,Seafood Paella (for 2),1
2025-03-13T13:04:00,Menu del Día,1
2025-03-13T13:04:00,Seafood Paella (for 2),1
2025-03-13T13:05:00,Menu del Día,2
2025-03-13T13:07:00,Menu del Día,2
2025-03-13T13:08:00,Menu del Día,2
2025-03-13T13:08:00,Seafood Paella (for 2),1
2025-03-13T13:08:00,Menu del Día,1
2025-03-13T13:08:00,Seafood Paella (for 2),1
2025-03-13T13:11:00,Menu del Día,2
2025-03-13T13:12:00,Menu del Día,2
2025-03-13T13:12:00,Seafood Paella (for 2),1
2025-03-13T13:13:00,Menu del Día,1
2025-03-13T13:13:00,Seafood Paella (for 2),1
2025-03-13T13:14:00,Menu del Día,2
2025-03-13T13:17:00,Menu del Día,2
2025-03-13T13:17:00,Menu del Día,1
2025-03-13T13:23:00,Menu del Día,1
2025-03-13T13:24:00,Seafood Paella (for 2),1
2025-03-13T13:25:00,Menu del Día,1
2025-03-13T13:25:00,Seafood Paella (for 2),1
2025-03-13T13:32:00,Menu del Día,2
2025-03-13T13:33:00,Menu del Día,2
2025-03-13T13:33:00,Menu del Día,2
2025-03-13T13:37:00,Seafood Paella (for 2),1
2025-03-13T13:37:00,Seafood Paella (for 2),1
2025-03-13T13:37:00,Seafood Paella (for 2),1
2025-03-13T13:38:00,Menu del Día,2
2025-03-13T13:38:00,Menu del Día,1
2025-03-13T13:38:00,Seafood Paella (for 2),1
2025-03-13T13:41:00,Menu del Día,2
2025-03-13T13:41:00,Seafood Paella (for 2),1
2025-03-13T13:47:00,Menu del Día,1
2025-03-13T13:48:00,Menu del Día,1
2025-03-13T13:48:00,Seafood Paella (for 2),1
2025-03-13T13:50:00,Seafood Paella (for 2),1
2025-03-13T13:53:00,Menu del Día,1
2025-03-13T13:54:00,Menu del Día,2
2025-03-13T13:54:00,Seafood Paella (for 2),1
2025-03-13T14:07:00,Menu del Día,3
2025-03-13T14:07:00,Menu del Día,1
2025-03-13T14:13:00,Menu del Día,2
2025-03-13T14:13:00,Menu del Día,1
2025-03-13T14:17:00,Menu del Día,1
2025-03-13T14:17:00,Seafood Paella (for 2),1
2025-03-13T14:29:00,Menu del Día,2
2025-03-13T14:32:00,Menu del Día,1
2025-03-13T14:33:00,Seafood Paella (for 2),1
2025-03-13T14:36:00,Menu del Día,2
2025-03-13T14:37:00,Menu del Día,2
2025-03-13T14:37:00,Menu del Día,1
2025-03-13T14:40:00,Menu del Día,1
2025-03-13T14:42:00,Seafood Paella (for 2),1
2025-03-13T14:44:00,Menu del Día,1
2025-03-13T14:44:00,Seafood Paella (for 2),1
2025-03-13T14:45:00,Menu del Día,1
2025-03-13T14:50:00,Menu del Día,1
2025-03-13T14:51:00,Menu del Día,1
2025-03-13T14:51:00,Seafood Paella (for 2),1
2025-03-13T14:52:00,Menu del Día,4
2025-03-13T14:53:00,Menu del Día,2
2025-03-13T14:54:00,Seafood Paella (for 2),1
2025-03-13T15:00:00,Menu del Día,1
2025-03-13T15:00:00,Seafood Paella (for 2),1
2025-03-13T15:00:00,Seafood Paella (for 2),1
2025-03-13T15:00:00,Seafood Paella (for 2),1
2025-03-13T15:36:00,Menu del Día,1
2025-03-13T16:00:00,Menu del Día,2
2025-03-13T16:00:00,Seafood Paella (for 2),1
2025-03-13T16:05:00,Menu del Día,2
2025-03-13T16:09:00,Menu del Día,1
2025-03-13T16:09:00,Seafood Paella (for 2),1
2025-03-13T16:10:00,Menu del Día,2
2025-03-13T16:10:00,Seafood Paella (for 2),1
2025-03-13T16:31:00,Menu del Día,2
2025-03-13T16:31:00,Seafood Paella (for 2),1
2025-03-13T16:31:00,Seafood Paella (for 2),1
2025-03-13T16:36:00,Menu del Día,1
2025-03-13T16:36:00,Seafood Paella (for 2),1
2025-03-13T16:36:00,Seafood Paella (for 2),1
2025-03-13T16:40:00,Menu del Día,2
2025-03-13T16:42:00,Seafood Paella (for 2),1
2025-03-13T16:42:00,Seafood Paella (for 2),1
2025-03-13T16:54:00,Menu del Día,3
2025-03-13T16:54:00,Seafood Paella (for 2),1
2025-03-13T20:00:00,Patatas Bravas,1
2025-03-13T20:00:00,Patatas Bravas,1
2025-03-13T20:00:00,Tortilla Española,1
2025-03-13T20:00:00,Tortilla Española,1
2025-03-13T20:00:00,Seafood Paella (for 2),1
2025-03-13T20:00:00,Mineral Water,1
2025-03-13T20:00:00,Mineral Water,1
2025-03-13T20:00:00,House Red Wine,1
2025-03-13T20:00:00,Crema Catalana,1
2025-03-13T20:01:00,Tortilla Española,1
2025-03-13T20:01:00,Patatas Bravas,1
2025-03-13T20:01:00,Tortilla Española,1
2025-03-13T20:01:00,House Red Wine,1
2025-03-13T20:01:00,Mineral Water,1
2025-03-13T20:01:00,Crema Catalana,1
2025-03-13T20:01:00,Crema Catalana,1
2025-03-13T20:06:00,Patatas Bravas,1
2025-03-13T20:06:00,Tortilla Española,1
2025-03-13T20:06:00,Tortilla Española,1
2025-03-13T20:06:00,Mineral Water,1
2025-03-13T20:06:00,Mineral Water,1
2025-03-13T20:08:00,Patatas Bravas,1
2025-03-13T20:08:00,House Red Wine,1
2025-03-13T20:10:00,Tortilla Española,1
2025-03-13T20:10:00,Patatas Bravas,1
2025-03-13T20:10:00,Patatas Bravas,1
2025-03-13T20:10:00,Patatas Bravas,1
2025-03-13T20:10:00,House Red Wine,1
2025-03-13T20:10:00,House Red Wine,1
2025-03-13T20:10:00,Mineral Water,1
2025-03-13T20:10:00,Crema Catalana,1
2025-03-13T20:10:00,Crema Catalana,1
2025-03-13T20:10:00,Crema Catalana,1
2025-03-13T20:14:00,Tortilla Española,1
2025-03-13T20:14:00,Patatas Bravas,1
2025-03-13T20:14:00,Patatas Bravas,1
2025-03-13T20:14:00,Tortilla Española,1
2025-03-13T20:14:00,Tortilla Española,1
2025-03-13T20:14:00,Tortilla Española,1
2025-03-13T20:14:00,House Red Wine,1
2025-03-13T20:14:00,Mineral Water,1
2025-03-13T20:14:00,Mineral Water,1
2025-03-13T20:14:00,House Red Wine,1
2025-03-13T20:14:00,Crema Catalana,1
2025-03-13T20:14:00,Crema Catalana,1
2025-03-13T20:19:00,Tortilla Española,1
2025-03-13T20:19:00,Patatas Bravas,1
2025-03-13T20:19:00,Tortilla Española,1
2025-03-13T20:19:00,Tortilla Española,1
2025-03-13T20:19:00,House Red Wine,1
2025-03-13T20:19:00,Mineral Water,1
2025-03-13T20:19:00,Mineral Water,1
2025-03-13T20:19:00,Crema Catalana,1
2025-03-13T20:19:00,Crema Catalana,1
2025-03-13T20:20:00,Tortilla Española,1
2025-03-13T20:20:00,Tortilla Española,1
2025-03-13T20:20:00,Patatas Bravas,1
2025-03-13T20:20:00,Tortilla Española,1
2025-03-13T20:20:00,Tortilla Española,1
2025-03-13T20:20:00,Tortilla Española,1
2025-03-13T20:20:00,Seafood Paella (for 2),1
2025-03-13T20:20:00,Mineral Water,1
2025-03-13T20:20:00,Mineral Water,1
2025-03-13T20:20:00,Mineral Water,1
2025-03-13T20:20:00,Mineral Water,1
2025-03-13T20:21:00,Tortilla Española,1
2025-03-13T20:21:00,Patatas Bravas,1
2025-03-13T20:21:00,Tortilla Española,1
2025-03-13T20:21:00,Mineral Water,1
2025-03-13T20:21:00,Mineral Water,1
2025-03-13T20:32:00,Patatas Bravas,1
2025-03-13T20:32:00,Tortilla Española,1
2025-03-13T20:32:00,Patatas Bravas,1
2025-03-13T20:32:00,Patatas Bravas,1
2025-03-13T20:32:00,Seafood Paella (for 2),1
2025-03-13T20:32:00,Mineral Water,1
2025-03-13T20:32:00,House Red Wine,1
2025-03-13T20:32:00,Mineral Water,1
2025-03-13T20:42:00,Tortilla Española,1
2025-03-13T20:42:00,Patatas Bravas,1
2025-03-13T20:42:00,Patatas Bravas,1
2025-03-13T20:42:00,Tortilla Española,1
2025-03-13T20:42:00,Mineral Water,1
2025-03-13T20:42:00,Mineral Water,1
2025-03-13T20:42:00,House Red Wine,1
2025-03-13T21:04:00,Tortilla Española,1
2025-03-13T21:04:00,Patatas Bravas,1
2025-03-13T21:04:00,Tortilla Española,1
2025-03-13T21:04:00,House Red Wine,1
2025-03-13T21:04:00,Mineral Water,1
2025-03-13T21:04:00,Crema Catalana,1
2025-03-13T21:55:00,Tortilla Española,1
2025-03-13T21:55:00,House Red Wine,1
2025-03-13T21:55:00,Crema Catalana,1
2025-03-14T13:16:00,Tortilla Española,1
2025-03-14T13:16:00,Patatas Bravas,1
2025-03-14T13:16:00,Patatas Bravas,1
2025-03-14T13:16:00,House Red Wine,1
2025-03-14T13:16:00,Mineral Water,1
2025-03-14T13:16:00,Crema Catalana,1
2025-03-14T13:16:00,Crema Catalana,1
2025-03-14T13:16:00,Tortilla Española,1
2025-03-14T13:16:00,Patatas Bravas,1
2025-03-14T13:16:00,Patatas Bravas,1
2025-03-14T13:16:00,House Red Wine,1
2025-03-14T13:16:00,House Red Wine,1
2025-03-14T13:19:00,Patatas Bravas,1
2025-03-14T13:19:00,Patatas Bravas,1
2025-03-14T13:19:00,Patatas Bravas,1
2025-03-14T13:19:00,Tortilla Española,1
2025-03-14T13:19:00,Patatas Bravas,1
2025-03-14T13:19:00,Tortilla Española,1
2025-03-14T13:19:00,House Red Wine,1
2025-03-14T13:19:00,House Red Wine,1
2025-03-14T13:19:00,Mineral Water,1
2025-03-14T13:19:00,Mineral Water,1
2025-03-14T13:20:00,Patatas Bravas,1
2025-03-14T13:20:00,Tortilla Española,1
2025-03-14T13:20:00,Tortilla Española,1
2025-03-14T13:20:00,Mineral Water,1
2025-03-14T13:20:00,House Red Wine,1
2025-03-14T13:20:00,Crema Catalana,1
2025-03-14T13:23:00,Tortilla Española,1
2025-03-14T13:23:00,Tortilla Española,1
2025-03-14T13:23:00,Patatas Bravas,1
2025-03-14T13:23:00,Seafood Paella (for 2),1
2025-03-14T13:23:00,Mineral Water,1
2025-03-14T13:23:00,Mineral Water,1
2025-03-14T13:24:00,Tortilla Española,1
2025-03-14T13:24:00,Patatas Bravas,1
2025-03-14T13:24:00,Tortilla Española,1
2025-03-14T13:24:00,House Red Wine,1
2025-03-14T13:24:00,House Red Wine,1
2025-03-14T13:24:00,Crema Catalana,1
2025-03-14T13:28:00,Tortilla Española,1
2025-03-14T13:28:00,Patatas Bravas,1
2025-03-14T13:28:00,Patatas Bravas,1
2025-03-14T13:28:00,House Red Wine,1
2025-03-14T13:28:00,House Red Wine,1
2025-03-14T13:28:00,Crema Catalana,1
2025-03-14T13:29:00,Tortilla Española,1
2025-03-14T13:29:00,Tortilla Española,1
2025-03-14T13:29:00,Tortilla Española,1
2025-03-14T13:29:00,Tortilla Española,1
2025-03-14T13:29:00,Seafood Paella (for 2),1
2025-03-14T13:29:00,Mineral Water,1
2025-03-14T13:29:00,House Red Wine,1
2025-03-14T13:29:00,Mineral Water,1
2025-03-14T13:29:00,Crema Catalana,1
2025-03-14T13:41:00,Patatas Bravas,1
2025-03-14T13:41:00,Patatas Bravas,1
2025-03-14T13:41:00,Tortilla Española,1
2025-03-14T13:41:00,Patatas Bravas,1
2025-03-14T13:41:00,Mineral Water,1
2025-03-14T13:41:00,House Red Wine,1
2025-03-14T13:41:00,Mineral Water,1
2025-03-14T13:56:00,Tortilla Española,1
2025-03-14T13:56:00,Patatas Bravas,1
2025-03-14T13:56:00,Tortilla Española,1
2025-03-14T13:56:00,Tortilla Española,1
2025-03-14T13:56:00,House Red Wine,1
2025-03-14T13:56:00,House Red Wine,1
2025-03-14T13:56:00,House Red Wine,1
2025-03-14T14:11:00,Tortilla Española,1
2025-03-14T14:11:00,Tortilla Española,1
2025-03-14T14:11:00,Tortilla Española,1
2025-03-14T14:11:00,Tortilla Española,1
2025-03-14T14:11:00,Tortilla Española,1
2025-03-14T14:11:00,Patatas Bravas,1
2025-03-14T14:11:00,House Red Wine,1
2025-03-14T14:11:00,Mineral Water,1
2025-03-14T14:11:00,Mineral Water,1
2025-03-14T14:11:00,House Red Wine,1
2025-03-14T14:12:00,Patatas Bravas,1
2025-03-14T14:12:00,Patatas Bravas,1
2025-03-14T14:12:00,Patatas Bravas,1
2025-03-14T14:12:00,Mineral Water,1
2025-03-14T14:12:00,House Red Wine,1
2025-03-14T14:12:00,Patatas Bravas,1
2025-03-14T14:12:00,Tortilla Española,1
2025-03-14T14:12:00,Patatas Bravas,1
2025-03-14T14:12:00,Patatas Bravas,1
2025-03-14T14:12:00,Seafood Paella (for 2),1
2025-03-14T14:12:00,Mineral Water,1
2025-03-14T14:12:00,House Red Wine,1
2025-03-14T14:12:00,Mineral Water,1
2025-03-14T14:13:00,Tortilla Española,1
2025-03-14T14:13:00,House Red Wine,1
2025-03-14T14:14:00,Tortilla Española,1
2025-03-14T14:14:00,Tortilla Española,1
2025-03-14T14:14:00,Patatas Bravas,1
2025-03-14T14:14:00,House Red Wine,1
2025-03-14T14:14:00,House Red Wine,1
2025-03-14T14:14:00,Crema Catalana,1
2025-03-14T14:14:00,Crema Catalana,1
2025-03-14T14:16:00,Tortilla Española,1
2025-03-14T14:16:00,Tortilla Española,1
2025-03-14T14:16:00,Tortilla Española,1
2025-03-14T14:16:00,Seafood Paella (for 2),1
2025-03-14T14:16:00,Mineral Water,1
2025-03-14T14:16:00,Mineral Water,1
2025-03-14T14:18:00,Tortilla Española,1
2025-03-14T14:18:00,Patatas Bravas,1
2025-03-14T14:18:00,Patatas Bravas,1
2025-03-14T14:18:00,House Red Wine,1
2025-03-14T14:18:00,Mineral Water,1
2025-03-14T14:21:00,Patatas Bravas,1
2025-03-14T14:21:00,Tortilla Española,1
2025-03-14T14:21:00,Tortilla Española,1
2025-03-14T14:21:00,Mineral Water,1
2025-03-14T14:21:00,Mineral Water,1
2025-03-14T14:21:00,Crema Catalana,1
2025-03-14T14:21:00,Crema Catalana,1
2025-03-14T14:22:00,Patatas Bravas,1
2025-03-14T14:22:00,Patatas Bravas,1
2025-03-14T14:22:00,Patatas Bravas,1
2025-03-14T14:22:00,Tortilla Española,1
2025-03-14T14:22:00,Seafood Paella (for 2),1
2025-03-14T14:22:00,Mineral Water,1
2025-03-14T14:22:00,Mineral Water,1
2025-03-14T14:22:00,Mineral Water,1
2025-03-14T14:25:00,Patatas Bravas,1
2025-03-14T14:25:00,Tortilla Española,1
2025-03-14T14:25:00,Tortilla Española,1
2025-03-14T14:25:00,House Red Wine,1
2025-03-14T14:25:00,Mineral Water,1
2025-03-14T14:25:00,Crema Catalana,1
2025-03-14T14:25:00,Crema Catalana,1
2025-03-14T14:36:00,Patatas Bravas,1
2025-03-14T14:36:00,Tortilla Española,1
2025-03-14T14:36:00,Tortilla Española,1
2025-03-14T14:36:00,Seafood Paella (for 2),1
2025-03-14T14:36:00,House Red Wine,1
2025-03-14T14:36:00,House Red Wine,1
2025-03-14T14:41:00,Patatas Bravas,1
2025-03-14T14:41:00,Patatas Bravas,1
2025-03-14T14:41:00,Tortilla Española,1
2025-03-14T14:41:00,House Red Wine,1
2025-03-14T14:41:00,Mineral Water,1
2025-03-14T14:41:00,Crema Catalana,1
2025-03-14T14:45:00,Tortilla Española,1
2025-03-14T14:45:00,Tortilla Española,1
2025-03-14T14:45:00,Patatas Bravas,1
2025-03-14T14:45:00,House Red Wine,1
2025-03-14T14:45:00,House Red Wine,1
2025-03-14T14:48:00,Tortilla Española,1
2025-03-14T14:48:00,Patatas Bravas,1
2025-03-14T14:48:00,Patatas Bravas,1
2025-03-14T14:48:00,House Red Wine,1
2025-03-14T14:48:00,Mineral Water,1
2025-03-14T14:48:00,Patatas Bravas,1
2025-03-14T14:48:00,Tortilla Española,1
2025-03-14T14:48:00,Patatas Bravas,1
2025-03-14T14:48:00,House Red Wine,1
2025-03-14T14:48:00,House Red Wine,1
2025-03-14T14:54:00,Tortilla Española,1
2025-03-14T14:54:00,Tortilla Española,1
2025-03-14T14:54:00,Tortilla Española,1
2025-03-14T14:54:00,Seafood Paella (for 2),1
2025-03-14T14:54:00,House Red Wine,1
2025-03-14T14:54:00,Mineral Water,1
2025-03-14T14:56:00,Tortilla Española,1
2025-03-14T14:56:00,Patatas Bravas,1
2025-03-14T14:56:00,Patatas Bravas,1
2025-03-14T14:56:00,House Red Wine,1
2025-03-14T14:56:00,House Red Wine,1
2025-03-14T14:56:00,Crema Catalana,1
2025-03-14T14:57:00,Tortilla Española,1
2025-03-14T14:57:00,Tortilla Española,1
2025-03-14T14:57:00,Tortilla Española,1
2025-03-14T14:57:00,Seafood Paella (for 2),1
2025-03-14T14:57:00,House Red Wine,1
2025-03-14T14:57:00,House Red Wine,1
2025-03-14T14:57:00,Crema Catalana,1
2025-03-14T14:57:00,Crema Catalana,1
2025-03-14T14:58:00,Patatas Bravas,1
2025-03-14T14:58:00,Tortilla Española,1
2025-03-14T14:58:00,Patatas Bravas,1
2025-03-14T14:58:00,Tortilla Española,1
2025-03-14T14:58:00,Mineral Water,1
2025-03-14T14:58:00,House Red Wine,1
2025-03-14T14:58:00,House Red Wine,1
2025-03-14T15:02:00,Patatas Bravas,1
2025-03-14T15:02:00,Patatas Bravas,1
2025-03-14T15:02:00,Patatas Bravas,1
2025-03-14T15:02:00,Seafood Paella (for 2),1
2025-03-14T15:02:00,Mineral Water,1
2025-03-14T15:02:00,House Red Wine,1
2025-03-14T15:04:00,Patatas Bravas,1
2025-03-14T15:04:00,Patatas Bravas,1
2025-03-14T15:04:00,Patatas Bravas,1
2025-03-14T15:04:00,House Red Wine,1
2025-03-14T15:04:00,Mineral Water,1
2025-03-14T15:06:00,Patatas Bravas,1
2025-03-14T15:06:00,Patatas Bravas,1
2025-03-14T15:06:00,Patatas Bravas,1
2025-03-14T15:06:00,House Red Wine,1
2025-03-14T15:06:00,House Red Wine,1
2025-03-14T15:06:00,Crema Catalana,1
2025-03-14T15:10:00,Patatas Bravas,1
2025-03-14T15:10:00,Patatas Bravas,1
2025-03-14T15:10:00,Tortilla Española,1
2025-03-14T15:10:00,Mineral Water,1
2025-03-14T15:10:00,Mineral Water,1
2025-03-14T15:10:00,Crema Catalana,1
2025-03-14T15:10:00,Crema Catalana,1
2025-03-14T15:17:00,Patatas Bravas,1
2025-03-14T15:17:00,Seafood Paella (for 2),1
2025-03-14T15:17:00,House Red Wine,1
2025-03-15T13:01:00,Tortilla Española,1
2025-03-15T13:01:00,Patatas Bravas,1
2025-03-15T13:01:00,Tortilla Española,1
2025-03-15T13:01:00,House Red Wine,1
2025-03-15T13:01:00,Mineral Water,1
2025-03-15T13:03:00,Patatas Bravas,1
2025-03-15T13:03:00,Tortilla Española,1
2025-03-15T13:03:00,Patatas Bravas,1
2025-03-15T13:03:00,Mineral Water,1
2025-03-15T13:03:00,Mineral Water,1
2025-03-15T13:03:00,Crema Catalana,1
2025-03-15T13:06:00,Patatas Bravas,1
2025-03-15T13:06:00,Tortilla Española,1
2025-03-15T13:06:00,Tortilla Española,1
2025-03-15T13:06:00,Mineral Water,1
2025-03-15T13:06:00,Mineral Water,1
2025-03-15T13:07:00,Tortilla Española,1
2025-03-15T13:07:00,House Red Wine,1
2025-03-15T13:07:00,Crema Catalana,1
2025-03-15T13:17:00,Tortilla Española,1
2025-03-15T13:17:00,Tortilla Española,1
2025-03-15T13:17:00,Patatas Bravas,1
2025-03-15T13:17:00,Mineral Water,1
2025-03-15T13:17:00,House Red Wine,1
2025-03-15T13:17:00,Crema Catalana,1
2025-03-15T13:17:00,Crema Catalana,1
2025-03-15T13:24:00,Patatas Bravas,1
2025-03-15T13:24:00,Tortilla Española,1
2025-03-15T13:24:00,Tortilla Española,1
2025-03-15T13:24:00,House Red Wine,1
2025-03-15T13:24:00,Mineral Water,1
2025-03-15T13:24:00,Patatas Bravas,1
2025-03-15T13:24:00,Tortilla Española,1
2025-03-15T13:24:00,Tortilla Española,1
2025-03-15T13:24:00,Mineral Water,1
2025-03-15T13:24:00,House Red Wine,1
2025-03-15T13:24:00,Crema Catalana,1
2025-03-15T13:24:00,Crema Catalana,1
2025-03-15T13:24:00,Patatas Bravas,1
2025-03-15T13:24:00,Tortilla Española,1
2025-03-15T13:24:00,Tortilla Española,1
2025-03-15T13:24:00,Tortilla Española,1
2025-03-15T13:24:00,Mineral Water,1
2025-03-15T13:24:00,House Red Wine,1
2025-03-15T13:24:00,Mineral Water,1
2025-03-15T13:24:00,Crema Catalana,1
2025-03-15T13:24:00,Crema Catalana,1
2025-03-15T13:25:00,Tortilla Española,1
2025-03-15T13:25:00,Patatas Bravas,1
2025-03-15T13:25:00,Patatas Bravas,1
2025-03-15T13:25:00,House Red Wine,1
2025-03-15T13:25:00,Mineral Water,1
2025-03-15T13:27:00,Tortilla Española,1
2025-03-15T13:27:00,Patatas Bravas,1
2025-03-15T13:27:00,Patatas Bravas,1
2025-03-15T13:27:00,Patatas Bravas,1
2025-03-15T13:27:00,Tortilla Española,1
2025-03-15T13:27:00,Tortilla Española,1
2025-03-15T13:27:00,House Red Wine,1
2025-03-15T13:27:00,Mineral Water,1
2025-03-15T13:27:00,Mineral Water,1
2025-03-15T13:27:00,House Red Wine,1
2025-03-15T13:27:00,Crema Catalana,1
2025-03-15T13:27:00,Crema Catalana,1
2025-03-15T13:27:00,Crema Catalana,1
2025-03-15T13:29:00,Tortilla Española,1
2025-03-15T13:29:00,Tortilla Española,1
2025-03-15T13:29:00,Patatas Bravas,1
2025-03-15T13:29:00,House Red Wine,1
2025-03-15T13:29:00,House Red Wine,1
2025-03-15T13:29:00,Crema Catalana,1
2025-03-15T13:29:00,Crema Catalana,1
2025-03-15T13:30:00,Patatas Bravas,1
2025-03-15T13:30:00,Tortilla Española,1
2025-03-15T13:30:00,Tortilla Española,1
2025-03-15T13:30:00,House Red Wine,1
2025-03-15T13:30:00,House Red Wine,1
2025-03-15T13:30:00,Crema Catalana,1
2025-03-15T13:30:00,Crema Catalana,1
2025-03-15T13:31:00,Patatas Bravas,1
2025-03-15T13:31:00,Tortilla Española,1
2025-03-15T13:31:00,Tortilla Española,1
2025-03-15T13:31:00,Mineral Water,1
2025-03-15T13:31:00,House Red Wine,1
2025-03-15T13:34:00,Patatas Bravas,1
2025-03-15T13:34:00,Tortilla Española,1
2025-03-15T13:34:00,Patatas Bravas,1
2025-03-15T13:34:00,House Red Wine,1
2025-03-15T13:34:00,House Red Wine,1
2025-03-15T13:34:00,Crema Catalana,1
2025-03-15T13:37:00,Tortilla Española,1
2025-03-15T13:37:00,Tortilla Española,1
2025-03-15T13:37:00,Patatas Bravas,1
2025-03-15T13:37:00,House Red Wine,1
2025-03-15T13:37:00,Mineral Water,1
2025-03-15T13:41:00,Patatas Bravas,1
2025-03-15T13:41:00,Patatas Bravas,1
2025-03-15T13:41:00,Patatas Bravas,1
2025-03-15T13:41:00,Tortilla Española,1
2025-03-15T13:41:00,House Red Wine,1
2025-03-15T13:41:00,House Red Wine,1
2025-03-15T13:41:00,Mineral Water,1
2025-03-15T13:44:00,Tortilla Española,1
2025-03-15T13:44:00,Patatas Bravas,1
2025-03-15T13:44:00,Patatas Bravas,1
2025-03-15T13:44:00,Seafood Paella (for 2),1
2025-03-15T13:44:00,House Red Wine,1
2025-03-15T13:44:00,House Red Wine,1
2025-03-15T13:44:00,Crema Catalana,1
2025-03-15T13:45:00,Patatas Bravas,1
2025-03-15T13:45:00,Tortilla Española,1
2025-03-15T13:45:00,Patatas Bravas,1
2025-03-15T13:45:00,House Red Wine,1
2025-03-15T13:45:00,Mineral Water,1
2025-03-15T13:45:00,Crema Catalana,1
2025-03-15T13:45:00,Crema Catalana,1
2025-03-15T13:54:00,Patatas Bravas,1
2025-03-15T13:54:00,Patatas Bravas,1
2025-03-15T13:54:00,Patatas Bravas,1
2025-03-15T13:54:00,Mineral Water,1
2025-03-15T13:54:00,Mineral Water,1
2025-03-15T13:54:00,Crema Catalana,1
2025-03-15T13:54:00,Crema Catalana,1
2025-03-15T14:00:00,Tortilla Española,1
2025-03-15T14:00:00,Tortilla Española,1
2025-03-15T14:00:00,Patatas Bravas,1
2025-03-15T14:00:00,House Red Wine,1
2025-03-15T14:00:00,House Red Wine,1
2025-03-15T14:00:00,Crema Catalana,1
2025-03-15T14:00:00,Crema Catalana,1
2025-03-15T14:01:00,Patatas Bravas,1
2025-03-15T14:01:00,Tortilla Española,1
2025-03-15T14:01:00,Patatas Bravas,1
2025-03-15T14:01:00,Mineral Water,1
2025-03-15T14:01:00,Mineral Water,1
2025-03-15T14:01:00,Patatas Bravas,1
2025-03-15T14:01:00,Tortilla Española,1
2025-03-15T14:01:00,Tortilla Española,1
2025-03-15T14:01:00,Mineral Water,1
2025-03-15T14:01:00,House Red Wine,1
2025-03-15T14:01:00,Crema Catalana,1
2025-03-15T14:11:00,Patatas Bravas,1
2025-03-15T14:11:00,Tortilla Española,1
2025-03-15T14:11:00,Patatas Bravas,1
2025-03-15T14:11:00,Tortilla Española,1
2025-03-15T14:11:00,Tortilla Española,1
2025-03-15T14:11:00,Tortilla Española,1
2025-03-15T14:11:00,Mineral Water,1
2025-03-15T14:11:00,House Red Wine,1
2025-03-15T14:11:00,House Red Wine,1
2025-03-15T14:11:00,Mineral Water,1
2025-03-15T14:11:00,Crema Catalana,1
2025-03-15T14:11:00,Tortilla Española,1
2025-03-15T14:11:00,Patatas Bravas,1
2025-03-15T14:11:00,Patatas Bravas,1
2025-03-15T14:11:00,Patatas Bravas,1
2025-03-15T14:11:00,Mineral Water,1
2025-03-15T14:11:00,Mineral Water,1
2025-03-15T14:11:00,Mineral Water,1
2025-03-15T14:11:00,Patatas Bravas,1
2025-03-15T14:11:00,Tortilla Española,1
2025-03-15T14:11:00,Tortilla Española,1
2025-03-15T14:11:00,Mineral Water,1
2025-03-15T14:11:00,Mineral Water,1
2025-03-15T14:17:00,Tortilla Española,1
2025-03-15T14:17:00,Tortilla Española,1
2025-03-15T14:17:00,Tortilla Española,1
2025-03-15T14:17:00,Mineral Water,1
2025-03-15T14:17:00,Mineral Water,1
2025-03-15T14:17:00,Crema Catalana,1
2025-03-15T14:23:00,Patatas Bravas,1
2025-03-15T14:23:00,Patatas Bravas,1
2025-03-15T14:23:00,Tortilla Española,1
2025-03-15T14:23:00,House Red Wine,1
2025-03-15T14:23:00,House Red Wine,1
2025-03-15T14:23:00,Crema Catalana,1
2025-03-15T14:23:00,Patatas Bravas,1
2025-03-15T14:23:00,Tortilla Española,1
2025-03-15T14:23:00,Patatas Bravas,1
2025-03-15T14:23:00,Seafood Paella (for 2),1
2025-03-15T14:23:00,Mineral Water,1
2025-03-15T14:23:00,House Red Wine,1
2025-03-15T14:27:00,Tortilla Española,1
2025-03-15T14:27:00,Patatas Bravas,1
2025-03-15T14:27:00,Patatas Bravas,1
2025-03-15T14:27:00,Tortilla Española,1
2025-03-15T14:27:00,Seafood Paella (for 2),1
2025-03-15T14:27:00,House Red Wine,1
2025-03-15T14:27:00,Mineral Water,1
2025-03-15T14:27:00,Mineral Water,1
2025-03-15T14:27:00,Crema Catalana,1
2025-03-15T14:28:00,Tortilla Española,1
2025-03-15T14:28:00,Patatas Bravas,1
2025-03-15T14:28:00,Patatas Bravas,1
2025-03-15T14:28:00,Tortilla Española,1
2025-03-15T14:28:00,Mineral Water,1
2025-03-15T14:28:00,Mineral Water,1
2025-03-15T14:28:00,House Red Wine,1
2025-03-15T14:31:00,Tortilla Española,1
2025-03-15T14:31:00,Tortilla Española,1
2025-03-15T14:31:00,Patatas Bravas,1
2025-03-15T14:31:00,House Red Wine,1
2025-03-15T14:31:00,House Red Wine,1
2025-03-15T14:31:00,Crema Catalana,1
2025-03-15T14:31:00,Crema Catalana,1
2025-03-15T14:32:00,Patatas Bravas,1
2025-03-15T14:32:00,Tortilla Española,1
2025-03-15T14:32:00,Tortilla Española,1
2025-03-15T14:32:00,Tortilla Española,1
2025-03-15T14:32:00,Seafood Paella (for 2),1
2025-03-15T14:32:00,Mineral Water,1
2025-03-15T14:32:00,House Red Wine,1
2025-03-15T14:32:00,House Red Wine,1
2025-03-15T14:32:00,Crema Catalana,1
2025-03-15T15:07:00,Tortilla Española,1
2025-03-15T15:07:00,House Red Wine,1
2025-03-16T13:01:00,Tortilla Española,1
2025-03-16T13:01:00,Patatas Bravas,1
2025-03-16T13:01:00,Patatas Bravas,1
2025-03-16T13:01:00,Patatas Bravas,1
2025-03-16T13:01:00,Mineral Water,1
2025-03-16T13:01:00,Mineral Water,1
2025-03-16T13:01:00,Mineral Water,1
2025-03-16T13:01:00,Crema Catalana,1
2025-03-16T13:01:00,Crema Catalana,1
2025-03-16T13:01:00,Crema Catalana,1
2025-03-16T13:03:00,Patatas Bravas,1
2025-03-16T13:03:00,Patatas Bravas,1
2025-03-16T13:03:00,Tortilla Española,1
2025-03-16T13:03:00,Tortilla Española,1
2025-03-16T13:03:00,Mineral Water,1
2025-03-16T13:03:00,House Red Wine,1
2025-03-16T13:03:00,House Red Wine,1
2025-03-16T13:03:00,Crema Catalana,1
2025-03-16T13:03:00,Crema Catalana,1
2025-03-16T13:07:00,Tortilla Española,1
2025-03-16T13:07:00,Tortilla Española,1
2025-03-16T13:07:00,Tortilla Española,1
2025-03-16T13:07:00,Patatas Bravas,1
2025-03-16T13:07:00,Mineral Water,1
2025-03-16T13:07:00,House Red Wine,1
2025-03-16T13:07:00,Mineral Water,1
2025-03-16T13:15:00,Tortilla Española,1
2025-03-16T13:15:00,Tortilla Española,1
2025-03-16T13:15:00,Tortilla Española,1
2025-03-16T13:15:00,Mineral Water,1
2025-03-16T13:15:00,House Red Wine,1
2025-03-16T13:15:00,Crema Catalana,1
2025-03-16T13:20:00,Patatas Bravas,1
2025-03-16T13:20:00,Tortilla Española,1
2025-03-16T13:20:00,Patatas Bravas,1
2025-03-16T13:20:00,Mineral Water,1
2025-03-16T13:20:00,Mineral Water,1
2025-03-16T13:25:00,Patatas Bravas,1
2025-03-16T13:25:00,Tortilla Española,1
2025-03-16T13:25:00,Patatas Bravas,1
2025-03-16T13:25:00,House Red Wine,1
2025-03-16T13:25:00,Mineral Water,1
2025-03-16T13:26:00,Patatas Bravas,1
2025-03-16T13:26:00,Tortilla Española,1
2025-03-16T13:26:00,Tortilla Española,1
2025-03-16T13:26:00,House Red Wine,1
2025-03-16T13:26:00,Mineral Water,1
2025-03-16T13:38:00,Patatas Bravas,1
2025-03-16T13:38:00,Patatas Bravas,1
2025-03-16T13:38:00,Tortilla Española,1
2025-03-16T13:38:00,House Red Wine,1
2025-03-16T13:38:00,Mineral Water,1
2025-03-16T13:39:00,Tortilla Española,1
2025-03-16T13:39:00,Patatas Bravas,1
2025-03-16T13:39:00,Patatas Bravas,1
2025-03-16T13:39:00,Patatas Bravas,1
2025-03-16T13:39:00,Patatas Bravas,1
2025-03-16T13:39:00,Patatas Bravas,1
2025-03-16T13:39:00,Mineral Water,1
2025-03-16T13:39:00,Mineral Water,1
2025-03-16T13:39:00,House Red Wine,1
2025-03-16T13:39:00,House Red Wine,1
2025-03-16T13:39:00,Crema Catalana,1
2025-03-16T13:39:00,Crema Catalana,1
2025-03-16T13:42:00,Tortilla Española,1
2025-03-16T13:42:00,Patatas Bravas,1
2025-03-16T13:42:00,Tortilla Española,1
2025-03-16T13:42:00,House Red Wine,1
2025-03-16T13:42:00,House Red Wine,1
2025-03-16T14:00:00,Patatas Bravas,1
2025-03-16T14:00:00,Patatas Bravas,1
2025-03-16T14:00:00,Tortilla Española,1
2025-03-16T14:00:00,House Red Wine,1
2025-03-16T14:00:00,House Red Wine,1
2025-03-16T14:05:00,Patatas Bravas,1
2025-03-16T14:05:00,Patatas Bravas,1
2025-03-16T14:05:00,Patatas Bravas,1
2025-03-16T14:05:00,Patatas Bravas,1
2025-03-16T14:05:00,Tortilla Española,1
2025-03-16T14:05:00,Tortilla Española,1
2025-03-16T14:05:00,House Red Wine,1
2025-03-16T14:05:00,Mineral Water,1
2025-03-16T14:05:00,House Red Wine,1
2025-03-16T14:05:00,Mineral Water,1
2025-03-16T14:05:00,Crema Catalana,1
2025-03-16T14:05:00,Crema Catalana,1
2025-03-16T14:05:00,Crema Catalana,1
2025-03-16T14:05:00,Crema Catalana,1
2025-03-16T14:06:00,Patatas Bravas,1
2025-03-16T14:06:00,Patatas Bravas,1
2025-03-16T14:06:00,Tortilla Española,1
2025-03-16T14:06:00,House Red Wine,1
2025-03-16T14:06:00,House Red Wine,1
2025-03-16T14:06:00,Crema Catalana,1
2025-03-16T14:06:00,Crema Catalana,1
2025-03-16T14:07:00,Patatas Bravas,1
2025-03-16T14:07:00,Tortilla Española,1
2025-03-16T14:07:00,Patatas Bravas,1
2025-03-16T14:07:00,Mineral Water,1
2025-03-16T14:07:00,Mineral Water,1
2025-03-16T14:10:00,Patatas Bravas,1
2025-03-16T14:10:00,Patatas Bravas,1
2025-03-16T14:10:00,Patatas Bravas,1
2025-03-16T14:10:00,Mineral Water,1
2025-03-16T14:10:00,House Red Wine,1
2025-03-16T14:11:00,Patatas Bravas,1
2025-03-16T14:11:00,Patatas Bravas,1
2025-03-16T14:11:00,Tortilla Española,1
2025-03-16T14:11:00,Patatas Bravas,1
2025-03-16T14:11:00,Patatas Bravas,1
2025-03-16T14:11:00,Tortilla Española,1
2025-03-16T14:11:00,House Red Wine,1
2025-03-16T14:11:00,House Red Wine,1
2025-03-16T14:11:00,House Red Wine,1
2025-03-16T14:11:00,Mineral Water,1
2025-03-16T14:12:00,Tortilla Española,1
2025-03-16T14:12:00,Patatas Bravas,1
2025-03-16T14:12:00,Patatas Bravas,1
2025-03-16T14:12:00,Mineral Water,1
2025-03-16T14:12:00,Mineral Water,1
2025-03-16T14:14:00,Tortilla Española,1
2025-03-16T14:14:00,Tortilla Española,1
2025-03-16T14:14:00,Tortilla Española,1
2025-03-16T14:14:00,Mineral Water,1
2025-03-16T14:14:00,Mineral Water,1
2025-03-16T14:14:00,Crema Catalana,1
2025-03-16T14:14:00,Crema Catalana,1
2025-03-16T14:14:00,Patatas Bravas,1
2025-03-16T14:14:00,Patatas Bravas,1
2025-03-16T14:14:00,Patatas Bravas,1
2025-03-16T14:14:00,Patatas Bravas,1
2025-03-16T14:14:00,Tortilla Española,1
2025-03-16T14:14:00,Patatas Bravas,1
2025-03-16T14:14:00,Mineral Water,1
2025-03-16T14:14:00,Mineral Water,1
2025-03-16T14:14:00,House Red Wine,1
2025-03-16T14:14:00,House Red Wine,1
2025-03-16T14:14:00,Crema Catalana,1
2025-03-16T14:14:00,Crema Catalana,1
2025-03-16T14:14:00,Crema Catalana,1
2025-03-16T14:14:00,Crema Catalana,1
2025-03-16T14:15:00,Patatas Bravas,1
2025-03-16T14:15:00,Tortilla Española,1
2025-03-16T14:15:00,Patatas Bravas,1
2025-03-16T14:15:00,Mineral Water,1
2025-03-16T14:15:00,Mineral Water,1
2025-03-16T14:15:00,Crema Catalana,1
2025-03-16T14:20:00,Tortilla Española,1
2025-03-16T14:20:00,Mineral Water,1
2025-03-16T14:20:00,Patatas Bravas,1
2025-03-16T14:20:00,Patatas Bravas,1
2025-03-16T14:20:00,Patatas Bravas,1
2025-03-16T14:20:00,Mineral Water,1
2025-03-16T14:20:00,Mineral Water,1
2025-03-16T14:23:00,Tortilla Española,1
2025-03-16T14:23:00,Patatas Bravas,1
2025-03-16T14:23:00,Tortilla Española,1
2025-03-16T14:23:00,Mineral Water,1
2025-03-16T14:23:00,House Red Wine,1
2025-03-16T14:23:00,Crema Catalana,1
2025-03-16T14:23:00,Crema Catalana,1
2025-03-16T14:23:00,Tortilla Española,1
2025-03-16T14:23:00,Tortilla Española,1
2025-03-16T14:23:00,Patatas Bravas,1
2025-03-16T14:23:00,Tortilla Española,1
2025-03-16T14:23:00,Mineral Water,1
2025-03-16T14:23:00,House Red Wine,1
2025-03-16T14:23:00,House Red Wine,1
2025-03-16T14:29:00,Patatas Bravas,1
2025-03-16T14:29:00,Tortilla Española,1
2025-03-16T14:29:00,Tortilla Española,1
2025-03-16T14:29:00,House Red Wine,1
2025-03-16T14:29:00,House Red Wine,1
2025-03-16T14:29:00,Crema Catalana,1
2025-03-16T14:30:00,Patatas Bravas,1
2025-03-16T14:30:00,Tortilla Española,1
2025-03-16T14:30:00,Patatas Bravas,1
2025-03-16T14:30:00,Mineral Water,1
2025-03-16T14:30:00,Mineral Water,1
2025-03-16T14:30:00,Crema Catalana,1
2025-03-16T14:30:00,Tortilla Española,1
2025-03-16T14:30:00,Patatas Bravas,1
2025-03-16T14:30:00,Patatas Bravas,1
2025-03-16T14:30:00,House Red Wine,1
2025-03-16T14:30:00,House Red Wine,1
2025-03-16T14:30:00,Crema Catalana,1
2025-03-16T14:30:00,Crema Catalana,1
2025-03-16T14:32:00,Patatas Bravas,1
2025-03-16T14:32:00,Patatas Bravas,1
2025-03-16T14:32:00,Tortilla Española,1
2025-03-16T14:32:00,House Red Wine,1
2025-03-16T14:32:00,House Red Wine,1
2025-03-16T14:34:00,Patatas Bravas,1
2025-03-16T14:34:00,Patatas Bravas,1
2025-03-16T14:34:00,Patatas Bravas,1
2025-03-16T14:34:00,Patatas Bravas,1
2025-03-16T14:34:00,Mineral Water,1
2025-03-16T14:34:00,Mineral Water,1
2025-03-16T14:34:00,Mineral Water,1
2025-03-16T14:34:00,Crema Catalana,1
2025-03-16T14:34:00,Crema Catalana,1
2025-03-16T14:34:00,Tortilla Española,1
2025-03-16T14:34:00,Patatas Bravas,1
2025-03-16T14:34:00,Patatas Bravas,1
2025-03-16T14:34:00,Patatas Bravas,1
2025-03-16T14:34:00,Mineral Water,1
2025-03-16T14:34:00,Mineral Water,1
2025-03-16T14:34:00,Mineral Water,1
2025-03-16T14:34:00,Crema Catalana,1
2025-03-16T14:35:00,Tortilla Española,1
2025-03-16T14:35:00,Patatas Bravas,1
2025-03-16T14:35:00,Tortilla Española,1
2025-03-16T14:35:00,Mineral Water,1
2025-03-16T14:35:00,Mineral Water,1
2025-03-16T14:41:00,Patatas Bravas,1
2025-03-16T14:41:00,Mineral Water,1
2025-03-17T13:02:00,Menu del Día,1
2025-03-17T13:02:00,Seafood Paella (for 2),1
2025-03-17T13:11:00,Menu del Día,1
2025-03-17T13:12:00,Menu del Día,1
2025-03-17T13:16:00,Menu del Día,1
2025-03-17T13:20:00,Menu del Día,2
2025-03-17T13:22:00,Menu del Día,2
2025-03-17T13:37:00,Menu del Día,4
2025-03-17T14:01:00,Menu del Día,3
2025-03-17T14:01:00,Seafood Paella (for 2),1
2025-03-17T14:03:00,Menu del Día,2
2025-03-17T14:03:00,Seafood Paella (for 2),1
2025-03-17T14:03:00,Seafood Paella (for 2),1
2025-03-17T14:29:00,Menu del Día,2
2025-03-17T15:03:00,Menu del Día,2
2025-03-17T15:03:00,Seafood Paella (for 2),1
2025-03-17T15:03:00,Seafood Paella (for 2),1
2025-03-17T15:11:00,Menu del Día,1
2025-03-17T15:16:00,Menu del Día,1
2025-03-17T15:16:00,Seafood Paella (for 2),1
2025-03-17T15:17:00,Menu del Día,1
2025-03-17T15:17:00,Seafood Paella (for 2),1
2025-03-17T15:19:00,Seafood Paella (for 2),1
2025-03-17T15:19:00,Seafood Paella (for 2),1
2025-03-17T15:19:00,Menu del Día,1
2025-03-17T15:19:00,Seafood Paella (for 2),1
2025-03-17T15:23:00,Menu del Día,2
2025-03-17T15:25:00,Menu del Día,2
2025-03-17T15:28:00,Seafood Paella (for 2),1
2025-03-17T15:29:00,Menu del Día,1
2025-03-17T15:29:00,Seafood Paella (for 2),1
2025-03-17T15:31:00,Menu del Día,3
2025-03-17T15:31:00,Seafood Paella (for 2),1
2025-03-17T15:40:00,Menu del Día,1
2025-03-17T15:40:00,Seafood Paella (for 2),1
2025-03-17T15:41:00,Menu del Día,1
2025-03-17T15:45:00,Menu del Día,2
2025-03-17T15:45:00,Seafood Paella (for 2),1
2025-03-17T15:45:00,Seafood Paella (for 2),1
2025-03-17T15:47:00,Menu del Día,2
2025-03-17T15:52:00,Menu del Día,2
2025-03-17T16:29:00,Menu del Día,1
2025-03-17T16:30:00,Menu del Día,2
2025-03-17T16:38:00,Seafood Paella (for 2),1
2025-03-17T16:38:00,Seafood Paella (for 2),1
2025-03-17T20:02:00,Patatas Bravas,1
2025-03-17T20:02:00,Patatas Bravas,1
2025-03-17T20:02:00,Patatas Bravas,1
2025-03-17T20:02:00,Mineral Water,1
2025-03-17T20:02:00,House Red Wine,1
2025-03-17T20:06:00,Patatas Bravas,1
2025-03-17T20:06:00,Tortilla Española,1
2025-03-17T20:06:00,Patatas Bravas,1
2025-03-17T20:06:00,Mineral Water,1
2025-03-17T20:06:00,House Red Wine,1
2025-03-17T20:06:00,Crema Catalana,1
2025-03-17T20:06:00,Crema Catalana,1
2025-03-17T20:07:00,Patatas Bravas,1
2025-03-17T20:07:00,Mineral Water,1
2025-03-17T20:10:00,Tortilla Española,1
2025-03-17T20:10:00,Patatas Bravas,1
2025-03-17T20:10:00,Patatas Bravas,1
2025-03-17T20:10:00,Patatas Bravas,1
2025-03-17T20:10:00,Tortilla Española,1
2025-03-17T20:10:00,Patatas Bravas,1
2025-03-17T20:10:00,Seafood Paella (for 2),1
2025-03-17T20:10:00,House Red Wine,1
2025-03-17T20:10:00,Mineral Water,1
2025-03-17T20:10:00,House Red Wine,1
2025-03-17T20:10:00,House Red Wine,1
2025-03-17T20:10:00,Crema Catalana,1
2025-03-17T20:10:00,Crema Catalana,1
2025-03-17T20:10:00,Crema Catalana,1
2025-03-17T20:11:00,Patatas Bravas,1
2025-03-17T20:11:00,Patatas Bravas,1
2025-03-17T20:11:00,Patatas Bravas,1
2025-03-17T20:11:00,Mineral Water,1
2025-03-17T20:11:00,Mineral Water,1
2025-03-17T20:16:00,Patatas Bravas,1
2025-03-17T20:16:00,Patatas Bravas,1
2025-03-17T20:16:00,Tortilla Española,1
2025-03-17T20:16:00,Patatas Bravas,1
2025-03-17T20:16:00,Mineral Water,1
2025-03-17T20:16:00,Mineral Water,1
2025-03-17T20:16:00,House Red Wine,1
2025-03-17T20:16:00,Crema Catalana,1
2025-03-17T20:16:00,Crema Catalana,1
2025-03-17T20:21:00,Tortilla Española,1
2025-03-17T20:21:00,Tortilla Española,1
2025-03-17T20:21:00,Tortilla Española,1
2025-03-17T20:21:00,Mineral Water,1
2025-03-17T20:21:00,Mineral Water,1
2025-03-17T20:21:00,Crema Catalana,1
2025-03-17T20:21:00,Crema Catalana,1
2025-03-17T20:27:00,Tortilla Española,1
2025-03-17T20:27:00,Tortilla Española,1
2025-03-17T20:27:00,Tortilla Española,1
2025-03-17T20:27:00,House Red Wine,1
2025-03-17T20:27:00,Mineral Water,1
2025-03-17T20:27:00,Crema Catalana,1
2025-03-17T20:28:00,Patatas Bravas,1
2025-03-17T20:28:00,Tortilla Española,1
2025-03-17T20:28:00,Patatas Bravas,1
2025-03-17T20:28:00,Mineral Water,1
2025-03-17T20:28:00,Mineral Water,1
2025-03-17T20:42:00,Patatas Bravas,1
2025-03-17T20:42:00,Patatas Bravas,1
2025-03-17T20:42:00,Tortilla Española,1
2025-03-17T20:42:00,Mineral Water,1
2025-03-17T20:42:00,Mineral Water,1
2025-03-17T20:42:00,Crema Catalana,1
2025-03-17T20:42:00,Crema Catalana,1
2025-03-17T20:44:00,Tortilla Española,1
2025-03-17T20:44:00,Tortilla Española,1
2025-03-17T20:44:00,Patatas Bravas,1
2025-03-17T20:44:00,Seafood Paella (for 2),1
2025-03-17T20:44:00,Mineral Water,1
2025-03-17T20:44:00,Mineral Water,1
2025-03-17T20:48:00,Patatas Bravas,1
2025-03-17T20:48:00,Tortilla Española,1
2025-03-17T20:48:00,Tortilla Española,1
2025-03-17T20:48:00,Seafood Paella (for 2),1
2025-03-17T20:48:00,House Red Wine,1
2025-03-17T20:48:00,Mineral Water,1
2025-03-17T20:48:00,Crema Catalana,1
2025-03-18T13:05:00,Menu del Día,1
2025-03-18T13:08:00,Seafood Paella (for 2),1
2025-03-18T13:18:00,Menu del Día,2
2025-03-18T13:18:00,Seafood Paella (for 2),1
2025-03-18T13:21:00,Menu del Día,1
2025-03-18T13:21:00,Seafood Paella (for 2),1
2025-03-18T13:21:00,Seafood Paella (for 2),1
2025-03-18T13:25:00,Menu del Día,2
2025-03-18T13:37:00,Menu del Día,4
2025-03-18T13:37:00,Menu del Día,1
2025-03-18T13:39:00,Menu del Día,2
2025-03-18T13:49:00,Menu del Día,1
2025-03-18T13:49:00,Seafood Paella (for 2),1
2025-03-18T13:52:00,Seafood Paella (for 2),1
2025-03-18T14:08:00,Menu del Día,2
2025-03-18T14:08:00,Menu del Día,1
2025-03-18T14:08:00,Seafood Paella (for 2),1
2025-03-18T14:10:00,Menu del Día,1
2025-03-18T14:11:00,Menu del Día,3
2025-03-18T14:18:00,Menu del Día,1
2025-03-18T14:18:00,Seafood Paella (for 2),1
2025-03-18T14:19:00,Seafood Paella (for 2),1
2025-03-18T14:20:00,Menu del Día,1
2025-03-18T14:20:00,Menu del Día,1
2025-03-18T14:20:00,Seafood Paella (for 2),1
2025-03-18T14:23:00,Menu del Día,1
2025-03-18T14:23:00,Seafood Paella (for 2),1
2025-03-18T14:26:00,Menu del Día,3
2025-03-18T14:26:00,Seafood Paella (for 2),1
2025-03-18T14:33:00,Menu del Día,2
2025-03-18T14:55:00,Menu del Día,2
2025-03-18T14:59:00,Menu del Día,1
2025-03-18T14:59:00,Seafood Paella (for 2),1
2025-03-18T14:59:00,Seafood Paella (for 2),1
2025-03-18T15:33:00,Menu del Día,2
2025-03-18T15:46:00,Menu del Día,1
2025-03-18T15:46:00,Seafood Paella (for 2),1
2025-03-18T15:53:00,Menu del Día,2
2025-03-18T15:53:00,Seafood Paella (for 2),1
2025-03-18T15:53:00,Seafood Paella (for 2),1
2025-03-18T15:57:00,Menu del Día,2
2025-03-18T16:09:00,Menu del Día,2
2025-03-18T16:09:00,Seafood Paella (for 2),1
2025-03-18T16:29:00,Seafood Paella (for 2),1
2025-03-18T16:34:00,Menu del Día,1
2025-03-18T16:34:00,Seafood Paella (for 2),1
2025-03-18T16:39:00,Seafood Paella (for 2),1
2025-03-18T16:39:00,Seafood Paella (for 2),1
2025-03-18T16:46:00,Menu del Día,2
2025-03-18T16:55:00,Menu del Día,2
2025-03-18T20:04:00,Tortilla Española,1
2025-03-18T20:04:00,Tortilla Española,1
2025-03-18T20:04:00,Patatas Bravas,1
2025-03-18T20:04:00,House Red Wine,1
2025-03-18T20:04:00,Mineral Water,1
2025-03-18T20:04:00,Crema Catalana,1
2025-03-18T20:04:00,Crema Catalana,1
2025-03-18T20:05:00,Tortilla Española,1
2025-03-18T20:05:00,Tortilla Española,1
2025-03-18T20:05:00,Patatas Bravas,1
2025-03-18T20:05:00,Patatas Bravas,1
2025-03-18T20:05:00,Seafood Paella (for 2),1
2025-03-18T20:05:00,House Red Wine,1
2025-03-18T20:05:00,House Red Wine,1
2025-03-18T20:05:00,House Red Wine,1
2025-03-18T20:06:00,Tortilla Española,1
2025-03-18T20:06:00,Tortilla Española,1
2025-03-18T20:06:00,Patatas Bravas,1
2025-03-18T20:06:00,House Red Wine,1
2025-03-18T20:06:00,House Red Wine,1
2025-03-18T20:06:00,Crema Catalana,1
2025-03-18T20:06:00,Crema Catalana,1
2025-03-18T20:11:00,Tortilla Española,1
2025-03-18T20:11:00,Mineral Water,1
2025-03-18T20:17:00,Tortilla Española,1
2025-03-18T20:17:00,Tortilla Española,1
2025-03-18T20:17:00,Tortilla Española,1
2025-03-18T20:17:00,Patatas Bravas,1
2025-03-18T20:17:00,Tortilla Española,1
2025-03-18T20:17:00,Patatas Bravas,1
2025-03-18T20:17:00,Seafood Paella (for 2),1
2025-03-18T20:17:00,Mineral Water,1
2025-03-18T20:17:00,Mineral Water,1
2025-03-18T20:17:00,House Red Wine,1
2025-03-18T20:17:00,House Red Wine,1
2025-03-18T20:17:00,Crema Catalana,1
2025-03-18T20:17:00,Tortilla Española,1
2025-03-18T20:17:00,Tortilla Española,1
2025-03-18T20:17:00,Tortilla Española,1
2025-03-18T20:17:00,Seafood Paella (for 2),1
2025-03-18T20:17:00,House Red Wine,1
2025-03-18T20:17:00,Mineral Water,1
2025-03-18T20:17:00,Crema Catalana,1
2025-03-18T20:17:00,Crema Catalana,1
2025-03-18T20:19:00,Patatas Bravas,1
2025-03-18T20:19:00,Patatas Bravas,1
2025-03-18T20:19:00,Tortilla Española,1
2025-03-18T20:19:00,Seafood Paella (for 2),1
2025-03-18T20:19:00,House Red Wine,1
2025-03-18T20:19:00,House Red Wine,1
2025-03-18T20:19:00,Crema Catalana,1
2025-03-18T20:23:00,Tortilla Española,1
2025-03-18T20:23:00,Patatas Bravas,1
2025-03-18T20:23:00,Patatas Bravas,1
2025-03-18T20:23:00,House Red Wine,1
2025-03-18T20:23:00,Mineral Water,1
2025-03-18T20:23:00,Crema Catalana,1
2025-03-18T20:35:00,Tortilla Española,1
2025-03-18T20:35:00,Tortilla Española,1
2025-03-18T20:35:00,Tortilla Española,1
2025-03-18T20:35:00,Tortilla Española,1
2025-03-18T20:35:00,Mineral Water,1
2025-03-18T20:35:00,Mineral Water,1
2025-03-18T20:35:00,Mineral Water,1
2025-03-18T20:35:00,Crema Catalana,1
2025-03-18T20:35:00,Crema Catalana,1
2025-03-18T20:48:00,Tortilla Española,1
2025-03-18T20:48:00,Tortilla Española,1
2025-03-18T20:48:00,Patatas Bravas,1
2025-03-18T20:48:00,Seafood Paella (for 2),1
2025-03-18T20:48:00,Mineral Water,1
2025-03-18T20:48:00,Mineral Water,1
2025-03-18T22:58:00,Tortilla Española,1
2025-03-18T22:58:00,House Red Wine,1
2025-03-18T22:58:00,Crema Catalana,1
2025-03-19T13:09:00,Menu del Día,1
2025-03-19T13:09:00,Seafood Paella (for 2),1
2025-03-19T13:24:00,Menu del Día,2
2025-03-19T13:24:00,Menu del Día,1
2025-03-19T13:24:00,Seafood Paella (for 2),1
2025-03-19T13:25:00,Seafood Paella (for 2),1
2025-03-19T13:25:00,Seafood Paella (for 2),1
2025-03-19T13:28:00,Menu del Día,3
2025-03-19T13:28:00,Seafood Paella (for 2),1
2025-03-19T13:31:00,Menu del Día,1
2025-03-19T13:31:00,Seafood Paella (for 2),1
2025-03-19T13:33:00,Menu del Día,2
2025-03-19T13:33:00,Seafood Paella (for 2),1
2025-03-19T13:33:00,Seafood Paella (for 2),1
2025-03-19T13:35:00,Menu del Día,1
2025-03-19T13:35:00,Seafood Paella (for 2),1
2025-03-19T13:37:00,Seafood Paella (for 2),1
2025-03-19T13:45:00,Menu del Día,1
2025-03-19T13:45:00,Seafood Paella (for 2),1
2025-03-19T13:46:00,Menu del Día,2
2025-03-19T13:58:00,Menu del Día,1
2025-03-19T14:00:00,Menu del Día,2
2025-03-19T14:00:00,Seafood Paella (for 2),1
2025-03-19T14:01:00,Menu del Día,2
2025-03-19T14:01:00,Seafood Paella (for 2),1
2025-03-19T14:02:00,Menu del Día,3
2025-03-19T14:02:00,Seafood Paella (for 2),1
2025-03-19T14:02:00,Seafood Paella (for 2),1
2025-03-19T14:03:00,Menu del Día,2
2025-03-19T14:03:00,Seafood Paella (for 2),1
2025-03-19T14:03:00,Seafood Paella (for 2),1
2025-03-19T14:04:00,Menu del Día,1
2025-03-19T14:04:00,Seafood Paella (for 2),1
2025-03-19T14:05:00,Menu del Día,1
2025-03-19T14:05:00,Seafood Paella (for 2),1
2025-03-19T14:05:00,Seafood Paella (for 2),1
2025-03-19T14:06:00,Seafood Paella (for 2),1
2025-03-19T14:06:00,Seafood Paella (for 2),1
2025-03-19T14:06:00,Menu del Día,2
2025-03-19T14:06:00,Menu del Día,1
2025-03-19T14:09:00,Seafood Paella (for 2),1
2025-03-19T14:11:00,Menu del Día,2
2025-03-19T14:12:00,Menu del Día,1
2025-03-19T14:12:00,Menu del Día,1
2025-03-19T14:15:00,Menu del Día,4
2025-03-19T14:18:00,Menu del Día,1
2025-03-19T14:18:00,Seafood Paella (for 2),1
2025-03-19T14:19:00,Menu del Día,3
2025-03-19T14:19:00,Seafood Paella (for 2),1
2025-03-19T14:20:00,Menu del Día,2
2025-03-19T14:21:00,Seafood Paella (for 2),1
2025-03-19T14:21:00,Seafood Paella (for 2),1
2025-03-19T14:21:00,Seafood Paella (for 2),1
2025-03-19T14:23:00,Seafood Paella (for 2),1
2025-03-19T14:23:00,Seafood Paella (for 2),1
2025-03-19T14:33:00,Menu del Día,1
2025-03-19T14:39:00,Menu del Día,1
2025-03-19T14:40:00,Menu del Día,1
2025-03-19T14:40:00,Seafood Paella (for 2),1
2025-03-19T14:40:00,Menu del Día,3
2025-03-19T14:46:00,Menu del Día,1
2025-03-19T14:46:00,Seafood Paella (for 2),1
2025-03-19T14:51:00,Menu del Día,2
2025-03-19T14:52:00,Menu del Día,2
2025-03-19T14:53:00,Menu del Día,1
2025-03-19T14:53:00,Seafood Paella (for 2),1
2025-03-19T14:56:00,Menu del Día,1
2025-03-19T14:59:00,Menu del Día,2
2025-03-19T15:07:00,Menu del Día,1
2025-03-19T15:07:00,Seafood Paella (for 2),1
2025-03-19T15:07:00,Seafood Paella (for 2),1
2025-03-19T15:12:00,Menu del Día,1
2025-03-19T15:13:00,Seafood Paella (for 2),1
2025-03-19T15:16:00,Menu del Día,1
2025-03-19T15:16:00,Menu del Día,2
2025-03-19T15:17:00,Menu del Día,1
2025-03-19T15:17:00,Seafood Paella (for 2),1
2025-03-19T15:20:00,Menu del Día,1
2025-03-19T15:22:00,Menu del Día,1
2025-03-19T15:22:00,Seafood Paella (for 2),1
2025-03-19T15:27:00,Menu del Día,1
2025-03-19T15:39:00,Menu del Día,1
2025-03-19T15:40:00,Menu del Día,1
2025-03-19T15:49:00,Menu del Día,2
2025-03-19T15:49:00,Seafood Paella (for 2),1
2025-03-19T15:49:00,Seafood Paella (for 2),1
2025-03-19T15:54:00,Menu del Día,1
2025-03-19T15:54:00,Seafood Paella (for 2),1
2025-03-19T16:00:00,Menu del Día,2
2025-03-19T16:04:00,Menu del Día,4
2025-03-19T16:14:00,Menu del Día,3
2025-03-19T16:14:00,Seafood Paella (for 2),1
2025-03-19T16:16:00,Seafood Paella (for 2),1
2025-03-19T16:32:00,Menu del Día,2
2025-03-19T16:49:00,Menu del Día,1
2025-03-19T16:49:00,Seafood Paella (for 2),1
2025-03-19T16:50:00,Menu del Día,1
2025-03-19T16:50:00,Menu del Día,2
2025-03-19T20:00:00,Tortilla Española,1
2025-03-19T20:00:00,Tortilla Española,1
2025-03-19T20:00:00,Patatas Bravas,1
2025-03-19T20:00:00,Mineral Water,1
2025-03-19T20:00:00,Mineral Water,1
2025-03-19T20:00:00,Crema Catalana,1
2025-03-19T20:03:00,Tortilla Española,1
2025-03-19T20:03:00,Tortilla Española,1
2025-03-19T20:03:00,Tortilla Española,1
2025-03-19T20:03:00,Mineral Water,1
2025-03-19T20:03:00,Mineral Water,1
2025-03-19T20:03:00,Crema Catalana,1
2025-03-19T20:03:00,Crema Catalana,1
2025-03-20T13:06:00,Menu del Día,3
2025-03-20T13:10:00,Menu del Día,1
2025-03-20T13:11:00,Menu del Día,1
2025-03-20T13:14:00,Menu del Día,2
2025-03-20T13:15:00,Menu del Día,2
2025-03-20T13:20:00,Menu del Día,4
2025-03-20T13:20:00,Menu del Día,1
2025-03-20T13:21:00,Menu del Día,2
2025-03-20T13:23:00,Menu del Día,1
2025-03-20T13:27:00,Menu del Día,1
2025-03-20T13:31:00,Menu del Día,1
2025-03-20T13:36:00,Menu del Día,2
2025-03-20T13:40:00,Menu del Día,2
2025-03-20T13:56:00,Menu del Día,2
2025-03-20T13:57:00,Menu del Día,1
2025-03-20T13:58:00,Menu del Día,2
2025-03-20T13:59:00,Menu del Día,1
2025-03-20T14:01:00,Menu del Día,1
2025-03-20T14:04:00,Menu del Día,2
2025-03-20T14:06:00,Menu del Día,1
2025-03-20T14:08:00,Menu del Día,1
2025-03-20T14:10:00,Menu del Día,1
2025-03-20T14:11:00,Menu del Día,2
2025-03-20T14:11:00,Menu del Día,2
2025-03-20T14:14:00,Menu del Día,1
2025-03-20T14:16:00,Menu del Día,2
2025-03-20T14:23:00,Menu del Día,2
2025-03-20T14:24:00,Menu del Día,1
2025-03-20T14:30:00,Menu del Día,3
2025-03-20T14:32:00,Menu del Día,1
2025-03-20T14:33:00,Menu del Día,3
2025-03-20T14:40:00,Menu del Día,1
2025-03-20T14:41:00,Menu del Día,1
2025-03-20T14:42:00,Menu del Día,1
2025-03-20T14:43:00,Menu del Día,1
2025-03-20T14:50:00,Menu del Día,2
2025-03-20T14:52:00,Menu del Día,1
2025-03-20T14:55:00,Menu del Día,1
2025-03-20T14:55:00,Menu del Día,2
2025-03-20T14:57:00,Menu del Día,2
2025-03-20T15:03:00,Menu del Día,1
2025-03-20T15:04:00,Menu del Día,2
2025-03-20T15:06:00,Menu del Día,2
2025-03-20T15:08:00,Menu del Día,2
2025-03-20T15:08:00,Menu del Día,2
2025-03-20T15:10:00,Menu del Día,1
2025-03-20T15:10:00,Menu del Día,2
2025-03-20T15:11:00,Menu del Día,2
2025-03-20T15:21:00,Menu del Día,1
2025-03-20T15:23:00,Menu del Día,1
2025-03-20T15:23:00,Menu del Día,2
2025-03-20T15:24:00,Menu del Día,2
2025-03-20T15:27:00,Menu del Día,1
2025-03-20T15:33:00,Menu del Día,1
2025-03-20T15:34:00,Menu del Día,1
2025-03-20T15:36:00,Menu del Día,1
2025-03-20T15:39:00,Menu del Día,1
2025-03-20T15:41:00,Menu del Día,2
2025-03-20T15:42:00,Menu del Día,2
2025-03-20T15:44:00,Menu del Día,1
2025-03-20T15:47:00,Menu del Día,2
2025-03-20T15:49:00,Menu del Día,2
2025-03-20T15:50:00,Menu del Día,1
2025-03-20T15:52:00,Menu del Día,3
2025-03-20T15:53:00,Menu del Día,1
2025-03-20T15:53:00,Menu del Día,1
2025-03-20T15:55:00,Menu del Día,1
2025-03-20T16:06:00,Menu del Día,2
2025-03-20T16:13:00,Menu del Día,4
2025-03-20T16:40:00,Menu del Día,2
2025-03-20T16:49:00,Menu del Día,3
2025-03-20T20:08:00,Patatas Bravas,1
2025-03-20T20:08:00,Patatas Bravas,1
2025-03-20T20:08:00,Patatas Bravas,1
2025-03-20T20:08:00,Mineral Water,1
2025-03-20T20:08:00,Mineral Water,1
2025-03-20T20:08:00,Crema Catalana,1
2025-03-20T20:10:00,Patatas Bravas,1
2025-03-20T20:10:00,Patatas Bravas,1
2025-03-20T20:10:00,Patatas Bravas,1
2025-03-20T20:10:00,Tortilla Española,1
2025-03-20T20:10:00,House Red Wine,1
2025-03-20T20:10:00,House Red Wine,1
2025-03-20T20:10:00,Mineral Water,1
2025-03-20T20:10:00,Crema Catalana,1
2025-03-20T20:10:00,Crema Catalana,1
2025-03-20T20:12:00,Patatas Bravas,1
2025-03-20T20:12:00,Tortilla Española,1
2025-03-20T20:12:00,Patatas Bravas,1
2025-03-20T20:12:00,Tortilla Española,1
2025-03-20T20:12:00,Mineral Water,1
2025-03-20T20:12:00,House Red Wine,1
2025-03-20T20:12:00,Mineral Water,1
2025-03-20T20:12:00,Crema Catalana,1
2025-03-20T20:15:00,Tortilla Española,1
2025-03-20T20:15:00,Patatas Bravas,1
2025-03-20T20:15:00,Tortilla Española,1
2025-03-20T20:15:00,Mineral Water,1
2025-03-20T20:15:00,Mineral Water,1
2025-03-20T20:17:00,Tortilla Española,1
2025-03-20T20:17:00,Patatas Bravas,1
2025-03-20T20:17:00,Tortilla Española,1
2025-03-20T20:17:00,House Red Wine,1
2025-03-20T20:17:00,House Red Wine,1
2025-03-20T20:17:00,Crema Catalana,1
2025-03-20T20:18:00,Tortilla Española,1
2025-03-20T20:18:00,Patatas Bravas,1
2025-03-20T20:18:00,Patatas Bravas,1
2025-03-20T20:18:00,Tortilla Española,1
2025-03-20T20:18:00,House Red Wine,1
2025-03-20T20:18:00,Mineral Water,1
2025-03-20T20:18:00,Mineral Water,1
2025-03-20T20:23:00,Patatas Bravas,1
2025-03-20T20:23:00,Patatas Bravas,1
2025-03-20T20:23:00,Tortilla Española,1
2025-03-20T20:23:00,Tortilla Española,1
2025-03-20T20:23:00,Patatas Bravas,1
2025-03-20T20:23:00,Tortilla Española,1
2025-03-20T20:23:00,Mineral Water,1
2025-03-20T20:23:00,Mineral Water,1
2025-03-20T20:23:00,Mineral Water,1
2025-03-20T20:23:00,Mineral Water,1
2025-03-20T20:26:00,Tortilla Española,1
2025-03-20T20:26:00,Tortilla Española,1
2025-03-20T20:26:00,Tortilla Española,1
2025-03-20T20:26:00,House Red Wine,1
2025-03-20T20:26:00,Mineral Water,1
2025-03-20T20:26:00,Crema Catalana,1
2025-03-20T20:32:00,Tortilla Española,1
2025-03-20T20:32:00,Patatas Bravas,1
2025-03-20T20:32:00,Patatas Bravas,1
2025-03-20T20:32:00,Tortilla Española,1
2025-03-20T20:32:00,House Red Wine,1
2025-03-20T20:32:00,House Red Wine,1
2025-03-20T20:32:00,Mineral Water,1
2025-03-20T20:32:00,Tortilla Española,1
2025-03-20T20:32:00,House Red Wine,1
2025-03-20T20:32:00,Crema Catalana,1
2025-03-20T20:33:00,Tortilla Española,1
2025-03-20T20:33:00,Tortilla Española,1
2025-03-20T20:33:00,Patatas Bravas,1
2025-03-20T20:33:00,Tortilla Española,1
2025-03-20T20:33:00,Patatas Bravas,1
2025-03-20T20:33:00,Tortilla Española,1
2025-03-20T20:33:00,House Red Wine,1
2025-03-20T20:33:00,House Red Wine,1
2025-03-20T20:33:00,Mineral Water,1
2025-03-20T20:33:00,Mineral Water,1
2025-03-20T20:33:00,Crema Catalana,1
2025-03-20T20:42:00,Patatas Bravas,1
2025-03-20T20:42:00,Tortilla Española,1
2025-03-20T20:42:00,Patatas Bravas,1
2025-03-20T20:42:00,Mineral Water,1
2025-03-20T20:42:00,Mineral Water,1
2025-03-20T20:42:00,Crema Catalana,1
2025-03-20T20:42:00,Crema Catalana,1
2025-03-20T20:53:00,Tortilla Española,1
2025-03-20T20:53:00,Tortilla Española,1
2025-03-20T20:53:00,Tortilla Española,1
2025-03-20T20:53:00,Patatas Bravas,1
2025-03-20T20:53:00,Patatas Bravas,1
2025-03-20T20:53:00,Tortilla Española,1
2025-03-20T20:53:00,House Red Wine,1
2025-03-20T20:53:00,House Red Wine,1
2025-03-20T20:53:00,House Red Wine,1
2025-03-20T20:53:00,Mineral Water,1
2025-03-20T20:53:00,Crema Catalana,1
2025-03-20T20:53:00,Crema Catalana,1
2025-03-20T21:19:00,Patatas Bravas,1
2025-03-20T21:19:00,Mineral Water,1
2025-03-20T21:19:00,Crema Catalana,1
2025-03-21T13:01:00,Tortilla Española,1
2025-03-21T13:01:00,Tortilla Española,1
2025-03-21T13:01:00,Tortilla Española,1
2025-03-21T13:01:00,Patatas Bravas,1
2025-03-21T13:01:00,Tortilla Española,1
2025-03-21T13:01:00,Tortilla Española,1
2025-03-21T13:01:00,Seafood Paella (for 2),1
2025-03-21T13:01:00,House Red Wine,1
2025-03-21T13:01:00,Mineral Water,1
2025-03-21T13:01:00,House Red Wine,1
2025-03-21T13:01:00,House Red Wine,1
2025-03-21T13:01:00,Crema Catalana,1
2025-03-21T13:01:00,Crema Catalana,1
2025-03-21T13:01:00,Crema Catalana,1
2025-03-21T13:02:00,Tortilla Española,1
2025-03-21T13:02:00,Tortilla Española,1
2025-03-21T13:02:00,Tortilla Española,1
2025-03-21T13:02:00,Tortilla Española,1
2025-03-21T13:02:00,Seafood Paella (for 2),1
2025-03-21T13:02:00,Mineral Water,1
2025-03-21T13:02:00,House Red Wine,1
2025-03-21T13:02:00,Mineral Water,1
2025-03-21T13:10:00,Tortilla Española,1
2025-03-21T13:10:00,Tortilla Española,1
2025-03-21T13:10:00,Patatas Bravas,1
2025-03-21T13:10:00,House Red Wine,1
2025-03-21T13:10:00,Mineral Water,1
2025-03-21T13:10:00,Crema Catalana,1
2025-03-21T13:16:00,Patatas Bravas,1
2025-03-21T13:16:00,Patatas Bravas,1
2025-03-21T13:16:00,Patatas Bravas,1
2025-03-21T13:16:00,Mineral Water,1
2025-03-21T13:16:00,Mineral Water,1
2025-03-21T13:16:00,Patatas Bravas,1
2025-03-21T13:16:00,Tortilla Española,1
2025-03-21T13:16:00,Tortilla Española,1
2025-03-21T13:16:00,Seafood Paella (for 2),1
2025-03-21T13:16:00,Mineral Water,1
2025-03-21T13:16:00,Mineral Water,1
2025-03-21T13:16:00,Crema Catalana,1
2025-03-21T13:16:00,Crema Catalana,1
2025-03-21T13:19:00,Patatas Bravas,1
2025-03-21T13:19:00,Mineral Water,1
2025-03-21T13:19:00,Crema Catalana,1
2025-03-21T13:21:00,Patatas Bravas,1
2025-03-21T13:21:00,House Red Wine,1
2025-03-21T13:21:00,Crema Catalana,1
2025-03-21T13:32:00,Tortilla Española,1
2025-03-21T13:32:00,Mineral Water,1
2025-03-21T13:33:00,Patatas Bravas,1
2025-03-21T13:33:00,Tortilla Española,1
2025-03-21T13:33:00,Patatas Bravas,1
2025-03-21T13:33:00,Patatas Bravas,1
2025-03-21T13:33:00,Patatas Bravas,1
2025-03-21T13:33:00,Patatas Bravas,1
2025-03-21T13:33:00,Seafood Paella (for 2),1
2025-03-21T13:33:00,Mineral Water,1
2025-03-21T13:33:00,Mineral Water,1
2025-03-21T13:33:00,House Red Wine,1
2025-03-21T13:33:00,Mineral Water,1
2025-03-21T13:33:00,Crema Catalana,1
2025-03-21T13:33:00,Crema Catalana,1
2025-03-21T13:33:00,Crema Catalana,1
2025-03-21T13:33:00,Crema Catalana,1
2025-03-21T13:35:00,Patatas Bravas,1
2025-03-21T13:35:00,House Red Wine,1
2025-03-21T13:38:00,Patatas Bravas,1
2025-03-21T13:38:00,House Red Wine,1
2025-03-21T13:38:00,Patatas Bravas,1
2025-03-21T13:38:00,Tortilla Española,1
2025-03-21T13:38:00,Tortilla Española,1
2025-03-21T13:38:00,Tortilla Española,1
2025-03-21T13:38:00,Tortilla Española,1
2025-03-21T13:38:00,Patatas Bravas,1
2025-03-21T13:38:00,Seafood Paella (for 2),1
2025-03-21T13:38:00,Mineral Water,1
2025-03-21T13:38:00,House Red Wine,1
2025-03-21T13:38:00,Mineral Water,1
2025-03-21T13:38:00,House Red Wine,1
2025-03-21T13:38:00,Crema Catalana,1
2025-03-21T13:38:00,Crema Catalana,1
2025-03-21T13:38:00,Crema Catalana,1
2025-03-21T13:38:00,Crema Catalana,1
2025-03-21T13:44:00,Patatas Bravas,1
2025-03-21T13:44:00,Patatas Bravas,1
2025-03-21T13:44:00,Tortilla Española,1
2025-03-21T13:44:00,Mineral Water,1
2025-03-21T13:44:00,Mineral Water,1
2025-03-21T13:44:00,Crema Catalana,1
2025-03-21T13:46:00,Patatas Bravas,1
2025-03-21T13:46:00,Patatas Bravas,1
2025-03-21T13:46:00,Patatas Bravas,1
2025-03-21T13:46:00,House Red Wine,1
2025-03-21T13:46:00,House Red Wine,1
2025-03-21T13:48:00,Patatas Bravas,1
2025-03-21T13:48:00,Patatas Bravas,1
2025-03-21T13:48:00,Tortilla Española,1
2025-03-21T13:48:00,Patatas Bravas,1
2025-03-21T13:48:00,Seafood Paella (for 2),1
2025-03-21T13:48:00,Mineral Water,1
2025-03-21T13:48:00,House Red Wine,1
2025-03-21T13:48:00,House Red Wine,1
2025-03-21T13:48:00,Crema Catalana,1
2025-03-21T13:48:00,Crema Catalana,1
2025-03-21T13:48:00,Crema Catalana,1
2025-03-21T13:53:00,Patatas Bravas,1
2025-03-21T13:53:00,Patatas Bravas,1
2025-03-21T13:53:00,Tortilla Española,1
2025-03-21T13:53:00,Seafood Paella (for 2),1
2025-03-21T13:53:00,Mineral Water,1
2025-03-21T13:53:00,Mineral Water,1
2025-03-21T13:53:00,Crema Catalana,1
2025-03-21T13:53:00,Crema Catalana,1
2025-03-21T13:54:00,Patatas Bravas,1
2025-03-21T13:54:00,Patatas Bravas,1
2025-03-21T13:54:00,Tortilla Española,1
2025-03-21T13:54:00,House Red Wine,1
2025-03-21T13:54:00,Mineral Water,1
2025-03-21T13:54:00,Crema Catalana,1
2025-03-21T13:57:00,Tortilla Española,1
2025-03-21T13:57:00,Patatas Bravas,1
2025-03-21T13:57:00,Tortilla Española,1
2025-03-21T13:57:00,Patatas Bravas,1
2025-03-21T13:57:00,Seafood Paella (for 2),1
2025-03-21T13:57:00,House Red Wine,1
2025-03-21T13:57:00,Mineral Water,1
2025-03-21T13:57:00,House Red Wine,1
2025-03-21T13:57:00,Crema Catalana,1
2025-03-21T14:01:00,Patatas Bravas,1
2025-03-21T14:01:00,Patatas Bravas,1
2025-03-21T14:01:00,Patatas Bravas,1
2025-03-21T14:01:00,Tortilla Española,1
2025-03-21T14:01:00,Tortilla Española,1
2025-03-21T14:01:00,Tortilla Española,1
2025-03-21T14:01:00,Seafood Paella (for 2),1
2025-03-21T14:01:00,Mineral Water,1
2025-03-21T14:01:00,Mineral Water,1
2025-03-21T14:01:00,Mineral Water,1
2025-03-21T14:01:00,House Red Wine,1
2025-03-21T14:01:00,Crema Catalana,1
2025-03-21T14:01:00,Crema Catalana,1
2025-03-21T14:01:00,Crema Catalana,1
2025-03-21T14:01:00,Crema Catalana,1
2025-03-21T14:07:00,Patatas Bravas,1
2025-03-21T14:07:00,Patatas Bravas,1
2025-03-21T14:07:00,Tortilla Española,1
2025-03-21T14:07:00,Tortilla Española,1
2025-03-21T14:07:00,Patatas Bravas,1
2025-03-21T14:07:00,Patatas Bravas,1
2025-03-21T14:07:00,Seafood Paella (for 2),1
2025-03-21T14:07:00,Mineral Water,1
2025-03-21T14:07:00,Mineral Water,1
2025-03-21T14:07:00,House Red Wine,1
2025-03-21T14:07:00,Mineral Water,1
2025-03-21T14:07:00,Tortilla Española,1
2025-03-21T14:07:00,Tortilla Española,1
2025-03-21T14:07:00,Tortilla Española,1
2025-03-21T14:07:00,House Red Wine,1
2025-03-21T14:07:00,Mineral Water,1
2025-03-21T14:13:00,Patatas Bravas,1
2025-03-21T14:13:00,Tortilla Española,1
2025-03-21T14:13:00,Patatas Bravas,1
2025-03-21T14:13:00,Tortilla Española,1
2025-03-21T14:13:00,Tortilla Española,1
2025-03-21T14:13:00,Tortilla Española,1
2025-03-21T14:13:00,House Red Wine,1
2025-03-21T14:13:00,House Red Wine,1
2025-03-21T14:13:00,House Red Wine,1
2025-03-21T14:13:00,House Red Wine,1
2025-03-21T14:13:00,Crema Catalana,1
2025-03-21T14:13:00,Crema Catalana,1
2025-03-21T14:13:00,Crema Catalana,1
2025-03-21T14:13:00,Crema Catalana,1
2025-03-21T14:19:00,Tortilla Española,1
2025-03-21T14:19:00,Tortilla Española,1
2025-03-21T14:19:00,Patatas Bravas,1
2025-03-21T14:19:00,Seafood Paella (for 2),1
2025-03-21T14:19:00,House Red Wine,1
2025-03-21T14:19:00,House Red Wine,1
2025-03-21T14:20:00,Patatas Bravas,1
2025-03-21T14:20:00,Tortilla Española,1
2025-03-21T14:20:00,Patatas Bravas,1
2025-03-21T14:20:00,Tortilla Española,1
2025-03-21T14:20:00,Tortilla Española,1
2025-03-21T14:20:00,Tortilla Española,1
2025-03-21T14:20:00,Seafood Paella (for 2),1
2025-03-21T14:20:00,House Red Wine,1
2025-03-21T14:20:00,Mineral Water,1
2025-03-21T14:20:00,House Red Wine,1
2025-03-21T14:20:00,House Red Wine,1
2025-03-21T14:20:00,Crema Catalana,1
2025-03-21T14:20:00,Patatas Bravas,1
2025-03-21T14:20:00,Patatas Bravas,1
2025-03-21T14:20:00,Tortilla Española,1
2025-03-21T14:20:00,Patatas Bravas,1
2025-03-21T14:20:00,Patatas Bravas,1
2025-03-21T14:20:00,Tortilla Española,1
2025-03-21T14:20:00,House Red Wine,1
2025-03-21T14:20:00,House Red Wine,1
2025-03-21T14:20:00,House Red Wine,1
2025-03-21T14:20:00,Mineral Water,1
2025-03-21T14:20:00,Crema Catalana,1
2025-03-21T14:20:00,Crema Catalana,1
2025-03-21T14:25:00,Tortilla Española,1
2025-03-21T14:25:00,Tortilla Española,1
2025-03-21T14:25:00,Patatas Bravas,1
2025-03-21T14:25:00,Patatas Bravas,1
2025-03-21T14:25:00,Tortilla Española,1
2025-03-21T14:25:00,Tortilla Española,1
2025-03-21T14:25:00,Seafood Paella (for 2),1
2025-03-21T14:25:00,Mineral Water,1
2025-03-21T14:25:00,House Red Wine,1
2025-03-21T14:25:00,House Red Wine,1
2025-03-21T14:25:00,Mineral Water,1
2025-03-21T14:48:00,Patatas Bravas,1
2025-03-21T14:48:00,Mineral Water,1
2025-03-22T13:05:00,Patatas Bravas,1
2025-03-22T13:05:00,House Red Wine,1
2025-03-22T13:06:00,Tortilla Española,1
2025-03-22T13:06:00,Patatas Bravas,1
2025-03-22T13:06:00,Patatas Bravas,1
2025-03-22T13:06:00,House Red Wine,1
2025-03-22T13:06:00,House Red Wine,1
2025-03-22T13:06:00,Crema Catalana,1
2025-03-22T13:06:00,Crema Catalana,1
2025-03-22T13:06:00,Tortilla Española,1
2025-03-22T13:06:00,Tortilla Española,1
2025-03-22T13:06:00,Patatas Bravas,1
2025-03-22T13:06:00,Mineral Water,1
2025-03-22T13:06:00,House Red Wine,1
2025-03-22T13:09:00,Patatas Bravas,1
2025-03-22T13:09:00,Patatas Bravas,1
2025-03-22T13:09:00,Patatas Bravas,1
2025-03-22T13:09:00,Seafood Paella (for 2),1
2025-03-22T13:09:00,House Red Wine,1
2025-03-22T13:09:00,Mineral Water,1
2025-03-22T13:10:00,Patatas Bravas,1
2025-03-22T13:10:00,Tortilla Española,1
2025-03-22T13:10:00,Patatas Bravas,1
2025-03-22T13:10:00,Mineral Water,1
2025-03-22T13:10:00,House Red Wine,1
2025-03-22T13:10:00,Crema Catalana,1
2025-03-22T13:11:00,Patatas Bravas,1
2025-03-22T13:11:00,Patatas Bravas,1
2025-03-22T13:11:00,Patatas Bravas,1
2025-03-22T13:11:00,Patatas Bravas,1
2025-03-22T13:11:00,Patatas Bravas,1
2025-03-22T13:11:00,Tortilla Española,1
2025-03-22T13:11:00,Seafood Paella (for 2),1
2025-03-22T13:11:00,House Red Wine,1
2025-03-22T13:11:00,House Red Wine,1
2025-03-22T13:11:00,Mineral Water,1
2025-03-22T13:11:00,House Red Wine,1
2025-03-22T13:11:00,Crema Catalana,1
2025-03-22T13:11:00,Crema Catalana,1
2025-03-22T13:11:00,Crema Catalana,1
2025-03-22T13:12:00,Patatas Bravas,1
2025-03-22T13:12:00,Seafood Paella (for 2),1
2025-03-22T13:12:00,Mineral Water,1
2025-03-22T13:12:00,Crema Catalana,1
2025-03-22T13:13:00,Patatas Bravas,1
2025-03-22T13:13:00,Patatas Bravas,1
2025-03-22T13:13:00,Patatas Bravas,1
2025-03-22T13:13:00,Mineral Water,1
2025-03-22T13:13:00,House Red Wine,1
2025-03-22T13:14:00,Tortilla Española,1
2025-03-22T13:14:00,Mineral Water,1
2025-03-22T13:16:00,Patatas Bravas,1
2025-03-22T13:16:00,Patatas Bravas,1
2025-03-22T13:16:00,Tortilla Española,1
2025-03-22T13:16:00,Tortilla Española,1
2025-03-22T13:16:00,Patatas Bravas,1
2025-03-22T13:16:00,Patatas Bravas,1
2025-03-22T13:16:00,House Red Wine,1
2025-03-22T13:16:00,House Red Wine,1
2025-03-22T13:16:00,Mineral Water,1
2025-03-22T13:16:00,Mineral Water,1
2025-03-22T13:18:00,Tortilla Española,1
2025-03-22T13:18:00,Tortilla Española,1
2025-03-22T13:18:00,Tortilla Española,1
2025-03-22T13:18:00,Seafood Paella (for 2),1
2025-03-22T13:18:00,House Red Wine,1
2025-03-22T13:18:00,Mineral Water,1
2025-03-22T13:18:00,Crema Catalana,1
2025-03-22T13:18:00,Patatas Bravas,1
2025-03-22T13:18:00,Tortilla Española,1
2025-03-22T13:18:00,Patatas Bravas,1
2025-03-22T13:18:00,Tortilla Española,1
2025-03-22T13:18:00,Patatas Bravas,1
2025-03-22T13:18:00,Tortilla Española,1
2025-03-22T13:18:00,Seafood Paella (for 2),1
2025-03-22T13:18:00,House Red Wine,1
2025-03-22T13:18:00,Mineral Water,1
2025-03-22T13:18:00,Mineral Water,1
2025-03-22T13:18:00,Mineral Water,1
2025-03-22T13:21:00,Patatas Bravas,1
2025-03-22T13:21:00,Patatas Bravas,1
2025-03-22T13:21:00,Patatas Bravas,1
2025-03-22T13:21:00,Tortilla Española,1
2025-03-22T13:21:00,Tortilla Española,1
2025-03-22T13:21:00,Patatas Bravas,1
2025-03-22T13:21:00,House Red Wine,1
2025-03-22T13:21:00,Mineral Water,1
2025-03-22T13:21:00,House Red Wine,1
2025-03-22T13:21:00,Mineral Water,1
2025-03-22T13:22:00,Patatas Bravas,1
2025-03-22T13:22:00,Tortilla Española,1
2025-03-22T13:22:00,Tortilla Española,1
2025-03-22T13:22:00,Seafood Paella (for 2),1
2025-03-22T13:22:00,House Red Wine,1
2025-03-22T13:22:00,Mineral Water,1
2025-03-22T13:22:00,Crema Catalana,1
2025-03-22T13:22:00,Crema Catalana,1
2025-03-22T13:22:00,Patatas Bravas,1
2025-03-22T13:22:00,Tortilla Española,1
2025-03-22T13:22:00,Tortilla Española,1
2025-03-22T13:22:00,Tortilla Española,1
2025-03-22T13:22:00,Mineral Water,1
2025-03-22T13:22:00,House Red Wine,1
2025-03-22T13:22:00,Mineral Water,1
2025-03-22T13:23:00,Patatas Bravas,1
2025-03-22T13:23:00,Patatas Bravas,1
2025-03-22T13:23:00,Tortilla Española,1
2025-03-22T13:23:00,Mineral Water,1
2025-03-22T13:23:00,Mineral Water,1
2025-03-22T13:23:00,Patatas Bravas,1
2025-03-22T13:23:00,Tortilla Española,1
2025-03-22T13:23:00,Patatas Bravas,1
2025-03-22T13:23:00,House Red Wine,1
2025-03-22T13:23:00,House Red Wine,1
2025-03-22T13:23:00,Crema Catalana,1
2025-03-22T13:24:00,Patatas Bravas,1
2025-03-22T13:24:00,Tortilla Española,1
2025-03-22T13:24:00,Tortilla Española,1
2025-03-22T13:24:00,Tortilla Española,1
2025-03-22T13:24:00,Seafood Paella (for 2),1
2025-03-22T13:24:00,Mineral Water,1
2025-03-22T13:24:00,House Red Wine,1
2025-03-22T13:24:00,House Red Wine,1
2025-03-22T13:24:00,Tortilla Española,1
2025-03-22T13:24:00,Tortilla Española,1
2025-03-22T13:24:00,Tortilla Española,1
2025-03-22T13:24:00,House Red Wine,1
2025-03-22T13:24:00,Mineral Water,1
2025-03-22T13:24:00,Crema Catalana,1
2025-03-22T13:25:00,Tortilla Española,1
2025-03-22T13:25:00,House Red Wine,1
2025-03-22T13:26:00,Patatas Bravas,1
2025-03-22T13:26:00,Patatas Bravas,1
2025-03-22T13:26:00,Patatas Bravas,1
2025-03-22T13:26:00,House Red Wine,1
2025-03-22T13:26:00,Mineral Water,1
2025-03-22T13:26:00,Crema Catalana,1
2025-03-22T13:26:00,Crema Catalana,1
2025-03-22T13:26:00,Tortilla Española,1
2025-03-22T13:26:00,Patatas Bravas,1
2025-03-22T13:26:00,Tortilla Española,1
2025-03-22T13:26:00,House Red Wine,1
2025-03-22T13:26:00,House Red Wine,1
2025-03-22T13:28:00,Patatas Bravas,1
2025-03-22T13:28:00,Tortilla Española,1
2025-03-22T13:28:00,Patatas Bravas,1
2025-03-22T13:28:00,Seafood Paella (for 2),1
2025-03-22T13:28:00,Mineral Water,1
2025-03-22T13:28:00,House Red Wine,1
2025-03-22T13:28:00,Crema Catalana,1
2025-03-22T13:28:00,Crema Catalana,1
2025-03-22T13:29:00,Tortilla Española,1
2025-03-22T13:29:00,Tortilla Española,1
2025-03-22T13:29:00,Tortilla Española,1
2025-03-22T13:29:00,Patatas Bravas,1
2025-03-22T13:29:00,Seafood Paella (for 2),1
2025-03-22T13:29:00,House Red Wine,1
2025-03-22T13:29:00,House Red Wine,1
2025-03-22T13:29:00,House Red Wine,1
2025-03-22T13:29:00,Patatas Bravas,1
2025-03-22T13:29:00,Patatas Bravas,1
2025-03-22T13:29:00,Patatas Bravas,1
2025-03-22T13:29:00,Tortilla Española,1
2025-03-22T13:29:00,Tortilla Española,1
2025-03-22T13:29:00,Tortilla Española,1
2025-03-22T13:29:00,Seafood Paella (for 2),1
2025-03-22T13:29:00,House Red Wine,1
2025-03-22T13:29:00,Mineral Water,1
2025-03-22T13:29:00,Mineral Water,1
2025-03-22T13:29:00,Mineral Water,1
2025-03-22T13:31:00,Tortilla Española,1
2025-03-22T13:31:00,Patatas Bravas,1
2025-03-22T13:31:00,Tortilla Española,1
2025-03-22T13:31:00,Mineral Water,1
2025-03-22T13:31:00,Mineral Water,1
2025-03-22T13:31:00,Crema Catalana,1
2025-03-22T13:32:00,Patatas Bravas,1
2025-03-22T13:32:00,Patatas Bravas,1
2025-03-22T13:32:00,Patatas Bravas,1
2025-03-22T13:32:00,House Red Wine,1
2025-03-22T13:32:00,Mineral Water,1
2025-03-22T13:32:00,Patatas Bravas,1
2025-03-22T13:32:00,Patatas Bravas,1
2025-03-22T13:32:00,Patatas Bravas,1
2025-03-22T13:32:00,House Red Wine,1
2025-03-22T13:32:00,Mineral Water,1
2025-03-22T13:32:00,Crema Catalana,1
2025-03-22T13:32:00,Crema Catalana,1
2025-03-22T13:33:00,Patatas Bravas,1
2025-03-22T13:33:00,Patatas Bravas,1
2025-03-22T13:33:00,Patatas Bravas,1
2025-03-22T13:33:00,House Red Wine,1
2025-03-22T13:33:00,House Red Wine,1
2025-03-22T13:34:00,Tortilla Española,1
2025-03-22T13:34:00,Patatas Bravas,1
2025-03-22T13:34:00,Patatas Bravas,1
2025-03-22T13:34:00,House Red Wine,1
2025-03-22T13:34:00,Mineral Water,1
2025-03-22T13:48:00,Tortilla Española,1
2025-03-22T13:48:00,Patatas Bravas,1
2025-03-22T13:48:00,Patatas Bravas,1
2025-03-22T13:48:00,Mineral Water,1
2025-03-22T13:48:00,House Red Wine,1
2025-03-22T13:48:00,Crema Catalana,1
2025-03-22T14:06:00,Tortilla Española,1
2025-03-22T14:06:00,Tortilla Española,1
2025-03-22T14:06:00,Patatas Bravas,1
2025-03-22T14:06:00,Seafood Paella (for 2),1
2025-03-22T14:06:00,Mineral Water,1
2025-03-22T14:06:00,Mineral Water,1
2025-03-22T14:06:00,Crema Catalana,1
2025-03-22T14:06:00,Crema Catalana,1
2025-03-22T14:35:00,Patatas Bravas,1
2025-03-22T14:35:00,House Red Wine,1
2025-03-22T15:12:00,Patatas Bravas,1
2025-03-22T15:12:00,House Red Wine,1
2025-03-23T13:15:00,Patatas Bravas,1
2025-03-23T13:15:00,Seafood Paella (for 2),1
2025-03-23T13:15:00,Mineral Water,1
2025-03-23T13:15:00,Crema Catalana,1
2025-03-23T13:15:00,Patatas Bravas,1
2025-03-23T13:15:00,Patatas Bravas,1
2025-03-23T13:15:00,Patatas Bravas,1
2025-03-23T13:15:00,Patatas Bravas,1
2025-03-23T13:15:00,Seafood Paella (for 2),1
2025-03-23T13:15:00,House Red Wine,1
2025-03-23T13:15:00,House Red Wine,1
2025-03-23T13:15:00,House Red Wine,1
2025-03-23T13:26:00,Tortilla Española,1
2025-03-23T13:26:00,Patatas Bravas,1
2025-03-23T13:26:00,Tortilla Española,1
2025-03-23T13:26:00,Tortilla Española,1
2025-03-23T13:26:00,Patatas Bravas,1
2025-03-23T13:26:00,Tortilla Española,1
2025-03-23T13:26:00,Seafood Paella (for 2),1
2025-03-23T13:26:00,House Red Wine,1
2025-03-23T13:26:00,Mineral Water,1
2025-03-23T13:26:00,Mineral Water,1
2025-03-23T13:26:00,Mineral Water,1
2025-03-23T13:30:00,Tortilla Española,1
2025-03-23T13:30:00,House Red Wine,1
2025-03-23T13:30:00,Crema Catalana,1
2025-03-23T13:30:00,Tortilla Española,1
2025-03-23T13:30:00,Tortilla Española,1
2025-03-23T13:30:00,Patatas Bravas,1
2025-03-23T13:30:00,Tortilla Española,1
2025-03-23T13:30:00,Seafood Paella (for 2),1
2025-03-23T13:30:00,Mineral Water,1
2025-03-23T13:30:00,Mineral Water,1
2025-03-23T13:30:00,Mineral Water,1
2025-03-23T13:33:00,Patatas Bravas,1
2025-03-23T13:33:00,Patatas Bravas,1
2025-03-23T13:33:00,Patatas Bravas,1
2025-03-23T13:33:00,Mineral Water,1
2025-03-23T13:33:00,Mineral Water,1
2025-03-23T13:36:00,Patatas Bravas,1
2025-03-23T13:36:00,Tortilla Española,1
2025-03-23T13:36:00,Tortilla Española,1
2025-03-23T13:36:00,Patatas Bravas,1
2025-03-23T13:36:00,Tortilla Española,1
2025-03-23T13:36:00,Patatas Bravas,1
2025-03-23T13:36:00,Seafood Paella (for 2),1
2025-03-23T13:36:00,House Red Wine,1
2025-03-23T13:36:00,Mineral Water,1
2025-03-23T13:36:00,House Red Wine,1
2025-03-23T13:36:00,House Red Wine,1
2025-03-23T13:36:00,Crema Catalana,1
2025-03-23T13:37:00,Tortilla Española,1
2025-03-23T13:37:00,Patatas Bravas,1
2025-03-23T13:37:00,Tortilla Española,1
2025-03-23T13:37:00,Patatas Bravas,1
2025-03-23T13:37:00,Tortilla Española,1
2025-03-23T13:37:00,Tortilla Española,1
2025-03-23T13:37:00,House Red Wine,1
2025-03-23T13:37:00,House Red Wine,1
2025-03-23T13:37:00,House Red Wine,1
2025-03-23T13:37:00,House Red Wine,1
2025-03-23T13:41:00,Tortilla Española,1
2025-03-23T13:41:00,Patatas Bravas,1
2025-03-23T13:41:00,Patatas Bravas,1
2025-03-23T13:41:00,Patatas Bravas,1
2025-03-23T13:41:00,Tortilla Española,1
2025-03-23T13:41:00,Patatas Bravas,1
2025-03-23T13:41:00,Seafood Paella (for 2),1
2025-03-23T13:41:00,Mineral Water,1
2025-03-23T13:41:00,House Red Wine,1
2025-03-23T13:41:00,Mineral Water,1
2025-03-23T13:41:00,House Red Wine,1
2025-03-23T13:57:00,Patatas Bravas,1
2025-03-23T13:57:00,Patatas Bravas,1
2025-03-23T13:57:00,Patatas Bravas,1
2025-03-23T13:57:00,Patatas Bravas,1
2025-03-23T13:57:00,Tortilla Española,1
2025-03-23T13:57:00,Tortilla Española,1
2025-03-23T13:57:00,Seafood Paella (for 2),1
2025-03-23T13:57:00,Mineral Water,1
2025-03-23T13:57:00,Mineral Water,1
2025-03-23T13:57:00,House Red Wine,1
2025-03-23T13:57:00,Mineral Water,1
2025-03-23T13:59:00,Patatas Bravas,1
2025-03-23T13:59:00,Patatas Bravas,1
2025-03-23T13:59:00,Tortilla Española,1
2025-03-23T13:59:00,Mineral Water,1
2025-03-23T13:59:00,Mineral Water,1
2025-03-23T14:04:00,Tortilla Española,1
2025-03-23T14:04:00,Tortilla Española,1
2025-03-23T14:04:00,Patatas Bravas,1
2025-03-23T14:04:00,Mineral Water,1
2025-03-23T14:04:00,House Red Wine,1
2025-03-23T14:07:00,Patatas Bravas,1
2025-03-23T14:07:00,Patatas Bravas,1
2025-03-23T14:07:00,Patatas Bravas,1
2025-03-23T14:07:00,Mineral Water,1
2025-03-23T14:07:00,Mineral Water,1
2025-03-23T14:07:00,Crema Catalana,1
2025-03-23T14:07:00,Crema Catalana,1
2025-03-23T14:08:00,Patatas Bravas,1
2025-03-23T14:08:00,Patatas Bravas,1
2025-03-23T14:08:00,Patatas Bravas,1
2025-03-23T14:08:00,Mineral Water,1
2025-03-23T14:08:00,House Red Wine,1
2025-03-23T14:12:00,Tortilla Española,1
2025-03-23T14:12:00,Patatas Bravas,1
2025-03-23T14:12:00,Patatas Bravas,1
2025-03-23T14:12:00,Patatas Bravas,1
2025-03-23T14:12:00,Tortilla Española,1
2025-03-23T14:12:00,Patatas Bravas,1
2025-03-23T14:12:00,Mineral Water,1
2025-03-23T14:12:00,Mineral Water,1
2025-03-23T14:12:00,House Red Wine,1
2025-03-23T14:12:00,House Red Wine,1
2025-03-23T14:12:00,Crema Catalana,1
2025-03-23T14:14:00,Patatas Bravas,1
2025-03-23T14:14:00,Tortilla Española,1
2025-03-23T14:14:00,Patatas Bravas,1
2025-03-23T14:14:00,Seafood Paella (for 2),1
2025-03-23T14:14:00,House Red Wine,1
2025-03-23T14:14:00,House Red Wine,1
2025-03-23T14:14:00,Crema Catalana,1
2025-03-23T14:25:00,Patatas Bravas,1
2025-03-23T14:25:00,Patatas Bravas,1
2025-03-23T14:25:00,Tortilla Española,1
2025-03-23T14:25:00,Tortilla Española,1
2025-03-23T14:25:00,Seafood Paella (for 2),1
2025-03-23T14:25:00,House Red Wine,1
2025-03-23T14:25:00,House Red Wine,1
2025-03-23T14:25:00,House Red Wine,1
2025-03-23T14:29:00,Patatas Bravas,1
2025-03-23T14:29:00,Patatas Bravas,1
2025-03-23T14:29:00,Patatas Bravas,1
2025-03-23T14:29:00,Mineral Water,1
2025-03-23T14:29:00,House Red Wine,1
2025-03-23T14:29:00,Crema Catalana,1
2025-03-23T14:31:00,Patatas Bravas,1
2025-03-23T14:31:00,Patatas Bravas,1
2025-03-23T14:31:00,Tortilla Española,1
2025-03-23T14:31:00,House Red Wine,1
2025-03-23T14:31:00,Mineral Water,1
2025-03-23T14:33:00,Tortilla Española,1
2025-03-23T14:33:00,Tortilla Española,1
2025-03-23T14:33:00,Tortilla Española,1
2025-03-23T14:33:00,Tortilla Española,1
2025-03-23T14:33:00,Mineral Water,1
2025-03-23T14:33:00,House Red Wine,1
2025-03-23T14:33:00,Mineral Water,1
2025-03-23T14:43:00,Tortilla Española,1
2025-03-23T14:43:00,Tortilla Española,1
2025-03-23T14:43:00,Patatas Bravas,1
2025-03-23T14:43:00,Tortilla Española,1
2025-03-23T14:43:00,Seafood Paella (for 2),1
2025-03-23T14:43:00,Mineral Water,1
2025-03-23T14:43:00,Mineral Water,1
2025-03-23T14:43:00,House Red Wine,1
2025-03-23T14:45:00,Patatas Bravas,1
2025-03-23T14:45:00,Patatas Bravas,1
2025-03-23T14:45:00,Tortilla Española,1
2025-03-23T14:45:00,Seafood Paella (for 2),1
2025-03-23T14:45:00,House Red Wine,1
2025-03-23T14:45:00,House Red Wine,1
2025-03-23T14:45:00,Crema Catalana,1
2025-03-23T14:49:00,Patatas Bravas,1
2025-03-23T14:49:00,Patatas Bravas,1
2025-03-23T14:49:00,Patatas Bravas,1
2025-03-23T14:49:00,Tortilla Española,1
2025-03-23T14:49:00,Mineral Water,1
2025-03-23T14:49:00,House Red Wine,1
2025-03-23T14:49:00,Mineral Water,1
2025-03-23T14:49:00,Crema Catalana,1
2025-03-23T14:49:00,Crema Catalana,1
2025-03-23T14:49:00,Crema Catalana,1
2025-03-23T14:50:00,Patatas Bravas,1
2025-03-23T14:50:00,Tortilla Española,1
2025-03-23T14:50:00,Patatas Bravas,1
2025-03-23T14:50:00,Seafood Paella (for 2),1
2025-03-23T14:50:00,House Red Wine,1
2025-03-23T14:50:00,House Red Wine,1
2025-03-23T14:55:00,Patatas Bravas,1
2025-03-23T14:55:00,Tortilla Española,1
2025-03-23T14:55:00,Tortilla Española,1
2025-03-23T14:55:00,Seafood Paella (for 2),1
2025-03-23T14:55:00,House Red Wine,1
2025-03-23T14:55:00,House Red Wine,1
2025-03-23T14:57:00,Patatas Bravas,1
2025-03-23T14:57:00,Patatas Bravas,1
2025-03-23T14:57:00,Patatas Bravas,1
2025-03-23T14:57:00,Patatas Bravas,1
2025-03-23T14:57:00,Patatas Bravas,1
2025-03-23T14:57:00,Tortilla Española,1
2025-03-23T14:57:00,Seafood Paella (for 2),1
2025-03-23T14:57:00,House Red Wine,1
2025-03-23T14:57:00,House Red Wine,1
2025-03-23T14:57:00,House Red Wine,1
2025-03-23T14:57:00,Mineral Water,1
2025-03-23T15:00:00,Patatas Bravas,1
2025-03-23T15:00:00,Seafood Paella (for 2),1
2025-03-23T15:00:00,Mineral Water,1
2025-03-23T15:02:00,Patatas Bravas,1
2025-03-23T15:02:00,Patatas Bravas,1
2025-03-23T15:02:00,Patatas Bravas,1
2025-03-23T15:02:00,House Red Wine,1
2025-03-23T15:02:00,House Red Wine,1
2025-03-23T15:02:00,Tortilla Española,1
2025-03-23T15:02:00,Patatas Bravas,1
2025-03-23T15:02:00,Patatas Bravas,1
2025-03-23T15:02:00,Mineral Water,1
2025-03-23T15:02:00,House Red Wine,1
2025-03-23T15:03:00,Patatas Bravas,1
2025-03-23T15:03:00,Patatas Bravas,1
2025-03-23T15:03:00,Tortilla Española,1
2025-03-23T15:03:00,Seafood Paella (for 2),1
2025-03-23T15:03:00,Mineral Water,1
2025-03-23T15:03:00,House Red Wine,1
2025-03-24T13:15:00,Menu del Día,1
2025-03-24T13:15:00,Seafood Paella (for 2),1
2025-03-24T13:20:00,Menu del Día,1
2025-03-24T13:20:00,Seafood Paella (for 2),1
2025-03-24T13:27:00,Seafood Paella (for 2),1
2025-03-24T13:37:00,Menu del Día,2
2025-03-24T13:58:00,Menu del Día,1
2025-03-24T14:01:00,Seafood Paella (for 2),1
2025-03-24T14:03:00,Menu del Día,1
2025-03-24T14:03:00,Menu del Día,1
2025-03-24T14:10:00,Menu del Día,2
2025-03-24T14:17:00,Menu del Día,3
2025-03-24T14:17:00,Seafood Paella (for 2),1
2025-03-24T14:18:00,Menu del Día,2
2025-03-24T14:30:00,Menu del Día,2
2025-03-24T14:30:00,Seafood Paella (for 2),1
2025-03-24T14:36:00,Menu del Día,1
2025-03-24T14:36:00,Seafood Paella (for 2),1
2025-03-24T14:37:00,Menu del Día,1
2025-03-24T15:00:00,Menu del Día,1
2025-03-24T15:00:00,Seafood Paella (for 2),1
2025-03-24T15:14:00,Menu del Día,3
2025-03-24T15:15:00,Menu del Día,2
2025-03-24T15:27:00,Menu del Día,2
2025-03-24T15:47:00,Menu del Día,4
2025-03-24T16:02:00,Menu del Día,1
2025-03-24T16:04:00,Menu del Día,2
2025-03-24T16:05:00,Menu del Día,1
2025-03-24T16:10:00,Menu del Día,2
2025-03-24T16:10:00,Seafood Paella (for 2),1
2025-03-24T16:28:00,Menu del Día,1
2025-03-24T16:37:00,Menu del Día,1
2025-03-24T16:56:00,Menu del Día,2
2025-03-24T16:56:00,Seafood Paella (for 2),1
2025-03-24T20:10:00,Patatas Bravas,1
2025-03-24T20:10:00,Patatas Bravas,1
2025-03-24T20:10:00,Tortilla Española,1
2025-03-24T20:10:00,Seafood Paella (for 2),1
2025-03-24T20:10:00,Mineral Water,1
2025-03-24T20:10:00,Mineral Water,1
2025-03-24T20:10:00,Crema Catalana,1
2025-03-24T20:30:00,Patatas Bravas,1
2025-03-24T20:30:00,Tortilla Española,1
2025-03-24T20:30:00,Patatas Bravas,1
2025-03-24T20:30:00,House Red Wine,1
2025-03-24T20:30:00,Mineral Water,1
2025-03-24T20:30:00,Crema Catalana,1
2025-03-24T20:33:00,Tortilla Española,1
2025-03-24T20:33:00,Patatas Bravas,1
2025-03-24T20:33:00,Patatas Bravas,1
2025-03-24T20:33:00,House Red Wine,1
2025-03-24T20:33:00,Mineral Water,1
2025-03-24T20:33:00,Crema Catalana,1
2025-03-24T20:38:00,Patatas Bravas,1
2025-03-24T20:38:00,Tortilla Española,1
2025-03-24T20:38:00,Tortilla Española,1
2025-03-24T20:38:00,Mineral Water,1
2025-03-24T20:38:00,Mineral Water,1
2025-03-24T20:38:00,Crema Catalana,1
2025-03-24T20:39:00,Tortilla Española,1
2025-03-24T20:39:00,Tortilla Española,1
2025-03-24T20:39:00,Patatas Bravas,1
2025-03-24T20:39:00,Tortilla Española,1
2025-03-24T20:39:00,Mineral Water,1
2025-03-24T20:39:00,Mineral Water,1
2025-03-24T20:39:00,Mineral Water,1
2025-03-24T20:39:00,Crema Catalana,1
2025-03-24T20:40:00,Tortilla Española,1
2025-03-24T20:40:00,Patatas Bravas,1
2025-03-24T20:40:00,Tortilla Española,1
2025-03-24T20:40:00,House Red Wine,1
2025-03-24T20:40:00,House Red Wine,1
2025-03-24T20:40:00,Crema Catalana,1
2025-03-24T20:40:00,Crema Catalana,1
2025-03-24T20:47:00,Patatas Bravas,1
2025-03-24T20:47:00,Patatas Bravas,1
2025-03-24T20:47:00,Tortilla Española,1
2025-03-24T20:47:00,Seafood Paella (for 2),1
2025-03-24T20:47:00,House Red Wine,1
2025-03-24T20:47:00,Mineral Water,1
2025-03-24T20:48:00,Patatas Bravas,1
2025-03-24T20:48:00,Tortilla Española,1
2025-03-24T20:48:00,Tortilla Española,1
2025-03-24T20:48:00,Tortilla Española,1
2025-03-24T20:48:00,House Red Wine,1
2025-03-24T20:48:00,House Red Wine,1
2025-03-24T20:48:00,Mineral Water,1
2025-03-24T20:55:00,Patatas Bravas,1
2025-03-24T20:55:00,Patatas Bravas,1
2025-03-24T20:55:00,Patatas Bravas,1
2025-03-24T20:55:00,Mineral Water,1
2025-03-24T20:55:00,House Red Wine,1
2025-03-24T20:58:00,Patatas Bravas,1
2025-03-24T20:58:00,Patatas Bravas,1
2025-03-24T20:58:00,Patatas Bravas,1
2025-03-24T20:58:00,House Red Wine,1
2025-03-24T20:58:00,House Red Wine,1
2025-03-24T21:04:00,Patatas Bravas,1
2025-03-24T21:04:00,Mineral Water,1
2025-03-24T21:05:00,Patatas Bravas,1
2025-03-24T21:05:00,Mineral Water,1
2025-03-24T21:15:00,Patatas Bravas,1
2025-03-24T21:15:00,Tortilla Española,1
2025-03-24T21:15:00,Patatas Bravas,1
2025-03-24T21:15:00,Patatas Bravas,1
2025-03-24T21:15:00,House Red Wine,1
2025-03-24T21:15:00,Mineral Water,1
2025-03-24T21:15:00,Mineral Water,1
2025-03-24T21:20:00,Tortilla Española,1
2025-03-24T21:20:00,Patatas Bravas,1
2025-03-24T21:20:00,Tortilla Española,1
2025-03-24T21:20:00,Tortilla Española,1
2025-03-24T21:20:00,Seafood Paella (for 2),1
2025-03-24T21:20:00,House Red Wine,1
2025-03-24T21:20:00,Mineral Water,1
2025-03-24T21:20:00,House Red Wine,1
2025-03-24T21:21:00,Patatas Bravas,1
2025-03-24T21:21:00,Tortilla Española,1
2025-03-24T21:21:00,Tortilla Española,1
2025-03-24T21:21:00,Tortilla Española,1
2025-03-24T21:21:00,Seafood Paella (for 2),1
2025-03-24T21:21:00,House Red Wine,1
2025-03-24T21:21:00,House Red Wine,1
2025-03-24T21:21:00,House Red Wine,1
2025-03-24T21:38:00,Tortilla Española,1
2025-03-24T21:38:00,Mineral Water,1
2025-03-24T21:38:00,Crema Catalana,1
2025-03-25T13:04:00,Menu del Día,1
2025-03-25T13:04:00,Seafood Paella (for 2),1
2025-03-25T13:14:00,Menu del Día,3
2025-03-25T13:20:00,Menu del Día,2
2025-03-25T13:20:00,Seafood Paella (for 2),1
2025-03-25T13:20:00,Seafood Paella (for 2),1
2025-03-25T13:26:00,Menu del Día,1
2025-03-25T13:27:00,Menu del Día,3
2025-03-25T13:27:00,Seafood Paella (for 2),1
2025-03-25T13:29:00,Menu del Día,1
2025-03-25T13:36:00,Menu del Día,1
2025-03-25T13:37:00,Menu del Día,2
2025-03-25T13:50:00,Menu del Día,3
2025-03-25T14:00:00,Menu del Día,2
2025-03-25T14:00:00,Seafood Paella (for 2),1
2025-03-25T14:00:00,Seafood Paella (for 2),1
2025-03-25T14:03:00,Seafood Paella (for 2),1
2025-03-25T14:03:00,Seafood Paella (for 2),1
2025-03-25T14:03:00,Menu del Día,1
2025-03-25T14:05:00,Menu del Día,3
2025-03-25T14:05:00,Seafood Paella (for 2),1
2025-03-25T14:07:00,Menu del Día,4
2025-03-25T14:09:00,Menu del Día,2
2025-03-25T14:09:00,Menu del Día,3
2025-03-25T14:10:00,Menu del Día,1
2025-03-25T14:19:00,Seafood Paella (for 2),1
2025-03-25T14:20:00,Menu del Día,2
2025-03-25T14:21:00,Menu del Día,1
2025-03-25T14:21:00,Menu del Día,2
2025-03-25T14:22:00,Menu del Día,1
2025-03-25T14:22:00,Seafood Paella (for 2),1
2025-03-25T14:25:00,Menu del Día,1
2025-03-25T14:25:00,Seafood Paella (for 2),1
2025-03-25T14:30:00,Menu del Día,2
2025-03-25T14:30:00,Seafood Paella (for 2),1
2025-03-25T14:38:00,Menu del Día,1
2025-03-25T14:41:00,Menu del Día,2
2025-03-25T14:45:00,Menu del Día,2
2025-03-25T14:48:00,Menu del Día,1
2025-03-25T14:49:00,Menu del Día,2
2025-03-25T14:49:00,Menu del Día,1
2025-03-25T14:50:00,Menu del Día,2
2025-03-25T14:57:00,Menu del Día,1
2025-03-25T15:08:00,Menu del Día,2
2025-03-25T15:09:00,Menu del Día,1
2025-03-25T15:09:00,Seafood Paella (for 2),1
2025-03-25T15:13:00,Menu del Día,2
2025-03-25T15:16:00,Menu del Día,1
2025-03-25T15:16:00,Seafood Paella (for 2),1
2025-03-25T15:19:00,Seafood Paella (for 2),1
2025-03-25T15:22:00,Seafood Paella (for 2),1
2025-03-25T15:25:00,Menu del Día,2
2025-03-25T15:25:00,Seafood Paella (for 2),1
2025-03-25T15:27:00,Seafood Paella (for 2),1
2025-03-25T15:27:00,Seafood Paella (for 2),1
2025-03-25T15:27:00,Seafood Paella (for 2),1
2025-03-25T15:27:00,Seafood Paella (for 2),1
2025-03-25T15:27:00,Seafood Paella (for 2),1
2025-03-25T15:31:00,Menu del Día,2
2025-03-25T15:33:00,Menu del Día,2
2025-03-25T15:39:00,Menu del Día,1
2025-03-25T15:39:00,Seafood Paella (for 2),1
2025-03-25T15:44:00,Menu del Día,3
2025-03-25T15:44:00,Seafood Paella (for 2),1
2025-03-25T15:45:00,Menu del Día,2
2025-03-25T15:49:00,Menu del Día,1
2025-03-25T15:49:00,Seafood Paella (for 2),1
2025-03-25T15:50:00,Menu del Día,2
2025-03-25T15:50:00,Seafood Paella (for 2),1
2025-03-25T15:57:00,Menu del Día,1
2025-03-25T16:36:00,Menu del Día,1
2025-03-25T16:36:00,Seafood Paella (for 2),1
2025-03-25T20:02:00,Tortilla Española,1
2025-03-25T20:02:00,Tortilla Española,1
2025-03-25T20:02:00,Tortilla Española,1
2025-03-25T20:02:00,Seafood Paella (for 2),1
2025-03-25T20:02:00,House Red Wine,1
2025-03-25T20:02:00,Mineral Water,1
2025-03-25T20:06:00,Tortilla Española,1
2025-03-25T20:06:00,Patatas Bravas,1
2025-03-25T20:06:00,Tortilla Española,1
2025-03-25T20:06:00,Patatas Bravas,1
2025-03-25T20:06:00,Mineral Water,1
2025-03-25T20:06:00,Mineral Water,1
2025-03-25T20:06:00,Mineral Water,1
2025-03-25T20:06:00,Crema Catalana,1
2025-03-25T20:06:00,Crema Catalana,1
2025-03-25T20:06:00,Crema Catalana,1
2025-03-25T20:23:00,Tortilla Española,1
2025-03-25T20:23:00,Patatas Bravas,1
2025-03-25T20:23:00,Patatas Bravas,1
2025-03-25T20:23:00,Seafood Paella (for 2),1
2025-03-25T20:23:00,Mineral Water,1
2025-03-25T20:23:00,House Red Wine,1
2025-03-25T20:37:00,Tortilla Española,1
2025-03-25T20:37:00,Patatas Bravas,1
2025-03-25T20:37:00,Tortilla Española,1
2025-03-25T20:37:00,House Red Wine,1
2025-03-25T20:37:00,Mineral Water,1
2025-03-25T20:52:00,Tortilla Española,1
2025-03-25T20:52:00,Patatas Bravas,1
2025-03-25T20:52:00,Tortilla Española,1
2025-03-25T20:52:00,Tortilla Española,1
2025-03-25T20:52:00,Patatas Bravas,1
2025-03-25T20:52:00,Patatas Bravas,1
2025-03-25T20:52:00,House Red Wine,1
2025-03-25T20:52:00,House Red Wine,1
2025-03-25T20:52:00,Mineral Water,1
2025-03-25T20:52:00,Mineral Water,1
2025-03-25T20:52:00,Crema Catalana,1
2025-03-26T13:17:00,Menu del Día,1
2025-03-26T13:17:00,Seafood Paella (for 2),1
2025-03-26T13:30:00,Menu del Día,2
2025-03-26T13:33:00,Menu del Día,1
2025-03-26T13:33:00,Seafood Paella (for 2),1
2025-03-26T13:35:00,Menu del Día,1
2025-03-26T13:37:00,Seafood Paella (for 2),1
2025-03-26T13:45:00,Menu del Día,2
2025-03-26T13:46:00,Menu del Día,2
2025-03-26T13:46:00,Seafood Paella (for 2),1
2025-03-26T13:46:00,Menu del Día,1
2025-03-26T13:46:00,Seafood Paella (for 2),1
2025-03-26T14:02:00,Menu del Día,1
2025-03-26T14:02:00,Seafood Paella (for 2),1
2025-03-26T14:03:00,Menu del Día,1
2025-03-26T14:06:00,Seafood Paella (for 2),1
2025-03-26T14:08:00,Menu del Día,2
2025-03-26T14:12:00,Menu del Día,1
2025-03-26T14:12:00,Seafood Paella (for 2),1
2025-03-26T14:13:00,Menu del Día,1
2025-03-26T14:29:00,Menu del Día,2
2025-03-26T14:31:00,Menu del Día,1
2025-03-26T14:31:00,Seafood Paella (for 2),1
2025-03-26T14:34:00,Menu del Día,2
2025-03-26T14:35:00,Menu del Día,2
2025-03-26T14:37:00,Menu del Día,2
2025-03-26T14:41:00,Menu del Día,3
2025-03-26T14:41:00,Menu del Día,2
2025-03-26T14:43:00,Seafood Paella (for 2),1
2025-03-26T14:48:00,Menu del Día,1
2025-03-26T14:51:00,Menu del Día,1
2025-03-26T14:54:00,Menu del Día,1
2025-03-26T14:54:00,Seafood Paella (for 2),1
2025-03-26T14:56:00,Menu del Día,1
2025-03-26T14:56:00,Seafood Paella (for 2),1
2025-03-26T14:58:00,Menu del Día,1
2025-03-26T14:58:00,Seafood Paella (for 2),1
2025-03-26T14:59:00,Menu del Día,1
2025-03-26T15:07:00,Menu del Día,2
2025-03-26T15:16:00,Menu del Día,3
2025-03-26T15:16:00,Seafood Paella (for 2),1
2025-03-26T15:26:00,Seafood Paella (for 2),1
2025-03-26T15:26:00,Seafood Paella (for 2),1
2025-03-26T15:42:00,Menu del Día,3
2025-03-26T16:04:00,Menu del Día,1
2025-03-26T16:04:00,Seafood Paella (for 2),1
2025-03-26T20:11:00,Patatas Bravas,1
2025-03-26T20:11:00,Tortilla Española,1
2025-03-26T20:11:00,Patatas Bravas,1
2025-03-26T20:11:00,Tortilla Española,1
2025-03-26T20:11:00,House Red Wine,1
2025-03-26T20:11:00,House Red Wine,1
2025-03-26T20:11:00,Mineral Water,1
2025-03-26T20:11:00,Tortilla Española,1
2025-03-26T20:11:00,Tortilla Española,1
2025-03-26T20:11:00,Patatas Bravas,1
2025-03-26T20:11:00,Tortilla Española,1
2025-03-26T20:11:00,House Red Wine,1
2025-03-26T20:11:00,House Red Wine,1
2025-03-26T20:11:00,House Red Wine,1
2025-03-26T20:11:00,Crema Catalana,1
2025-03-26T20:11:00,Crema Catalana,1
2025-03-26T20:11:00,Crema Catalana,1
2025-03-26T20:15:00,Patatas Bravas,1
2025-03-26T20:15:00,Tortilla Española,1
2025-03-26T20:15:00,Tortilla Española,1
2025-03-26T20:15:00,House Red Wine,1
2025-03-26T20:15:00,Mineral Water,1
2025-03-26T20:15:00,Tortilla Española,1
2025-03-26T20:15:00,Tortilla Española,1
2025-03-26T20:15:00,Patatas Bravas,1
2025-03-26T20:15:00,House Red Wine,1
2025-03-26T20:15:00,Mineral Water,1
2025-03-26T20:17:00,Patatas Bravas,1
2025-03-26T20:17:00,Tortilla Española,1
2025-03-26T20:17:00,Patatas Bravas,1
2025-03-26T20:17:00,Tortilla Española,1
2025-03-26T20:17:00,Seafood Paella (for 2),1
2025-03-26T20:17:00,Mineral Water,1
2025-03-26T20:17:00,Mineral Water,1
2025-03-26T20:17:00,Mineral Water,1
2025-03-26T20:17:00,Crema Catalana,1
2025-03-26T20:21:00,Patatas Bravas,1
2025-03-26T20:21:00,Patatas Bravas,1
2025-03-26T20:21:00,Tortilla Española,1
2025-03-26T20:21:00,Mineral Water,1
2025-03-26T20:21:00,Mineral Water,1
2025-03-26T20:21:00,Crema Catalana,1
2025-03-26T20:21:00,Crema Catalana,1
2025-03-26T20:23:00,Tortilla Española,1
2025-03-26T20:23:00,Tortilla Española,1
2025-03-26T20:23:00,Tortilla Española,1
2025-03-26T20:23:00,Patatas Bravas,1
2025-03-26T20:23:00,Tortilla Española,1
2025-03-26T20:23:00,Patatas Bravas,1
2025-03-26T20:23:00,Seafood Paella (for 2),1
2025-03-26T20:23:00,Mineral Water,1
2025-03-26T20:23:00,Mineral Water,1
2025-03-26T20:23:00,Mineral Water,1
2025-03-26T20:23:00,Mineral Water,1
2025-03-26T20:23:00,Patatas Bravas,1
2025-03-26T20:23:00,Patatas Bravas,1
2025-03-26T20:23:00,Tortilla Española,1
2025-03-26T20:23:00,Seafood Paella (for 2),1
2025-03-26T20:23:00,Mineral Water,1
2025-03-26T20:23:00,Mineral Water,1
2025-03-26T20:25:00,Patatas Bravas,1
2025-03-26T20:25:00,Patatas Bravas,1
2025-03-26T20:25:00,Patatas Bravas,1
2025-03-26T20:25:00,Mineral Water,1
2025-03-26T20:25:00,Mineral Water,1
2025-03-26T20:25:00,Crema Catalana,1
2025-03-26T20:28:00,Patatas Bravas,1
2025-03-26T20:28:00,Tortilla Española,1
2025-03-26T20:28:00,Patatas Bravas,1
2025-03-26T20:28:00,Tortilla Española,1
2025-03-26T20:28:00,Tortilla Española,1
2025-03-26T20:28:00,Tortilla Española,1
2025-03-26T20:28:00,Seafood Paella (for 2),1
2025-03-26T20:28:00,Mineral Water,1
2025-03-26T20:28:00,Mineral Water,1
2025-03-26T20:28:00,Mineral Water,1
2025-03-26T20:28:00,Mineral Water,1
2025-03-26T20:49:00,Tortilla Española,1
2025-03-26T20:49:00,Tortilla Española,1
2025-03-26T20:49:00,Patatas Bravas,1
2025-03-26T20:49:00,Mineral Water,1
2025-03-26T20:49:00,House Red Wine,1
2025-03-27T13:11:00,Seafood Paella (for 2),1
2025-03-27T13:17:00,Seafood Paella (for 2),1
2025-03-27T13:22:00,Seafood Paella (for 2),1
2025-03-27T13:23:00,Seafood Paella (for 2),1
2025-03-27T13:23:00,Seafood Paella (for 2),1
2025-03-27T13:27:00,Seafood Paella (for 2),1
2025-03-27T13:37:00,Seafood Paella (for 2),1
2025-03-27T13:43:00,Seafood Paella (for 2),1
2025-03-27T13:43:00,Seafood Paella (for 2),1
2025-03-27T13:45:00,Seafood Paella (for 2),1
2025-03-27T13:47:00,Seafood Paella (for 2),1
2025-03-27T13:53:00,Seafood Paella (for 2),1
2025-03-27T14:01:00,Seafood Paella (for 2),1
2025-03-27T14:03:00,Seafood Paella (for 2),1
2025-03-27T14:05:00,Seafood Paella (for 2),1
2025-03-27T14:05:00,Seafood Paella (for 2),1
2025-03-27T14:07:00,Seafood Paella (for 2),1
2025-03-27T14:12:00,Seafood Paella (for 2),1
2025-03-27T14:12:00,Seafood Paella (for 2),1
2025-03-27T14:12:00,Seafood Paella (for 2),1
2025-03-27T14:19:00,Seafood Paella (for 2),1
2025-03-27T14:19:00,Seafood Paella (for 2),1
2025-03-27T14:20:00,Seafood Paella (for 2),1
2025-03-27T14:24:00,Seafood Paella (for 2),1
2025-03-27T14:29:00,Seafood Paella (for 2),1
2025-03-27T14:40:00,Seafood Paella (for 2),1
2025-03-27T14:45:00,Seafood Paella (for 2),1
2025-03-27T14:53:00,Seafood Paella (for 2),1
2025-03-27T14:55:00,Seafood Paella (for 2),1
2025-03-27T15:31:00,Seafood Paella (for 2),1
2025-03-27T15:32:00,Seafood Paella (for 2),1
2025-03-27T15:47:00,Seafood Paella (for 2),1
2025-03-27T15:47:00,Seafood Paella (for 2),1
2025-03-27T15:51:00,Seafood Paella (for 2),1
2025-03-27T15:53:00,Seafood Paella (for 2),1
2025-03-27T16:13:00,Seafood Paella (for 2),1
2025-03-27T20:00:00,Tortilla Española,1
2025-03-27T20:00:00,Tortilla Española,1
2025-03-27T20:00:00,Patatas Bravas,1
2025-03-27T20:00:00,Seafood Paella (for 2),1
2025-03-27T20:00:00,House Red Wine,1
2025-03-27T20:00:00,Mineral Water,1
2025-03-27T20:03:00,Patatas Bravas,1
2025-03-27T20:03:00,Patatas Bravas,1
2025-03-27T20:03:00,Patatas Bravas,1
2025-03-27T20:03:00,Seafood Paella (for 2),1
2025-03-27T20:03:00,Mineral Water,1
2025-03-27T20:03:00,Mineral Water,1
2025-03-27T20:08:00,Tortilla Española,1
2025-03-27T20:08:00,Tortilla Española,1
2025-03-27T20:08:00,Tortilla Española,1
2025-03-27T20:08:00,Patatas Bravas,1
2025-03-27T20:08:00,Patatas Bravas,1
2025-03-27T20:08:00,Tortilla Española,1
2025-03-27T20:08:00,Seafood Paella (for 2),1
2025-03-27T20:08:00,House Red Wine,1
2025-03-27T20:08:00,Mineral Water,1
2025-03-27T20:08:00,Mineral Water,1
2025-03-27T20:08:00,House Red Wine,1
2025-03-27T20:09:00,Patatas Bravas,1
2025-03-27T20:09:00,Patatas Bravas,1
2025-03-27T20:09:00,Patatas Bravas,1
2025-03-27T20:09:00,House Red Wine,1
2025-03-27T20:09:00,House Red Wine,1
2025-03-27T20:09:00,Tortilla Española,1
2025-03-27T20:09:00,Patatas Bravas,1
2025-03-27T20:09:00,Tortilla Española,1
2025-03-27T20:09:00,Tortilla Española,1
2025-03-27T20:09:00,Seafood Paella (for 2),1
2025-03-27T20:09:00,Mineral Water,1
2025-03-27T20:09:00,House Red Wine,1
2025-03-27T20:09:00,Mineral Water,1
2025-03-27T20:15:00,Tortilla Española,1
2025-03-27T20:15:00,Patatas Bravas,1
2025-03-27T20:15:00,Tortilla Española,1
2025-03-27T20:15:00,Patatas Bravas,1
2025-03-27T20:15:00,House Red Wine,1
2025-03-27T20:15:00,Mineral Water,1
2025-03-27T20:15:00,Mineral Water,1
2025-03-27T20:16:00,Patatas Bravas,1
2025-03-27T20:16:00,Patatas Bravas,1
2025-03-27T20:16:00,Tortilla Española,1
2025-03-27T20:16:00,Seafood Paella (for 2),1
2025-03-27T20:16:00,House Red Wine,1
2025-03-27T20:16:00,House Red Wine,1
2025-03-27T20:20:00,Tortilla Española,1
2025-03-27T20:20:00,Tortilla Española,1
2025-03-27T20:20:00,Tortilla Española,1
2025-03-27T20:20:00,Tortilla Española,1
2025-03-27T20:20:00,Mineral Water,1
2025-03-27T20:20:00,Mineral Water,1
2025-03-27T20:20:00,Mineral Water,1
2025-03-27T20:22:00,Tortilla Española,1
2025-03-27T20:22:00,Patatas Bravas,1
2025-03-27T20:22:00,Patatas Bravas,1
2025-03-27T20:22:00,Tortilla Española,1
2025-03-27T20:22:00,Mineral Water,1
2025-03-27T20:22:00,House Red Wine,1
2025-03-27T20:22:00,Mineral Water,1
2025-03-27T20:22:00,Tortilla Española,1
2025-03-27T20:22:00,Patatas Bravas,1
2025-03-27T20:22:00,Tortilla Española,1
2025-03-27T20:22:00,House Red Wine,1
2025-03-27T20:22:00,House Red Wine,1
2025-03-27T20:27:00,Patatas Bravas,1
2025-03-27T20:27:00,Tortilla Española,1
2025-03-27T20:27:00,Patatas Bravas,1
2025-03-27T20:27:00,Patatas Bravas,1
2025-03-27T20:27:00,Tortilla Española,1
2025-03-27T20:27:00,Patatas Bravas,1
2025-03-27T20:27:00,Seafood Paella (for 2),1
2025-03-27T20:27:00,Mineral Water,1
2025-03-27T20:27:00,Mineral Water,1
2025-03-27T20:27:00,House Red Wine,1
2025-03-27T20:27:00,Mineral Water,1
2025-03-27T20:32:00,Patatas Bravas,1
2025-03-27T20:32:00,Patatas Bravas,1
2025-03-27T20:32:00,Tortilla Española,1
2025-03-27T20:32:00,Seafood Paella (for 2),1
2025-03-27T20:32:00,Mineral Water,1
2025-03-27T20:32:00,Mineral Water,1
2025-03-27T20:33:00,Patatas Bravas,1
2025-03-27T20:33:00,Mineral Water,1
2025-03-27T20:35:00,Patatas Bravas,1
2025-03-27T20:35:00,Tortilla Española,1
2025-03-27T20:35:00,Tortilla Española,1
2025-03-27T20:35:00,Mineral Water,1
2025-03-27T20:35:00,House Red Wine,1
2025-03-27T20:35:00,Patatas Bravas,1
2025-03-27T20:35:00,Tortilla Española,1
2025-03-27T20:35:00,Tortilla Española,1
2025-03-27T20:35:00,Tortilla Española,1
2025-03-27T20:35:00,Patatas Bravas,1
2025-03-27T20:35:00,Tortilla Española,1
2025-03-27T20:35:00,Seafood Paella (for 2),1
2025-03-27T20:35:00,House Red Wine,1
2025-03-27T20:35:00,Mineral Water,1
2025-03-27T20:35:00,House Red Wine,1
2025-03-27T20:35:00,Mineral Water,1
2025-03-27T20:37:00,Patatas Bravas,1
2025-03-27T20:37:00,Tortilla Española,1
2025-03-27T20:37:00,Tortilla Española,1
2025-03-27T20:37:00,Mineral Water,1
2025-03-27T20:37:00,Mineral Water,1
2025-03-27T20:39:00,Patatas Bravas,1
2025-03-27T20:39:00,Tortilla Española,1
2025-03-27T20:39:00,Patatas Bravas,1
2025-03-27T20:39:00,Seafood Paella (for 2),1
2025-03-27T20:39:00,Mineral Water,1
2025-03-27T20:39:00,House Red Wine,1
2025-03-27T20:40:00,Tortilla Española,1
2025-03-27T20:40:00,Patatas Bravas,1
2025-03-27T20:40:00,Patatas Bravas,1
2025-03-27T20:40:00,Mineral Water,1
2025-03-27T20:40:00,Mineral Water,1
2025-03-27T20:41:00,Tortilla Española,1
2025-03-27T20:41:00,House Red Wine,1
2025-03-27T20:43:00,Tortilla Española,1
2025-03-27T20:43:00,Tortilla Española,1
2025-03-27T20:43:00,Patatas Bravas,1
2025-03-27T20:43:00,Tortilla Española,1
2025-03-27T20:43:00,Seafood Paella (for 2),1
2025-03-27T20:43:00,Mineral Water,1
2025-03-27T20:43:00,Mineral Water,1
2025-03-27T20:43:00,House Red Wine,1
2025-03-27T20:44:00,Patatas Bravas,1
2025-03-27T20:44:00,Patatas Bravas,1
2025-03-27T20:44:00,Patatas Bravas,1
2025-03-27T20:44:00,Seafood Paella (for 2),1
2025-03-27T20:44:00,Mineral Water,1
2025-03-27T20:44:00,Mineral Water,1
2025-03-27T20:46:00,Patatas Bravas,1
2025-03-27T20:46:00,House Red Wine,1
2025-03-27T20:54:00,Tortilla Española,1
2025-03-27T20:54:00,Patatas Bravas,1
2025-03-27T20:54:00,Tortilla Española,1
2025-03-27T20:54:00,Tortilla Española,1
2025-03-27T20:54:00,House Red Wine,1
2025-03-27T20:54:00,Mineral Water,1
2025-03-27T20:54:00,Mineral Water,1
2025-03-27T20:54:00,Tortilla Española,1
2025-03-27T20:54:00,Patatas Bravas,1
2025-03-27T20:54:00,Patatas Bravas,1
2025-03-27T20:54:00,Tortilla Española,1
2025-03-27T20:54:00,Patatas Bravas,1
2025-03-27T20:54:00,Patatas Bravas,1
2025-03-27T20:54:00,Seafood Paella (for 2),1
2025-03-27T20:54:00,House Red Wine,1
2025-03-27T20:54:00,House Red Wine,1
2025-03-27T20:54:00,House Red Wine,1
2025-03-27T20:54:00,House Red Wine,1
2025-03-27T20:56:00,Patatas Bravas,1
2025-03-27T20:56:00,House Red Wine,1
2025-03-27T20:57:00,Tortilla Española,1
2025-03-27T20:57:00,Patatas Bravas,1
2025-03-27T20:57:00,Patatas Bravas,1
2025-03-27T20:57:00,House Red Wine,1
2025-03-27T20:57:00,House Red Wine,1
2025-03-27T21:02:00,Patatas Bravas,1
2025-03-27T21:02:00,Tortilla Española,1
2025-03-27T21:02:00,Patatas Bravas,1
2025-03-27T21:02:00,Seafood Paella (for 2),1
2025-03-27T21:02:00,Mineral Water,1
2025-03-27T21:02:00,Mineral Water,1
2025-03-27T21:02:00,Patatas Bravas,1
2025-03-27T21:02:00,Patatas Bravas,1
2025-03-27T21:02:00,Tortilla Española,1
2025-03-27T21:02:00,Seafood Paella (for 2),1
2025-03-27T21:02:00,House Red Wine,1
2025-03-27T21:02:00,House Red Wine,1
2025-03-27T21:04:00,Patatas Bravas,1
2025-03-27T21:04:00,Tortilla Española,1
2025-03-27T21:04:00,Tortilla Española,1
2025-03-27T21:04:00,House Red Wine,1
2025-03-27T21:04:00,Mineral Water,1
2025-03-28T13:16:00,Tortilla Española,1
2025-03-28T13:16:00,Patatas Bravas,1
2025-03-28T13:16:00,Tortilla Española,1
2025-03-28T13:16:00,Mineral Water,1
2025-03-28T13:16:00,House Red Wine,1
2025-03-28T13:17:00,Patatas Bravas,1
2025-03-28T13:17:00,Mineral Water,1
2025-03-28T13:30:00,Patatas Bravas,1
2025-03-28T13:30:00,Tortilla Española,1
2025-03-28T13:30:00,Patatas Bravas,1
2025-03-28T13:30:00,Mineral Water,1
2025-03-28T13:30:00,Mineral Water,1
2025-03-28T13:33:00,Patatas Bravas,1
2025-03-28T13:33:00,House Red Wine,1
2025-03-28T13:33:00,Tortilla Española,1
2025-03-28T13:33:00,Tortilla Española,1
2025-03-28T13:33:00,Patatas Bravas,1
2025-03-28T13:33:00,Seafood Paella (for 2),1
2025-03-28T13:33:00,Mineral Water,1
2025-03-28T13:33:00,House Red Wine,1
2025-03-28T13:36:00,Patatas Bravas,1
2025-03-28T13:36:00,Tortilla Española,1
2025-03-28T13:36:00,Tortilla Española,1
2025-03-28T13:36:00,House Red Wine,1
2025-03-28T13:36:00,House Red Wine,1
2025-03-28T13:38:00,Patatas Bravas,1
2025-03-28T13:38:00,Tortilla Española,1
2025-03-28T13:38:00,Tortilla Española,1
2025-03-28T13:38:00,House Red Wine,1
2025-03-28T13:38:00,Mineral Water,1
2025-03-28T13:45:00,Tortilla Española,1
2025-03-28T13:45:00,Tortilla Española,1
2025-03-28T13:45:00,Tortilla Española,1
2025-03-28T13:45:00,Patatas Bravas,1
2025-03-28T13:45:00,Mineral Water,1
2025-03-28T13:45:00,House Red Wine,1
2025-03-28T13:45:00,House Red Wine,1
2025-03-28T13:47:00,Patatas Bravas,1
2025-03-28T13:47:00,Patatas Bravas,1
2025-03-28T13:47:00,Tortilla Española,1
2025-03-28T13:47:00,House Red Wine,1
2025-03-28T13:47:00,House Red Wine,1
2025-03-28T14:14:00,Tortilla Española,1
2025-03-28T14:14:00,Tortilla Española,1
2025-03-28T14:14:00,Patatas Bravas,1
2025-03-28T14:14:00,Mineral Water,1
2025-03-28T14:14:00,Mineral Water,1
2025-03-28T14:14:00,Patatas Bravas,1
2025-03-28T14:14:00,Patatas Bravas,1
2025-03-28T14:14:00,Tortilla Española,1
2025-03-28T14:14:00,Patatas Bravas,1
2025-03-28T14:14:00,Patatas Bravas,1
2025-03-28T14:14:00,Tortilla Española,1
2025-03-28T14:14:00,House Red Wine,1
2025-03-28T14:14:00,House Red Wine,1
2025-03-28T14:14:00,Mineral Water,1
2025-03-28T14:14:00,Mineral Water,1
2025-03-28T14:20:00,Tortilla Española,1
2025-03-28T14:20:00,Tortilla Española,1
2025-03-28T14:20:00,Patatas Bravas,1
2025-03-28T14:20:00,Seafood Paella (for 2),1
2025-03-28T14:20:00,House Red Wine,1
2025-03-28T14:20:00,Mineral Water,1
2025-03-28T14:49:00,Tortilla Española,1
2025-03-28T14:49:00,Patatas Bravas,1
2025-03-28T14:49:00,Tortilla Española,1
2025-03-28T14:49:00,Tortilla Española,1
2025-03-28T14:49:00,Seafood Paella (for 2),1
2025-03-28T14:49:00,Mineral Water,1
2025-03-28T14:49:00,Mineral Water,1
2025-03-28T14:49:00,House Red Wine,1
2025-03-28T15:01:00,Patatas Bravas,1
2025-03-28T15:01:00,Patatas Bravas,1
2025-03-28T15:01:00,Tortilla Española,1
2025-03-28T15:01:00,Tortilla Española,1
2025-03-28T15:01:00,House Red Wine,1
2025-03-28T15:01:00,Mineral Water,1
2025-03-28T15:01:00,Mineral Water,1
2025-03-28T15:05:00,Patatas Bravas,1
2025-03-28T15:05:00,Patatas Bravas,1
2025-03-28T15:05:00,Tortilla Española,1
2025-03-28T15:05:00,Mineral Water,1
2025-03-28T15:05:00,Mineral Water,1
2025-03-28T15:21:00,Patatas Bravas,1
2025-03-28T15:21:00,Tortilla Española,1
2025-03-28T15:21:00,Tortilla Española,1
2025-03-28T15:21:00,House Red Wine,1
2025-03-28T15:21:00,House Red Wine,1
2025-03-28T15:27:00,Patatas Bravas,1
2025-03-28T15:27:00,Patatas Bravas,1
2025-03-28T15:27:00,Tortilla Española,1
2025-03-28T15:27:00,Tortilla Española,1
2025-03-28T15:27:00,House Red Wine,1
2025-03-28T15:27:00,House Red Wine,1
2025-03-28T15:27:00,Mineral Water,1
2025-03-28T15:28:00,Tortilla Española,1
2025-03-28T15:28:00,Patatas Bravas,1
2025-03-28T15:28:00,Patatas Bravas,1
2025-03-28T15:28:00,Mineral Water,1
2025-03-28T15:28:00,House Red Wine,1
2025-03-28T15:32:00,Patatas Bravas,1
2025-03-28T15:32:00,Tortilla Española,1
2025-03-28T15:32:00,Patatas Bravas,1
2025-03-28T15:32:00,Mineral Water,1
2025-03-28T15:32:00,Mineral Water,1
2025-03-28T15:35:00,Tortilla Española,1
2025-03-28T15:35:00,Patatas Bravas,1
2025-03-28T15:35:00,Patatas Bravas,1
2025-03-28T15:35:00,House Red Wine,1
2025-03-28T15:35:00,Mineral Water,1
2025-03-28T15:36:00,Tortilla Española,1
2025-03-28T15:36:00,Patatas Bravas,1
2025-03-28T15:36:00,Patatas Bravas,1
2025-03-28T15:36:00,Patatas Bravas,1
2025-03-28T15:36:00,House Red Wine,1
2025-03-28T15:36:00,House Red Wine,1
2025-03-28T15:36:00,Mineral Water,1
2025-03-28T15:52:00,Patatas Bravas,1
2025-03-28T15:52:00,Tortilla Española,1
2025-03-28T15:52:00,Tortilla Española,1
2025-03-28T15:52:00,Tortilla Española,1
2025-03-28T15:52:00,House Red Wine,1
2025-03-28T15:52:00,Mineral Water,1
2025-03-28T15:52:00,Mineral Water,1
2025-03-28T16:07:00,Tortilla Española,1
2025-03-28T16:07:00,Patatas Bravas,1
2025-03-28T16:07:00,Patatas Bravas,1
2025-03-28T16:07:00,Patatas Bravas,1
2025-03-28T16:07:00,Tortilla Española,1
2025-03-28T16:07:00,Tortilla Española,1
2025-03-28T16:07:00,Seafood Paella (for 2),1
2025-03-28T16:07:00,Mineral Water,1
2025-03-28T16:07:00,House Red Wine,1
2025-03-28T16:07:00,House Red Wine,1
2025-03-28T16:07:00,House Red Wine,1
2025-03-28T16:08:00,Patatas Bravas,1
2025-03-28T16:08:00,Tortilla Española,1
2025-03-28T16:08:00,Patatas Bravas,1
2025-03-28T16:08:00,House Red Wine,1
2025-03-28T16:08:00,Mineral Water,1
2025-03-28T16:09:00,Tortilla Española,1
2025-03-28T16:09:00,House Red Wine,1
2025-03-28T16:10:00,Patatas Bravas,1
2025-03-28T16:10:00,Tortilla Española,1
2025-03-28T16:10:00,Tortilla Española,1
2025-03-28T16:10:00,Patatas Bravas,1
2025-03-28T16:10:00,Tortilla Española,1
2025-03-28T16:10:00,Tortilla Española,1
2025-03-28T16:10:00,Mineral Water,1
2025-03-28T16:10:00,Mineral Water,1
2025-03-28T16:10:00,House Red Wine,1
2025-03-28T16:10:00,Mineral Water,1
2025-03-28T16:14:00,Tortilla Española,1
2025-03-28T16:14:00,Tortilla Española,1
2025-03-28T16:14:00,Tortilla Española,1
2025-03-28T16:14:00,Tortilla Española,1
2025-03-28T16:14:00,Mineral Water,1
2025-03-28T16:14:00,House Red Wine,1
2025-03-28T16:14:00,House Red Wine,1
2025-03-28T16:16:00,Patatas Bravas,1
2025-03-28T16:16:00,Patatas Bravas,1
2025-03-28T16:16:00,Patatas Bravas,1
2025-03-28T16:16:00,Mineral Water,1
2025-03-28T16:16:00,House Red Wine,1
2025-03-28T16:21:00,Tortilla Española,1
2025-03-28T16:21:00,House Red Wine,1
2025-03-28T16:28:00,Tortilla Española,1
2025-03-28T16:28:00,Patatas Bravas,1
2025-03-28T16:28:00,Tortilla Española,1
2025-03-28T16:28:00,Seafood Paella (for 2),1
2025-03-28T16:28:00,House Red Wine,1
2025-03-28T16:28:00,House Red Wine,1
2025-03-28T16:32:00,Patatas Bravas,1
2025-03-28T16:32:00,Patatas Bravas,1
2025-03-28T16:32:00,Patatas Bravas,1
2025-03-28T16:32:00,Tortilla Española,1
2025-03-28T16:32:00,Mineral Water,1
2025-03-28T16:32:00,Mineral Water,1
2025-03-28T16:32:00,Mineral Water,1
2025-03-28T16:35:00,Tortilla Española,1
2025-03-28T16:35:00,Patatas Bravas,1
2025-03-28T16:35:00,Patatas Bravas,1
2025-03-28T16:35:00,Tortilla Española,1
2025-03-28T16:35:00,Seafood Paella (for 2),1
2025-03-28T16:35:00,Mineral Water,1
2025-03-28T16:35:00,Mineral Water,1
2025-03-28T16:35:00,Mineral Water,1
2025-03-28T16:35:00,Patatas Bravas,1
2025-03-28T16:35:00,Patatas Bravas,1
2025-03-28T16:35:00,Patatas Bravas,1
2025-03-28T16:35:00,Seafood Paella (for 2),1
2025-03-28T16:35:00,Mineral Water,1
2025-03-28T16:35:00,House Red Wine,1
2025-03-28T16:37:00,Tortilla Española,1
2025-03-28T16:37:00,Tortilla Española,1
2025-03-28T16:37:00,Tortilla Española,1
2025-03-28T16:37:00,Mineral Water,1
2025-03-28T16:37:00,House Red Wine,1
2025-03-28T16:37:00,Tortilla Española,1
2025-03-28T16:37:00,Patatas Bravas,1
2025-03-28T16:37:00,Patatas Bravas,1
2025-03-28T16:37:00,Mineral Water,1
2025-03-28T16:37:00,House Red Wine,1
2025-03-28T16:38:00,Patatas Bravas,1
2025-03-28T16:38:00,Tortilla Española,1
2025-03-28T16:38:00,Patatas Bravas,1
2025-03-28T16:38:00,Patatas Bravas,1
2025-03-28T16:38:00,Tortilla Española,1
2025-03-28T16:38:00,Patatas Bravas,1
2025-03-28T16:38:00,House Red Wine,1
2025-03-28T16:38:00,Mineral Water,1
2025-03-28T16:38:00,House Red Wine,1
2025-03-28T16:38:00,House Red Wine,1
2025-03-28T16:55:00,Tortilla Española,1
2025-03-28T16:55:00,Seafood Paella (for 2),1
2025-03-28T16:55:00,House Red Wine,1
2025-03-29T13:10:00,Patatas Bravas,1
2025-03-29T13:10:00,Patatas Bravas,1
2025-03-29T13:10:00,Patatas Bravas,1
2025-03-29T13:10:00,Patatas Bravas,1
2025-03-29T13:10:00,Patatas Bravas,1
2025-03-29T13:10:00,Tortilla Española,1
2025-03-29T13:10:00,Seafood Paella (for 2),1
2025-03-29T13:10:00,Mineral Water,1
2025-03-29T13:10:00,House Red Wine,1
2025-03-29T13:10:00,Mineral Water,1
2025-03-29T13:10:00,Mineral Water,1
2025-03-29T13:11:00,Tortilla Española,1
2025-03-29T13:11:00,Patatas Bravas,1
2025-03-29T13:11:00,Tortilla Española,1
2025-03-29T13:11:00,Patatas Bravas,1
2025-03-29T13:11:00,House Red Wine,1
2025-03-29T13:11:00,Mineral Water,1
2025-03-29T13:11:00,House Red Wine,1
2025-03-29T13:13:00,Patatas Bravas,1
2025-03-29T13:13:00,Tortilla Española,1
2025-03-29T13:13:00,Patatas Bravas,1
2025-03-29T13:13:00,Seafood Paella (for 2),1
2025-03-29T13:13:00,House Red Wine,1
2025-03-29T13:13:00,Mineral Water,1
2025-03-29T13:14:00,Patatas Bravas,1
2025-03-29T13:14:00,Patatas Bravas,1
2025-03-29T13:14:00,Patatas Bravas,1
2025-03-29T13:14:00,Seafood Paella (for 2),1
2025-03-29T13:14:00,House Red Wine,1
2025-03-29T13:14:00,Mineral Water,1
2025-03-29T13:17:00,Patatas Bravas,1
2025-03-29T13:17:00,Tortilla Española,1
2025-03-29T13:17:00,Tortilla Española,1
2025-03-29T13:17:00,Patatas Bravas,1
2025-03-29T13:17:00,Seafood Paella (for 2),1
2025-03-29T13:17:00,Mineral Water,1
2025-03-29T13:17:00,House Red Wine,1
2025-03-29T13:17:00,House Red Wine,1
2025-03-29T13:33:00,Patatas Bravas,1
2025-03-29T13:33:00,Patatas Bravas,1
2025-03-29T13:33:00,Tortilla Española,1
2025-03-29T13:33:00,House Red Wine,1
2025-03-29T13:33:00,House Red Wine,1
2025-03-29T13:35:00,Tortilla Española,1
2025-03-29T13:35:00,Patatas Bravas,1
2025-03-29T13:35:00,Tortilla Española,1
2025-03-29T13:35:00,House Red Wine,1
2025-03-29T13:35:00,Mineral Water,1
2025-03-29T13:35:00,Tortilla Española,1
2025-03-29T13:35:00,Mineral Water,1
2025-03-29T13:38:00,Patatas Bravas,1
2025-03-29T13:38:00,Tortilla Española,1
2025-03-29T13:38:00,Patatas Bravas,1
2025-03-29T13:38:00,Tortilla Española,1
2025-03-29T13:38:00,Patatas Bravas,1
2025-03-29T13:38:00,Patatas Bravas,1
2025-03-29T13:38:00,Seafood Paella (for 2),1
2025-03-29T13:38:00,Mineral Water,1
2025-03-29T13:38:00,Mineral Water,1
2025-03-29T13:38:00,House Red Wine,1
2025-03-29T13:38:00,Mineral Water,1
2025-03-29T13:42:00,Tortilla Española,1
2025-03-29T13:42:00,Patatas Bravas,1
2025-03-29T13:42:00,Patatas Bravas,1
2025-03-29T13:42:00,House Red Wine,1
2025-03-29T13:42:00,Mineral Water,1
2025-03-29T13:48:00,Patatas Bravas,1
2025-03-29T13:48:00,Patatas Bravas,1
2025-03-29T13:48:00,Tortilla Española,1
2025-03-29T13:48:00,Patatas Bravas,1
2025-03-29T13:48:00,Tortilla Española,1
2025-03-29T13:48:00,Patatas Bravas,1
2025-03-29T13:48:00,House Red Wine,1
2025-03-29T13:48:00,House Red Wine,1
2025-03-29T13:48:00,House Red Wine,1
2025-03-29T13:48:00,Mineral Water,1
2025-03-29T13:56:00,Tortilla Española,1
2025-03-29T13:56:00,Patatas Bravas,1
2025-03-29T13:56:00,Tortilla Española,1
2025-03-29T13:56:00,Tortilla Española,1
2025-03-29T13:56:00,Seafood Paella (for 2),1
2025-03-29T13:56:00,House Red Wine,1
2025-03-29T13:56:00,House Red Wine,1
2025-03-29T13:56:00,Mineral Water,1
2025-03-29T13:57:00,Tortilla Española,1
2025-03-29T13:57:00,Mineral Water,1
2025-03-29T14:00:00,Patatas Bravas,1
2025-03-29T14:00:00,Tortilla Española,1
2025-03-29T14:00:00,Patatas Bravas,1
2025-03-29T14:00:00,House Red Wine,1
2025-03-29T14:00:00,Mineral Water,1
2025-03-29T14:00:00,Tortilla Española,1
2025-03-29T14:00:00,Tortilla Española,1
2025-03-29T14:00:00,Patatas Bravas,1
2025-03-29T14:00:00,Patatas Bravas,1
2025-03-29T14:00:00,Seafood Paella (for 2),1
2025-03-29T14:00:00,House Red Wine,1
2025-03-29T14:00:00,House Red Wine,1
2025-03-29T14:00:00,House Red Wine,1
2025-03-29T14:01:00,Tortilla Española,1
2025-03-29T14:01:00,Tortilla Española,1
2025-03-29T14:01:00,Tortilla Española,1
2025-03-29T14:01:00,House Red Wine,1
2025-03-29T14:01:00,House Red Wine,1
2025-03-29T14:01:00,Tortilla Española,1
2025-03-29T14:01:00,Patatas Bravas,1
2025-03-29T14:01:00,Patatas Bravas,1
2025-03-29T14:01:00,House Red Wine,1
2025-03-29T14:01:00,House Red Wine,1
2025-03-29T14:02:00,Tortilla Española,1
2025-03-29T14:02:00,Tortilla Española,1
2025-03-29T14:02:00,Patatas Bravas,1
2025-03-29T14:02:00,Mineral Water,1
2025-03-29T14:02:00,House Red Wine,1
2025-03-29T14:06:00,Patatas Bravas,1
2025-03-29T14:06:00,Patatas Bravas,1
2025-03-29T14:06:00,Patatas Bravas,1
2025-03-29T14:06:00,House Red Wine,1
2025-03-29T14:06:00,Mineral Water,1
2025-03-29T14:11:00,Tortilla Española,1
2025-03-29T14:11:00,Tortilla Española,1
2025-03-29T14:11:00,Tortilla Española,1
2025-03-29T14:11:00,House Red Wine,1
2025-03-29T14:11:00,Mineral Water,1
2025-03-29T14:12:00,Tortilla Española,1
2025-03-29T14:12:00,Patatas Bravas,1
2025-03-29T14:12:00,Patatas Bravas,1
2025-03-29T14:12:00,House Red Wine,1
2025-03-29T14:12:00,Mineral Water,1
2025-03-29T14:12:00,Tortilla Española,1
2025-03-29T14:12:00,Patatas Bravas,1
2025-03-29T14:12:00,Patatas Bravas,1
2025-03-29T14:12:00,House Red Wine,1
2025-03-29T14:12:00,Mineral Water,1
2025-03-29T14:16:00,Patatas Bravas,1
2025-03-29T14:16:00,Patatas Bravas,1
2025-03-29T14:16:00,Patatas Bravas,1
2025-03-29T14:16:00,Tortilla Española,1
2025-03-29T14:16:00,Patatas Bravas,1
2025-03-29T14:16:00,Tortilla Española,1
2025-03-29T14:16:00,House Red Wine,1
2025-03-29T14:16:00,House Red Wine,1
2025-03-29T14:16:00,House Red Wine,1
2025-03-29T14:16:00,House Red Wine,1
2025-03-29T14:17:00,Patatas Bravas,1
2025-03-29T14:17:00,Patatas Bravas,1
2025-03-29T14:17:00,Patatas Bravas,1
2025-03-29T14:17:00,Seafood Paella (for 2),1
2025-03-29T14:17:00,House Red Wine,1
2025-03-29T14:17:00,Mineral Water,1
2025-03-29T14:19:00,Tortilla Española,1
2025-03-29T14:19:00,Tortilla Española,1
2025-03-29T14:19:00,Tortilla Española,1
2025-03-29T14:19:00,House Red Wine,1
2025-03-29T14:19:00,Mineral Water,1
2025-03-29T14:22:00,Patatas Bravas,1
2025-03-29T14:22:00,Patatas Bravas,1
2025-03-29T14:22:00,Patatas Bravas,1
2025-03-29T14:22:00,House Red Wine,1
2025-03-29T14:22:00,Mineral Water,1
2025-03-29T14:25:00,Tortilla Española,1
2025-03-29T14:25:00,Tortilla Española,1
2025-03-29T14:25:00,Tortilla Española,1
2025-03-29T14:25:00,Patatas Bravas,1
2025-03-29T14:25:00,Mineral Water,1
2025-03-29T14:25:00,Mineral Water,1
2025-03-29T14:25:00,Mineral Water,1
2025-03-29T14:26:00,Patatas Bravas,1
2025-03-29T14:26:00,House Red Wine,1
2025-03-29T14:27:00,Patatas Bravas,1
2025-03-29T14:27:00,Tortilla Española,1
2025-03-29T14:27:00,Tortilla Española,1
2025-03-29T14:27:00,Seafood Paella (for 2),1
2025-03-29T14:27:00,Mineral Water,1
2025-03-29T14:27:00,House Red Wine,1
2025-03-29T14:27:00,Tortilla Española,1
2025-03-29T14:27:00,Patatas Bravas,1
2025-03-29T14:27:00,Patatas Bravas,1
2025-03-29T14:27:00,Mineral Water,1
2025-03-29T14:27:00,House Red Wine,1
2025-03-29T14:29:00,Patatas Bravas,1
2025-03-29T14:29:00,Patatas Bravas,1
2025-03-29T14:29:00,Tortilla Española,1
2025-03-29T14:29:00,Mineral Water,1
2025-03-29T14:29:00,House Red Wine,1
2025-03-29T14:30:00,Tortilla Española,1
2025-03-29T14:30:00,Patatas Bravas,1
2025-03-29T14:30:00,Tortilla Española,1
2025-03-29T14:30:00,Patatas Bravas,1
2025-03-29T14:30:00,Seafood Paella (for 2),1
2025-03-29T14:30:00,Mineral Water,1
2025-03-29T14:30:00,House Red Wine,1
2025-03-29T14:30:00,Mineral Water,1
2025-03-29T14:32:00,Tortilla Española,1
2025-03-29T14:32:00,Patatas Bravas,1
2025-03-29T14:32:00,Patatas Bravas,1
2025-03-29T14:32:00,House Red Wine,1
2025-03-29T14:32:00,House Red Wine,1
2025-03-29T14:32:00,Tortilla Española,1
2025-03-29T14:32:00,Tortilla Española,1
2025-03-29T14:32:00,Tortilla Española,1
2025-03-29T14:32:00,Mineral Water,1
2025-03-29T14:32:00,House Red Wine,1
2025-03-29T14:40:00,Patatas Bravas,1
2025-03-29T14:40:00,Patatas Bravas,1
2025-03-29T14:40:00,Tortilla Española,1
2025-03-29T14:40:00,Seafood Paella (for 2),1
2025-03-29T14:40:00,Mineral Water,1
2025-03-29T14:40:00,House Red Wine,1
2025-03-29T14:40:00,Tortilla Española,1
2025-03-29T14:40:00,Seafood Paella (for 2),1
2025-03-29T14:40:00,Mineral Water,1
2025-03-29T14:54:00,Patatas Bravas,1
2025-03-29T14:54:00,Mineral Water,1
2025-03-29T23:38:00,Patatas Bravas,1
2025-03-29T23:38:00,Mineral Water,1
2025-03-30T13:03:00,Tortilla Española,1
2025-03-30T13:03:00,Patatas Bravas,1
2025-03-30T13:03:00,Tortilla Española,1
2025-03-30T13:03:00,Tortilla Española,1
2025-03-30T13:03:00,Seafood Paella (for 2),1
2025-03-30T13:03:00,House Red Wine,1
2025-03-30T13:03:00,House Red Wine,1
2025-03-30T13:03:00,Mineral Water,1
2025-03-30T13:03:00,Crema Catalana,1
2025-03-30T13:03:00,Patatas Bravas,1
2025-03-30T13:03:00,Tortilla Española,1
2025-03-30T13:03:00,Tortilla Española,1
2025-03-30T13:03:00,Tortilla Española,1
2025-03-30T13:03:00,Tortilla Española,1
2025-03-30T13:03:00,Patatas Bravas,1
2025-03-30T13:03:00,Seafood Paella (for 2),1
2025-03-30T13:03:00,House Red Wine,1
2025-03-30T13:03:00,House Red Wine,1
2025-03-30T13:03:00,Mineral Water,1
2025-03-30T13:03:00,Mineral Water,1
2025-03-30T13:04:00,Tortilla Española,1
2025-03-30T13:04:00,Tortilla Española,1
2025-03-30T13:04:00,Tortilla Española,1
2025-03-30T13:04:00,Seafood Paella (for 2),1
2025-03-30T13:04:00,House Red Wine,1
2025-03-30T13:04:00,House Red Wine,1
2025-03-30T13:04:00,Crema Catalana,1
2025-03-30T13:04:00,Crema Catalana,1
2025-03-30T13:04:00,Patatas Bravas,1
2025-03-30T13:04:00,Tortilla Española,1
2025-03-30T13:04:00,Tortilla Española,1
2025-03-30T13:04:00,Tortilla Española,1
2025-03-30T13:04:00,Seafood Paella (for 2),1
2025-03-30T13:04:00,House Red Wine,1
2025-03-30T13:04:00,Mineral Water,1
2025-03-30T13:04:00,Mineral Water,1
2025-03-30T13:04:00,Crema Catalana,1
2025-03-30T13:04:00,Crema Catalana,1
2025-03-30T13:08:00,Patatas Bravas,1
2025-03-30T13:08:00,Tortilla Española,1
2025-03-30T13:08:00,Patatas Bravas,1
2025-03-30T13:08:00,Seafood Paella (for 2),1
2025-03-30T13:08:00,Mineral Water,1
2025-03-30T13:08:00,Mineral Water,1
2025-03-30T13:08:00,Patatas Bravas,1
2025-03-30T13:08:00,Patatas Bravas,1
2025-03-30T13:08:00,Tortilla Española,1
2025-03-30T13:08:00,Seafood Paella (for 2),1
2025-03-30T13:08:00,House Red Wine,1
2025-03-30T13:08:00,House Red Wine,1
2025-03-30T13:08:00,Patatas Bravas,1
2025-03-30T13:08:00,Patatas Bravas,1
2025-03-30T13:08:00,Patatas Bravas,1
2025-03-30T13:08:00,Tortilla Española,1
2025-03-30T13:08:00,Patatas Bravas,1
2025-03-30T13:08:00,Tortilla Española,1
2025-03-30T13:08:00,House Red Wine,1
2025-03-30T13:08:00,Mineral Water,1
2025-03-30T13:08:00,Mineral Water,1
2025-03-30T13:08:00,Mineral Water,1
2025-03-30T13:08:00,Crema Catalana,1
2025-03-30T13:08:00,Crema Catalana,1
2025-03-30T13:08:00,Crema Catalana,1
2025-03-30T13:08:00,Crema Catalana,1
2025-03-30T13:12:00,Tortilla Española,1
2025-03-30T13:12:00,Tortilla Española,1
2025-03-30T13:12:00,Tortilla Española,1
2025-03-30T13:12:00,Seafood Paella (for 2),1
2025-03-30T13:12:00,Mineral Water,1
2025-03-30T13:12:00,Mineral Water,1
2025-03-30T13:12:00,Patatas Bravas,1
2025-03-30T13:12:00,Patatas Bravas,1
2025-03-30T13:12:00,Patatas Bravas,1
2025-03-30T13:12:00,House Red Wine,1
2025-03-30T13:12:00,Mineral Water,1
2025-03-30T13:16:00,Tortilla Española,1
2025-03-30T13:16:00,Tortilla Española,1
2025-03-30T13:16:00,Patatas Bravas,1
2025-03-30T13:16:00,Mineral Water,1
2025-03-30T13:16:00,House Red Wine,1
2025-03-30T13:16:00,Crema Catalana,1
2025-03-30T13:27:00,Patatas Bravas,1
2025-03-30T13:27:00,Patatas Bravas,1
2025-03-30T13:27:00,Patatas Bravas,1
2025-03-30T13:27:00,Mineral Water,1
2025-03-30T13:27:00,Mineral Water,1
2025-03-30T13:34:00,Tortilla Española,1
2025-03-30T13:34:00,Tortilla Española,1
2025-03-30T13:34:00,Tortilla Española,1
2025-03-30T13:34:00,Seafood Paella (for 2),1
2025-03-30T13:34:00,Mineral Water,1
2025-03-30T13:34:00,Mineral Water,1
2025-03-30T13:36:00,Tortilla Española,1
2025-03-30T13:36:00,Patatas Bravas,1
2025-03-30T13:36:00,Patatas Bravas,1
2025-03-30T13:36:00,Patatas Bravas,1
2025-03-30T13:36:00,Patatas Bravas,1
2025-03-30T13:36:00,Tortilla Española,1
2025-03-30T13:36:00,Seafood Paella (for 2),1
2025-03-30T13:36:00,Mineral Water,1
2025-03-30T13:36:00,House Red Wine,1
2025-03-30T13:36:00,Mineral Water,1
2025-03-30T13:36:00,Mineral Water,1
2025-03-30T13:38:00,Tortilla Española,1
2025-03-30T13:38:00,Patatas Bravas,1
2025-03-30T13:38:00,Tortilla Española,1
2025-03-30T13:38:00,Seafood Paella (for 2),1
2025-03-30T13:38:00,House Red Wine,1
2025-03-30T13:38:00,Mineral Water,1
2025-03-30T13:38:00,Crema Catalana,1
2025-03-30T13:38:00,Crema Catalana,1
2025-03-30T13:41:00,Tortilla Española,1
2025-03-30T13:41:00,Patatas Bravas,1
2025-03-30T13:41:00,Patatas Bravas,1
2025-03-30T13:41:00,Tortilla Española,1
2025-03-30T13:41:00,Tortilla Española,1
2025-03-30T13:41:00,Tortilla Española,1
2025-03-30T13:41:00,House Red Wine,1
2025-03-30T13:41:00,Mineral Water,1
2025-03-30T13:41:00,Mineral Water,1
2025-03-30T13:41:00,House Red Wine,1
2025-03-30T13:41:00,Crema Catalana,1
2025-03-30T13:41:00,Patatas Bravas,1
2025-03-30T13:41:00,Patatas Bravas,1
2025-03-30T13:41:00,Tortilla Española,1
2025-03-30T13:41:00,House Red Wine,1
2025-03-30T13:41:00,Mineral Water,1
2025-03-30T13:41:00,Crema Catalana,1
2025-03-30T13:41:00,Crema Catalana,1
2025-03-30T13:43:00,Patatas Bravas,1
2025-03-30T13:43:00,Tortilla Española,1
2025-03-30T13:43:00,Patatas Bravas,1
2025-03-30T13:43:00,Seafood Paella (for 2),1
2025-03-30T13:43:00,Mineral Water,1
2025-03-30T13:43:00,House Red Wine,1
2025-03-30T13:43:00,Crema Catalana,1
2025-03-30T13:43:00,Crema Catalana,1
2025-03-30T13:45:00,Patatas Bravas,1
2025-03-30T13:45:00,Mineral Water,1
2025-03-30T13:45:00,Crema Catalana,1
2025-03-30T13:48:00,Patatas Bravas,1
2025-03-30T13:48:00,Patatas Bravas,1
2025-03-30T13:48:00,Tortilla Española,1
2025-03-30T13:48:00,Tortilla Española,1
2025-03-30T13:48:00,Tortilla Española,1
2025-03-30T13:48:00,Patatas Bravas,1
2025-03-30T13:48:00,Seafood Paella (for 2),1
2025-03-30T13:48:00,House Red Wine,1
2025-03-30T13:48:00,Mineral Water,1
2025-03-30T13:48:00,House Red Wine,1
2025-03-30T13:48:00,House Red Wine,1
2025-03-30T13:48:00,Crema Catalana,1
2025-03-30T13:48:00,Crema Catalana,1
2025-03-30T13:48:00,Crema Catalana,1
2025-03-30T13:48:00,Crema Catalana,1
2025-03-30T13:50:00,Tortilla Española,1
2025-03-30T13:50:00,Patatas Bravas,1
2025-03-30T13:50:00,Tortilla Española,1
2025-03-30T13:50:00,Tortilla Española,1
2025-03-30T13:50:00,Seafood Paella (for 2),1
2025-03-30T13:50:00,Mineral Water,1
2025-03-30T13:50:00,House Red Wine,1
2025-03-30T13:50:00,Mineral Water,1
2025-03-30T13:50:00,Crema Catalana,1
2025-03-30T13:50:00,Crema Catalana,1
2025-03-30T13:51:00,Tortilla Española,1
2025-03-30T13:51:00,Tortilla Española,1
2025-03-30T13:51:00,Patatas Bravas,1
2025-03-30T13:51:00,House Red Wine,1
2025-03-30T13:51:00,House Red Wine,1
2025-03-30T13:58:00,Patatas Bravas,1
2025-03-30T13:58:00,Tortilla Española,1
2025-03-30T13:58:00,Patatas Bravas,1
2025-03-30T13:58:00,Mineral Water,1
2025-03-30T13:58:00,House Red Wine,1
2025-03-30T13:59:00,Tortilla Española,1
2025-03-30T13:59:00,Patatas Bravas,1
2025-03-30T13:59:00,Tortilla Española,1
2025-03-30T13:59:00,Tortilla Española,1
2025-03-30T13:59:00,Mineral Water,1
2025-03-30T13:59:00,Mineral Water,1
2025-03-30T13:59:00,House Red Wine,1
2025-03-30T13:59:00,Crema Catalana,1
2025-03-30T13:59:00,Crema Catalana,1
2025-03-30T13:59:00,Crema Catalana,1
2025-03-30T13:59:00,Patatas Bravas,1
2025-03-30T13:59:00,Mineral Water,1
2025-03-30T13:59:00,Crema Catalana,1
2025-03-30T14:01:00,Patatas Bravas,1
2025-03-30T14:01:00,Tortilla Española,1
2025-03-30T14:01:00,Patatas Bravas,1
2025-03-30T14:01:00,House Red Wine,1
2025-03-30T14:01:00,House Red Wine,1
2025-03-30T14:01:00,Patatas Bravas,1
2025-03-30T14:01:00,Patatas Bravas,1
2025-03-30T14:01:00,Patatas Bravas,1
2025-03-30T14:01:00,Mineral Water,1
2025-03-30T14:01:00,House Red Wine,1
2025-03-30T14:01:00,Crema Catalana,1
2025-03-30T14:03:00,Tortilla Española,1
2025-03-30T14:03:00,House Red Wine,1
2025-03-30T14:10:00,Patatas Bravas,1
2025-03-30T14:10:00,Patatas Bravas,1
2025-03-30T14:10:00,Tortilla Española,1
2025-03-30T14:10:00,Seafood Paella (for 2),1
2025-03-30T14:10:00,House Red Wine,1
2025-03-30T14:10:00,House Red Wine,1
2025-03-30T14:16:00,Patatas Bravas,1
2025-03-30T14:16:00,Seafood Paella (for 2),1
2025-03-30T14:16:00,House Red Wine,1
2025-03-30T14:16:00,Crema Catalana,1
2025-03-30T14:18:00,Tortilla Española,1
2025-03-30T14:18:00,Patatas Bravas,1
2025-03-30T14:18:00,Tortilla Española,1
2025-03-30T14:18:00,House Red Wine,1
2025-03-30T14:18:00,House Red Wine,1
2025-03-31T13:01:00,Seafood Paella (for 2),1
2025-03-31T13:10:00,Menu del Día,3
2025-03-31T13:10:00,Seafood Paella (for 2),1
2025-03-31T13:16:00,Menu del Día,3
2025-03-31T13:17:00,Menu del Día,1
2025-03-31T13:17:00,Seafood Paella (for 2),1
2025-03-31T13:24:00,Menu del Día,2
2025-03-31T13:25:00,Menu del Día,2
2025-03-31T13:25:00,Seafood Paella (for 2),1
2025-03-31T13:25:00,Seafood Paella (for 2),1
2025-03-31T13:44:00,Menu del Día,2
2025-03-31T13:47:00,Menu del Día,4
2025-03-31T13:48:00,Menu del Día,2
2025-03-31T13:57:00,Menu del Día,1
2025-03-31T13:59:00,Menu del Día,1
2025-03-31T14:00:00,Menu del Día,2
2025-03-31T14:00:00,Seafood Paella (for 2),1
2025-03-31T14:00:00,Seafood Paella (for 2),1
2025-03-31T14:03:00,Menu del Día,1
2025-03-31T14:07:00,Menu del Día,2
2025-03-31T14:08:00,Menu del Día,2
2025-03-31T14:10:00,Menu del Día,2
2025-03-31T14:11:00,Menu del Día,2
2025-03-31T14:13:00,Menu del Día,1
2025-03-31T14:17:00,Menu del Día,1
2025-03-31T14:19:00,Menu del Día,2
2025-03-31T14:19:00,Menu del Día,4
2025-03-31T14:21:00,Menu del Día,2
2025-03-31T14:22:00,Menu del Día,2
2025-03-31T14:23:00,Menu del Día,1
2025-03-31T14:26:00,Menu del Día,1
2025-03-31T14:28:00,Menu del Día,3
2025-03-31T14:28:00,Seafood Paella (for 2),1
2025-03-31T14:31:00,Menu del Día,1
2025-03-31T14:31:00,Menu del Día,1
2025-03-31T14:31:00,Seafood Paella (for 2),1
2025-03-31T14:33:00,Seafood Paella (for 2),1
2025-03-31T14:34:00,Menu del Día,4
2025-03-31T14:39:00,Menu del Día,1
2025-03-31T14:39:00,Seafood Paella (for 2),1
2025-03-31T14:42:00,Seafood Paella (for 2),1
2025-03-31T14:44:00,Menu del Día,2
2025-03-31T14:47:00,Menu del Día,1
2025-03-31T14:47:00,Seafood Paella (for 2),1
2025-03-31T14:49:00,Menu del Día,1
2025-03-31T14:49:00,Seafood Paella (for 2),1
2025-03-31T14:54:00,Menu del Día,1
2025-03-31T14:56:00,Menu del Día,2
2025-03-31T14:57:00,Menu del Día,3
2025-03-31T14:57:00,Seafood Paella (for 2),1
2025-03-31T15:02:00,Seafood Paella (for 2),1
2025-03-31T15:02:00,Seafood Paella (for 2),1
2025-03-31T15:14:00,Menu del Día,2
2025-03-31T15:28:00,Menu del Día,2
2025-03-31T15:28:00,Seafood Paella (for 2),1
2025-03-31T15:34:00,Menu del Día,1
2025-03-31T15:34:00,Seafood Paella (for 2),1
2025-03-31T15:40:00,Menu del Día,1
2025-03-31T15:49:00,Menu del Día,1
2025-03-31T15:49:00,Seafood Paella (for 2),1
2025-03-31T15:50:00,Menu del Día,1
2025-03-31T15:52:00,Seafood Paella (for 2),1
2025-03-31T15:52:00,Seafood Paella (for 2),1
2025-03-31T16:32:00,Menu del Día,2
2025-03-31T16:39:00,Menu del Día,2
2025-03-31T20:02:00,Tortilla Española,1
2025-03-31T20:02:00,Patatas Bravas,1
2025-03-31T20:02:00,Patatas Bravas,1
2025-03-31T20:02:00,Mineral Water,1
2025-03-31T20:02:00,Mineral Water,1
2025-03-31T20:02:00,Crema Catalana,1
2025-03-31T20:02:00,Crema Catalana,1
2025-03-31T20:09:00,Tortilla Española,1
2025-03-31T20:09:00,Patatas Bravas,1
2025-03-31T20:09:00,Patatas Bravas,1
2025-03-31T20:09:00,Tortilla Española,1
2025-03-31T20:09:00,Tortilla Española,1
2025-03-31T20:09:00,Patatas Bravas,1
2025-03-31T20:09:00,House Red Wine,1
2025-03-31T20:09:00,Mineral Water,1
2025-03-31T20:09:00,Mineral Water,1
2025-03-31T20:09:00,House Red Wine,1
2025-03-31T20:09:00,Crema Catalana,1
2025-03-31T20:18:00,Patatas Bravas,1
2025-03-31T20:18:00,Tortilla Española,1
2025-03-31T20:18:00,Tortilla Española,1
2025-03-31T20:18:00,Seafood Paella (for 2),1
2025-03-31T20:18:00,House Red Wine,1
2025-03-31T20:18:00,Mineral Water,1
2025-03-31T20:19:00,Patatas Bravas,1
2025-03-31T20:19:00,Tortilla Española,1
2025-03-31T20:19:00,Patatas Bravas,1
2025-03-31T20:19:00,Seafood Paella (for 2),1
2025-03-31T20:19:00,House Red Wine,1
2025-03-31T20:19:00,House Red Wine,1
2025-03-31T20:19:00,Crema Catalana,1
2025-03-31T20:29:00,Tortilla Española,1
2025-03-31T20:29:00,Tortilla Española,1
2025-03-31T20:29:00,Patatas Bravas,1
2025-03-31T20:29:00,Tortilla Española,1
2025-03-31T20:29:00,Patatas Bravas,1
2025-03-31T20:29:00,Patatas Bravas,1
2025-03-31T20:29:00,Mineral Water,1
2025-03-31T20:29:00,House Red Wine,1
2025-03-31T20:29:00,House Red Wine,1
2025-03-31T20:29:00,Mineral Water,1
2025-03-31T20:29:00,Crema Catalana,1
2025-03-31T21:12:00,Tortilla Española,1
2025-03-31T21:12:00,House Red Wine,1
2025-04-01T13:01:00,Menu del Día,1
2025-04-01T13:04:00,Seafood Paella (for 2),1
2025-04-01T13:18:00,Menu del Día,1
2025-04-01T13:18:00,Seafood Paella (for 2),1
2025-04-01T13:20:00,Seafood Paella (for 2),1
2025-04-01T13:20:00,Seafood Paella (for 2),1
2025-04-01T13:21:00,Menu del Día,4
2025-04-01T13:29:00,Menu del Día,2
2025-04-01T13:34:00,Menu del Día,2
2025-04-01T13:38:00,Seafood Paella (for 2),1
2025-04-01T13:42:00,Menu del Día,2
2025-04-01T13:48:00,Menu del Día,1
2025-04-01T13:48:00,Seafood Paella (for 2),1
2025-04-01T13:55:00,Menu del Día,2
2025-04-01T13:58:00,Seafood Paella (for 2),1
2025-04-01T13:59:00,Menu del Día,2
2025-04-01T13:59:00,Menu del Día,1
2025-04-01T14:00:00,Seafood Paella (for 2),1
2025-04-01T14:03:00,Menu del Día,2
2025-04-01T14:04:00,Menu del Día,1
2025-04-01T14:08:00,Menu del Día,1
2025-04-01T14:09:00,Menu del Día,1
2025-04-01T14:09:00,Seafood Paella (for 2),1
2025-04-01T14:10:00,Menu del Día,2
2025-04-01T14:13:00,Menu del Día,2
2025-04-01T14:19:00,Menu del Día,2
2025-04-01T14:19:00,Seafood Paella (for 2),1
2025-04-01T14:26:00,Menu del Día,1
2025-04-01T14:26:00,Seafood Paella (for 2),1
2025-04-01T14:30:00,Menu del Día,1
2025-04-01T14:43:00,Menu del Día,1
2025-04-01T14:43:00,Seafood Paella (for 2),1
2025-04-01T14:45:00,Menu del Día,1
2025-04-01T14:45:00,Seafood Paella (for 2),1
2025-04-01T14:53:00,Menu del Día,1
2025-04-01T14:53:00,Seafood Paella (for 2),1
2025-04-01T14:55:00,Menu del Día,2
2025-04-01T14:58:00,Menu del Día,1
2025-04-01T14:58:00,Seafood Paella (for 2),1
2025-04-01T15:12:00,Menu del Día,2
2025-04-01T15:20:00,Seafood Paella (for 2),1
2025-04-01T15:20:00,Seafood Paella (for 2),1
2025-04-01T15:36:00,Menu del Día,1
2025-04-01T15:40:00,Menu del Día,2
2025-04-01T15:40:00,Seafood Paella (for 2),1
2025-04-01T15:40:00,Seafood Paella (for 2),1
2025-04-01T15:40:00,Menu del Día,2
2025-04-01T15:42:00,Seafood Paella (for 2),1
2025-04-01T15:42:00,Seafood Paella (for 2),1
2025-04-01T15:50:00,Menu del Día,2
2025-04-01T15:57:00,Menu del Día,3
2025-04-01T15:57:00,Seafood Paella (for 2),1
2025-04-01T16:01:00,Menu del Día,1
2025-04-01T16:02:00,Menu del Día,2
2025-04-01T16:02:00,Menu del Día,2
2025-04-01T16:07:00,Menu del Día,3
2025-04-01T16:10:00,Menu del Día,2
2025-04-01T16:13:00,Menu del Día,2
2025-04-01T16:13:00,Seafood Paella (for 2),1
2025-04-01T16:24:00,Menu del Día,1
2025-04-01T16:24:00,Seafood Paella (for 2),1
2025-04-01T16:33:00,Menu del Día,1
2025-04-01T16:33:00,Seafood Paella (for 2),1
2025-04-01T16:42:00,Menu del Día,1
2025-04-01T16:42:00,Seafood Paella (for 2),1
2025-04-01T20:02:00,Tortilla Española,1
2025-04-01T20:02:00,Patatas Bravas,1
2025-04-01T20:02:00,Tortilla Española,1
2025-04-01T20:02:00,House Red Wine,1
2025-04-01T20:02:00,Mineral Water,1
2025-04-01T20:02:00,Patatas Bravas,1
2025-04-01T20:02:00,Tortilla Española,1
2025-04-01T20:02:00,Tortilla Española,1
2025-04-01T20:02:00,Patatas Bravas,1
2025-04-01T20:02:00,Tortilla Española,1
2025-04-01T20:02:00,Tortilla Española,1
2025-04-01T20:02:00,Seafood Paella (for 2),1
2025-04-01T20:02:00,House Red Wine,1
2025-04-01T20:02:00,House Red Wine,1
2025-04-01T20:02:00,Mineral Water,1
2025-04-01T20:02:00,House Red Wine,1
2025-04-01T20:02:00,Crema Catalana,1
2025-04-01T20:02:00,Crema Catalana,1
2025-04-01T20:09:00,Patatas Bravas,1
2025-04-01T20:09:00,Tortilla Española,1
2025-04-01T20:09:00,Patatas Bravas,1
2025-04-01T20:09:00,House Red Wine,1
2025-04-01T20:09:00,House Red Wine,1
2025-04-01T20:09:00,Crema Catalana,1
2025-04-01T20:09:00,Crema Catalana,1
2025-04-01T20:09:00,Tortilla Española,1
2025-04-01T20:09:00,Patatas Bravas,1
2025-04-01T20:09:00,Tortilla Española,1
2025-04-01T20:09:00,Patatas Bravas,1
2025-04-01T20:09:00,House Red Wine,1
2025-04-01T20:09:00,Mineral Water,1
2025-04-01T20:09:00,House Red Wine,1
2025-04-01T20:09:00,Crema Catalana,1
2025-04-01T20:09:00,Crema Catalana,1
2025-04-01T20:15:00,Patatas Bravas,1
2025-04-01T20:15:00,Mineral Water,1
2025-04-01T20:17:00,Patatas Bravas,1
2025-04-01T20:17:00,Patatas Bravas,1
2025-04-01T20:17:00,Patatas Bravas,1
2025-04-01T20:17:00,Mineral Water,1
2025-04-01T20:17:00,House Red Wine,1
2025-04-01T20:25:00,Tortilla Española,1
2025-04-01T20:25:00,Patatas Bravas,1
2025-04-01T20:25:00,Patatas Bravas,1
2025-04-01T20:25:00,Patatas Bravas,1
2025-04-01T20:25:00,Tortilla Española,1
2025-04-01T20:25:00,Tortilla Española,1
2025-04-01T20:25:00,Seafood Paella (for 2),1
2025-04-01T20:25:00,Mineral Water,1
2025-04-01T20:25:00,Mineral Water,1
2025-04-01T20:25:00,Mineral Water,1
2025-04-01T20:25:00,House Red Wine,1
2025-04-01T21:20:00,Patatas Bravas,1
2025-04-01T21:20:00,House Red Wine,1
2025-04-02T13:19:00,Seafood Paella (for 2),1
2025-04-02T13:42:00,Menu del Día,2
2025-04-02T13:42:00,Seafood Paella (for 2),1
2025-04-02T13:45:00,Menu del Día,1
2025-04-02T13:46:00,Menu del Día,1
2025-04-02T13:47:00,Menu del Día,1
2025-04-02T13:48:00,Menu del Día,1
2025-04-02T13:48:00,Seafood Paella (for 2),1
2025-04-02T13:57:00,Menu del Día,1
2025-04-02T13:59:00,Menu del Día,2
2025-04-02T14:00:00,Menu del Día,1
2025-04-02T14:00:00,Seafood Paella (for 2),1
2025-04-02T14:01:00,Menu del Día,2
2025-04-02T14:03:00,Seafood Paella (for 2),1
2025-04-02T14:04:00,Menu del Día,2
2025-04-02T14:04:00,Seafood Paella (for 2),1
2025-04-02T14:13:00,Menu del Día,1
2025-04-02T14:13:00,Seafood Paella (for 2),1
2025-04-02T14:15:00,Menu del Día,3
2025-04-02T14:15:00,Seafood Paella (for 2),1
2025-04-02T14:20:00,Seafood Paella (for 2),1
2025-04-02T14:20:00,Seafood Paella (for 2),1
2025-04-02T14:24:00,Menu del Día,3
2025-04-02T14:27:00,Menu del Día,3
2025-04-02T14:32:00,Menu del Día,2
2025-04-02T14:45:00,Menu del Día,1
2025-04-02T14:45:00,Seafood Paella (for 2),1
2025-04-02T14:46:00,Menu del Día,2
2025-04-02T14:48:00,Menu del Día,1
2025-04-02T14:48:00,Menu del Día,2
2025-04-02T14:48:00,Seafood Paella (for 2),1
2025-04-02T14:51:00,Menu del Día,2
2025-04-02T14:56:00,Menu del Día,3
2025-04-02T15:00:00,Seafood Paella (for 2),1
2025-04-02T15:01:00,Menu del Día,2
2025-04-02T15:09:00,Menu del Día,2
2025-04-02T15:10:00,Menu del Día,1
2025-04-02T15:12:00,Menu del Día,1
2025-04-02T15:12:00,Seafood Paella (for 2),1
2025-04-02T15:12:00,Seafood Paella (for 2),1
2025-04-02T15:13:00,Menu del Día,1
2025-04-02T15:13:00,Seafood Paella (for 2),1
2025-04-02T15:18:00,Menu del Día,2
2025-04-02T15:28:00,Menu del Día,1
2025-04-02T15:28:00,Menu del Día,4
2025-04-02T15:30:00,Menu del Día,1
2025-04-02T15:47:00,Menu del Día,1
2025-04-02T15:47:00,Menu del Día,1
2025-04-02T15:52:00,Menu del Día,1
2025-04-02T15:52:00,Seafood Paella (for 2),1
2025-04-02T15:54:00,Menu del Día,1
2025-04-02T15:54:00,Seafood Paella (for 2),1
2025-04-02T15:58:00,Seafood Paella (for 2),1
2025-04-02T15:59:00,Menu del Día,1
2025-04-02T15:59:00,Seafood Paella (for 2),1
2025-04-02T16:04:00,Seafood Paella (for 2),1
2025-04-02T16:09:00,Menu del Día,1
2025-04-02T16:09:00,Seafood Paella (for 2),1
2025-04-02T16:15:00,Menu del Día,1
2025-04-02T16:28:00,Menu del Día,2
2025-04-02T16:35:00,Menu del Día,2
2025-04-02T16:37:00,Menu del Día,2
2025-04-02T20:06:00,Patatas Bravas,1
2025-04-02T20:06:00,Patatas Bravas,1
2025-04-02T20:06:00,Tortilla Española,1
2025-04-02T20:06:00,House Red Wine,1
2025-04-02T20:06:00,Mineral Water,1
2025-04-02T20:06:00,Crema Catalana,1
2025-04-02T20:11:00,Patatas Bravas,1
2025-04-02T20:11:00,Tortilla Española,1
2025-04-02T20:11:00,Tortilla Española,1
2025-04-02T20:11:00,Tortilla Española,1
2025-04-02T20:11:00,Seafood Paella (for 2),1
2025-04-02T20:11:00,House Red Wine,1
2025-04-02T20:11:00,Mineral Water,1
2025-04-02T20:11:00,House Red Wine,1
2025-04-02T20:11:00,Crema Catalana,1
2025-04-02T20:11:00,Crema Catalana,1
2025-04-02T20:11:00,Crema Catalana,1
2025-04-02T20:19:00,Patatas Bravas,1
2025-04-02T20:19:00,Tortilla Española,1
2025-04-02T20:19:00,Patatas Bravas,1
2025-04-02T20:19:00,Patatas Bravas,1
2025-04-02T20:19:00,Mineral Water,1
2025-04-02T20:19:00,Mineral Water,1
2025-04-02T20:19:00,House Red Wine,1
2025-04-02T20:19:00,Crema Catalana,1
2025-04-02T20:19:00,Crema Catalana,1
2025-04-02T20:19:00,Patatas Bravas,1
2025-04-02T20:19:00,Patatas Bravas,1
2025-04-02T20:19:00,Patatas Bravas,1
2025-04-02T20:19:00,Tortilla Española,1
2025-04-02T20:19:00,Tortilla Española,1
2025-04-02T20:19:00,Tortilla Española,1
2025-04-02T20:19:00,Seafood Paella (for 2),1
2025-04-02T20:19:00,Mineral Water,1
2025-04-02T20:19:00,Mineral Water,1
2025-04-02T20:19:00,House Red Wine,1
2025-04-02T20:19:00,House Red Wine,1
2025-04-02T20:19:00,Crema Catalana,1
2025-04-02T20:19:00,Crema Catalana,1
2025-04-02T20:28:00,Tortilla Española,1
2025-04-02T20:28:00,Patatas Bravas,1
2025-04-02T20:28:00,Patatas Bravas,1
2025-04-02T20:28:00,Seafood Paella (for 2),1
2025-04-02T20:28:00,Mineral Water,1
2025-04-02T20:28:00,House Red Wine,1
2025-04-02T20:28:00,Crema Catalana,1
2025-04-02T20:36:00,Patatas Bravas,1
2025-04-02T20:36:00,Patatas Bravas,1
2025-04-02T20:36:00,Patatas Bravas,1
2025-04-02T20:36:00,House Red Wine,1
2025-04-02T20:36:00,Mineral Water,1
2025-04-02T20:36:00,Crema Catalana,1
2025-04-02T20:36:00,Crema Catalana,1
2025-04-02T21:00:00,Patatas Bravas,1
2025-04-02T21:00:00,Mineral Water,1
2025-04-02T21:00:00,Crema Catalana,1
2025-04-03T13:00:00,Menu del Día,1
2025-04-03T13:03:00,Seafood Paella (for 2),1
2025-04-03T13:03:00,Seafood Paella (for 2),1
2025-04-03T13:09:00,Menu del Día,2
2025-04-03T13:10:00,Menu del Día,1
2025-04-03T13:13:00,Menu del Día,2
2025-04-03T13:13:00,Menu del Día,2
2025-04-03T13:22:00,Menu del Día,1
2025-04-03T13:27:00,Menu del Día,1
2025-04-03T13:28:00,Menu del Día,2
2025-04-03T13:37:00,Menu del Día,1
2025-04-03T13:37:00,Seafood Paella (for 2),1
2025-04-03T13:41:00,Menu del Día,1
2025-04-03T13:42:00,Menu del Día,2
2025-04-03T13:44:00,Seafood Paella (for 2),1
2025-04-03T13:51:00,Seafood Paella (for 2),1
2025-04-03T14:06:00,Seafood Paella (for 2),1
2025-04-03T14:10:00,Menu del Día,2
2025-04-03T14:19:00,Menu del Día,1
2025-04-03T14:31:00,Menu del Día,1
2025-04-03T14:31:00,Seafood Paella (for 2),1
2025-04-03T14:45:00,Menu del Día,2
2025-04-03T14:51:00,Menu del Día,2
2025-04-03T14:55:00,Menu del Día,1
2025-04-03T14:57:00,Seafood Paella (for 2),1
2025-04-03T15:00:00,Menu del Día,2
2025-04-03T15:04:00,Menu del Día,1
2025-04-03T15:04:00,Seafood Paella (for 2),1
2025-04-03T15:10:00,Menu del Día,1
2025-04-03T15:10:00,Seafood Paella (for 2),1
2025-04-03T15:12:00,Menu del Día,1
2025-04-03T15:12:00,Seafood Paella (for 2),1
2025-04-03T15:12:00,Seafood Paella (for 2),1
2025-04-03T15:12:00,Seafood Paella (for 2),1
2025-04-03T15:14:00,Menu del Día,2
2025-04-03T15:21:00,Seafood Paella (for 2),1
2025-04-03T15:21:00,Seafood Paella (for 2),1
2025-04-03T15:30:00,Menu del Día,1
2025-04-03T15:30:00,Seafood Paella (for 2),1
2025-04-03T15:39:00,Menu del Día,2
2025-04-03T15:42:00,Menu del Día,2
2025-04-03T15:42:00,Seafood Paella (for 2),1
2025-04-03T15:52:00,Menu del Día,2
2025-04-03T15:52:00,Menu del Día,3
2025-04-03T16:10:00,Menu del Día,3
2025-04-03T16:11:00,Seafood Paella (for 2),1
2025-04-03T16:22:00,Menu del Día,3
2025-04-03T16:22:00,Seafood Paella (for 2),1
2025-04-03T16:27:00,Menu del Día,2
2025-04-03T16:56:00,Menu del Día,2
2025-04-03T20:01:00,Tortilla Española,1
2025-04-03T20:01:00,Tortilla Española,1
2025-04-03T20:01:00,Tortilla Española,1
2025-04-03T20:01:00,Patatas Bravas,1
2025-04-03T20:01:00,Tortilla Española,1
2025-04-03T20:01:00,Patatas Bravas,1
2025-04-03T20:01:00,Seafood Paella (for 2),1
2025-04-03T20:01:00,House Red Wine,1
2025-04-03T20:01:00,House Red Wine,1
2025-04-03T20:01:00,Mineral Water,1
2025-04-03T20:01:00,House Red Wine,1
2025-04-03T20:01:00,Crema Catalana,1
2025-04-03T20:02:00,Tortilla Española,1
2025-04-03T20:02:00,Patatas Bravas,1
2025-04-03T20:02:00,Tortilla Española,1
2025-04-03T20:02:00,Patatas Bravas,1
2025-04-03T20:02:00,Mineral Water,1
2025-04-03T20:02:00,Mineral Water,1
2025-04-03T20:02:00,Mineral Water,1
2025-04-03T20:02:00,Crema Catalana,1
2025-04-03T20:04:00,Tortilla Española,1
2025-04-03T20:04:00,Patatas Bravas,1
2025-04-03T20:04:00,Tortilla Española,1
2025-04-03T20:04:00,Mineral Water,1
2025-04-03T20:04:00,House Red Wine,1
2025-04-03T20:04:00,Crema Catalana,1
2025-04-03T20:05:00,Patatas Bravas,1
2025-04-03T20:05:00,House Red Wine,1
2025-04-03T20:05:00,Crema Catalana,1
2025-04-03T20:05:00,Patatas Bravas,1
2025-04-03T20:05:00,Patatas Bravas,1
2025-04-03T20:05:00,Patatas Bravas,1
2025-04-03T20:05:00,Mineral Water,1
2025-04-03T20:05:00,Mineral Water,1
2025-04-03T20:06:00,Patatas Bravas,1
2025-04-03T20:06:00,Patatas Bravas,1
2025-04-03T20:06:00,Tortilla Española,1
2025-04-03T20:06:00,Patatas Bravas,1
2025-04-03T20:06:00,House Red Wine,1
2025-04-03T20:06:00,Mineral Water,1
2025-04-03T20:06:00,Mineral Water,1
2025-04-03T20:06:00,Crema Catalana,1
2025-04-03T20:06:00,Crema Catalana,1
2025-04-03T20:09:00,Tortilla Española,1
2025-04-03T20:09:00,Tortilla Española,1
2025-04-03T20:09:00,Patatas Bravas,1
2025-04-03T20:09:00,Mineral Water,1
2025-04-03T20:09:00,Mineral Water,1
2025-04-03T20:09:00,Crema Catalana,1
2025-04-03T20:12:00,Tortilla Española,1
2025-04-03T20:12:00,Tortilla Española,1
2025-04-03T20:12:00,Patatas Bravas,1
2025-04-03T20:12:00,Mineral Water,1
2025-04-03T20:12:00,Mineral Water,1
2025-04-03T20:13:00,Tortilla Española,1
2025-04-03T20:13:00,Tortilla Española,1
2025-04-03T20:13:00,Patatas Bravas,1
2025-04-03T20:13:00,Seafood Paella (for 2),1
2025-04-03T20:13:00,Mineral Water,1
2025-04-03T20:13:00,Mineral Water,1
2025-04-03T20:13:00,Crema Catalana,1
2025-04-03T20:17:00,Patatas Bravas,1
2025-04-03T20:17:00,Patatas Bravas,1
2025-04-03T20:17:00,Patatas Bravas,1
2025-04-03T20:17:00,House Red Wine,1
2025-04-03T20:17:00,Mineral Water,1
2025-04-03T20:17:00,Patatas Bravas,1
2025-04-03T20:17:00,Patatas Bravas,1
2025-04-03T20:17:00,Patatas Bravas,1
2025-04-03T20:17:00,Tortilla Española,1
2025-04-03T20:17:00,Patatas Bravas,1
2025-04-03T20:17:00,Tortilla Española,1
2025-04-03T20:17:00,House Red Wine,1
2025-04-03T20:17:00,Mineral Water,1
2025-04-03T20:17:00,Mineral Water,1
2025-04-03T20:17:00,Mineral Water,1
2025-04-03T20:18:00,Tortilla Española,1
2025-04-03T20:18:00,Tortilla Española,1
2025-04-03T20:18:00,Tortilla Española,1
2025-04-03T20:18:00,Mineral Water,1
2025-04-03T20:18:00,House Red Wine,1
2025-04-03T20:21:00,Tortilla Española,1
2025-04-03T20:21:00,Patatas Bravas,1
2025-04-03T20:21:00,Tortilla Española,1
2025-04-03T20:21:00,House Red Wine,1
2025-04-03T20:21:00,Mineral Water,1
2025-04-03T20:21:00,Crema Catalana,1
2025-04-03T20:23:00,Tortilla Española,1
2025-04-03T20:23:00,Patatas Bravas,1
2025-04-03T20:23:00,Tortilla Española,1
2025-04-03T20:23:00,House Red Wine,1
2025-04-03T20:23:00,House Red Wine,1
2025-04-03T20:24:00,Tortilla Española,1
2025-04-03T20:24:00,Tortilla Española,1
2025-04-03T20:24:00,Patatas Bravas,1
2025-04-03T20:24:00,Patatas Bravas,1
2025-04-03T20:24:00,Mineral Water,1
2025-04-03T20:24:00,House Red Wine,1
2025-04-03T20:24:00,Mineral Water,1
2025-04-03T20:24:00,Tortilla Española,1
2025-04-03T20:24:00,Tortilla Española,1
2025-04-03T20:24:00,Tortilla Española,1
2025-04-03T20:24:00,Patatas Bravas,1
2025-04-03T20:24:00,Tortilla Española,1
2025-04-03T20:24:00,Tortilla Española,1
2025-04-03T20:24:00,Seafood Paella (for 2),1
2025-04-03T20:24:00,Mineral Water,1
2025-04-03T20:24:00,House Red Wine,1
2025-04-03T20:24:00,House Red Wine,1
2025-04-03T20:24:00,Mineral Water,1
2025-04-03T20:24:00,Crema Catalana,1
2025-04-03T20:24:00,Crema Catalana,1
2025-04-03T20:24:00,Crema Catalana,1
2025-04-03T20:26:00,Patatas Bravas,1
2025-04-03T20:26:00,Mineral Water,1
2025-04-03T20:27:00,Patatas Bravas,1
2025-04-03T20:27:00,Tortilla Española,1
2025-04-03T20:27:00,Patatas Bravas,1
2025-04-03T20:27:00,Tortilla Española,1
2025-04-03T20:27:00,Tortilla Española,1
2025-04-03T20:27:00,Tortilla Española,1
2025-04-03T20:27:00,Seafood Paella (for 2),1
2025-04-03T20:27:00,Mineral Water,1
2025-04-03T20:27:00,House Red Wine,1
2025-04-03T20:27:00,House Red Wine,1
2025-04-03T20:27:00,Mineral Water,1
2025-04-03T20:27:00,Crema Catalana,1
2025-04-03T20:27:00,Crema Catalana,1
2025-04-03T20:27:00,Crema Catalana,1
2025-04-03T20:27:00,Crema Catalana,1
2025-04-03T20:29:00,Tortilla Española,1
2025-04-03T20:29:00,Patatas Bravas,1
2025-04-03T20:29:00,Tortilla Española,1
2025-04-03T20:29:00,House Red Wine,1
2025-04-03T20:29:00,House Red Wine,1
2025-04-03T20:32:00,Patatas Bravas,1
2025-04-03T20:32:00,Patatas Bravas,1
2025-04-03T20:32:00,Patatas Bravas,1
2025-04-03T20:32:00,Mineral Water,1
2025-04-03T20:32:00,House Red Wine,1
2025-04-03T20:32:00,Crema Catalana,1
2025-04-03T20:32:00,Crema Catalana,1
2025-04-03T20:36:00,Tortilla Española,1
2025-04-03T20:36:00,Mineral Water,1
2025-04-03T20:36:00,Crema Catalana,1
2025-04-04T13:03:00,Tortilla Española,1
2025-04-04T13:03:00,Patatas Bravas,1
2025-04-04T13:03:00,Tortilla Española,1
2025-04-04T13:03:00,Patatas Bravas,1
2025-04-04T13:03:00,Seafood Paella (for 2),1
2025-04-04T13:03:00,House Red Wine,1
2025-04-04T13:03:00,House Red Wine,1
2025-04-04T13:03:00,House Red Wine,1
2025-04-04T13:03:00,Crema Catalana,1
2025-04-04T13:04:00,Tortilla Española,1
2025-04-04T13:04:00,Patatas Bravas,1
2025-04-04T13:04:00,Patatas Bravas,1
2025-04-04T13:04:00,Seafood Paella (for 2),1
2025-04-04T13:04:00,House Red Wine,1
2025-04-04T13:04:00,House Red Wine,1
2025-04-04T13:04:00,Crema Catalana,1
2025-04-04T13:04:00,Crema Catalana,1
2025-04-04T13:04:00,Tortilla Española,1
2025-04-04T13:04:00,Patatas Bravas,1
2025-04-04T13:04:00,Patatas Bravas,1
2025-04-04T13:04:00,Mineral Water,1
2025-04-04T13:04:00,Mineral Water,1
2025-04-04T13:04:00,Crema Catalana,1
2025-04-04T13:04:00,Crema Catalana,1
2025-04-04T13:16:00,Tortilla Española,1
2025-04-04T13:16:00,Patatas Bravas,1
2025-04-04T13:16:00,Tortilla Española,1
2025-04-04T13:16:00,House Red Wine,1
2025-04-04T13:16:00,Mineral Water,1
2025-04-04T13:21:00,Tortilla Española,1
2025-04-04T13:21:00,Tortilla Española,1
2025-04-04T13:21:00,Patatas Bravas,1
2025-04-04T13:21:00,Patatas Bravas,1
2025-04-04T13:21:00,Patatas Bravas,1
2025-04-04T13:21:00,Patatas Bravas,1
2025-04-04T13:21:00,Seafood Paella (for 2),1
2025-04-04T13:21:00,Mineral Water,1
2025-04-04T13:21:00,House Red Wine,1
2025-04-04T13:21:00,Mineral Water,1
2025-04-04T13:21:00,House Red Wine,1
2025-04-04T13:22:00,Tortilla Española,1
2025-04-04T13:22:00,Patatas Bravas,1
2025-04-04T13:22:00,Tortilla Española,1
2025-04-04T13:22:00,Tortilla Española,1
2025-04-04T13:22:00,House Red Wine,1
2025-04-04T13:22:00,Mineral Water,1
2025-04-04T13:22:00,Mineral Water,1
2025-04-04T13:22:00,Crema Catalana,1
2025-04-04T13:22:00,Crema Catalana,1
2025-04-04T13:22:00,Crema Catalana,1
2025-04-04T13:24:00,Patatas Bravas,1
2025-04-04T13:24:00,Tortilla Española,1
2025-04-04T13:24:00,Patatas Bravas,1
2025-04-04T13:24:00,House Red Wine,1
2025-04-04T13:24:00,House Red Wine,1
2025-04-04T13:24:00,Crema Catalana,1
2025-04-04T13:24:00,Crema Catalana,1
2025-04-04T13:24:00,Tortilla Española,1
2025-04-04T13:24:00,Tortilla Española,1
2025-04-04T13:24:00,Tortilla Española,1
2025-04-04T13:24:00,Patatas Bravas,1
2025-04-04T13:24:00,Mineral Water,1
2025-04-04T13:24:00,Mineral Water,1
2025-04-04T13:24:00,House Red Wine,1
2025-04-04T13:30:00,Tortilla Española,1
2025-04-04T13:30:00,Tortilla Española,1
2025-04-04T13:30:00,Patatas Bravas,1
2025-04-04T13:30:00,House Red Wine,1
2025-04-04T13:30:00,Mineral Water,1
2025-04-04T13:30:00,Crema Catalana,1
2025-04-04T13:30:00,Crema Catalana,1
2025-04-04T13:37:00,Patatas Bravas,1
2025-04-04T13:37:00,Patatas Bravas,1
2025-04-04T13:37:00,Patatas Bravas,1
2025-04-04T13:37:00,Tortilla Española,1
2025-04-04T13:37:00,Tortilla Española,1
2025-04-04T13:37:00,Tortilla Española,1
2025-04-04T13:37:00,Mineral Water,1
2025-04-04T13:37:00,Mineral Water,1
2025-04-04T13:37:00,House Red Wine,1
2025-04-04T13:37:00,House Red Wine,1
2025-04-04T13:37:00,Crema Catalana,1
2025-04-04T13:37:00,Crema Catalana,1
2025-04-04T13:38:00,Patatas Bravas,1
2025-04-04T13:38:00,Patatas Bravas,1
2025-04-04T13:38:00,Tortilla Española,1
2025-04-04T13:38:00,Mineral Water,1
2025-04-04T13:38:00,House Red Wine,1
2025-04-04T13:38:00,Crema Catalana,1
2025-04-04T13:39:00,Tortilla Española,1
2025-04-04T13:39:00,Tortilla Española,1
2025-04-04T13:39:00,Tortilla Española,1
2025-04-04T13:39:00,House Red Wine,1
2025-04-04T13:39:00,House Red Wine,1
2025-04-04T13:41:00,Patatas Bravas,1
2025-04-04T13:41:00,House Red Wine,1
2025-04-04T13:41:00,Crema Catalana,1
2025-04-04T13:44:00,Tortilla Española,1
2025-04-04T13:44:00,Tortilla Española,1
2025-04-04T13:44:00,Patatas Bravas,1
2025-04-04T13:44:00,Mineral Water,1
2025-04-04T13:44:00,Mineral Water,1
2025-04-04T13:44:00,Crema Catalana,1
2025-04-04T13:44:00,Crema Catalana,1
2025-04-04T13:44:00,Tortilla Española,1
2025-04-04T13:44:00,Patatas Bravas,1
2025-04-04T13:44:00,Tortilla Española,1
2025-04-04T13:44:00,House Red Wine,1
2025-04-04T13:44:00,Mineral Water,1
2025-04-04T13:44:00,Crema Catalana,1
2025-04-04T13:44:00,Crema Catalana,1
2025-04-04T13:50:00,Patatas Bravas,1
2025-04-04T13:50:00,Patatas Bravas,1
2025-04-04T13:50:00,Patatas Bravas,1
2025-04-04T13:50:00,Mineral Water,1
2025-04-04T13:50:00,House Red Wine,1
2025-04-04T13:51:00,Tortilla Española,1
2025-04-04T13:51:00,Tortilla Española,1
2025-04-04T13:51:00,Tortilla Española,1
2025-04-04T13:51:00,Tortilla Española,1
2025-04-04T13:51:00,Tortilla Española,1
2025-04-04T13:51:00,Tortilla Española,1
2025-04-04T13:51:00,Seafood Paella (for 2),1
2025-04-04T13:51:00,Mineral Water,1
2025-04-04T13:51:00,House Red Wine,1
2025-04-04T13:51:00,Mineral Water,1
2025-04-04T13:51:00,Mineral Water,1
2025-04-04T13:51:00,Crema Catalana,1
2025-04-04T14:02:00,Tortilla Española,1
2025-04-04T14:02:00,Tortilla Española,1
2025-04-04T14:02:00,Tortilla Española,1
2025-04-04T14:02:00,House Red Wine,1
2025-04-04T14:02:00,Mineral Water,1
2025-04-04T14:05:00,Patatas Bravas,1
2025-04-04T14:05:00,Tortilla Española,1
2025-04-04T14:05:00,Tortilla Española,1
2025-04-04T14:05:00,Seafood Paella (for 2),1
2025-04-04T14:05:00,Mineral Water,1
2025-04-04T14:05:00,House Red Wine,1
2025-04-04T14:05:00,Crema Catalana,1
2025-04-04T14:05:00,Tortilla Española,1
2025-04-04T14:05:00,Tortilla Española,1
2025-04-04T14:05:00,Tortilla Española,1
2025-04-04T14:05:00,House Red Wine,1
2025-04-04T14:05:00,House Red Wine,1
2025-04-04T14:05:00,Crema Catalana,1
2025-04-04T14:05:00,Crema Catalana,1
2025-04-04T14:06:00,Patatas Bravas,1
2025-04-04T14:06:00,Patatas Bravas,1
2025-04-04T14:06:00,Patatas Bravas,1
2025-04-04T14:06:00,Tortilla Española,1
2025-04-04T14:06:00,Tortilla Española,1
2025-04-04T14:06:00,Tortilla Española,1
2025-04-04T14:06:00,Seafood Paella (for 2),1
2025-04-04T14:06:00,House Red Wine,1
2025-04-04T14:06:00,Mineral Water,1
2025-04-04T14:06:00,House Red Wine,1
2025-04-04T14:06:00,House Red Wine,1
2025-04-04T14:08:00,Tortilla Española,1
2025-04-04T14:08:00,Patatas Bravas,1
2025-04-04T14:08:00,Tortilla Española,1
2025-04-04T14:08:00,Mineral Water,1
2025-04-04T14:08:00,Mineral Water,1
2025-04-04T14:08:00,Crema Catalana,1
2025-04-04T14:08:00,Crema Catalana,1
2025-04-04T14:09:00,Patatas Bravas,1
2025-04-04T14:09:00,Patatas Bravas,1
2025-04-04T14:09:00,Patatas Bravas,1
2025-04-04T14:09:00,Tortilla Española,1
2025-04-04T14:09:00,House Red Wine,1
2025-04-04T14:09:00,Mineral Water,1
2025-04-04T14:09:00,House Red Wine,1
2025-04-04T14:09:00,Crema Catalana,1
2025-04-04T14:09:00,Crema Catalana,1
2025-04-04T14:12:00,Patatas Bravas,1
2025-04-04T14:12:00,Tortilla Española,1
2025-04-04T14:12:00,Patatas Bravas,1
2025-04-04T14:12:00,Patatas Bravas,1
2025-04-04T14:12:00,Tortilla Española,1
2025-04-04T14:12:00,Patatas Bravas,1
2025-04-04T14:12:00,Seafood Paella (for 2),1
2025-04-04T14:12:00,Mineral Water,1
2025-04-04T14:12:00,House Red Wine,1
2025-04-04T14:12:00,House Red Wine,1
2025-04-04T14:12:00,House Red Wine,1
2025-04-04T14:13:00,Patatas Bravas,1
2025-04-04T14:13:00,Patatas Bravas,1
2025-04-04T14:13:00,Tortilla Española,1
2025-04-04T14:13:00,Tortilla Española,1
2025-04-04T14:13:00,Tortilla Española,1
2025-04-04T14:13:00,Patatas Bravas,1
2025-04-04T14:13:00,Seafood Paella (for 2),1
2025-04-04T14:13:00,House Red Wine,1
2025-04-04T14:13:00,House Red Wine,1
2025-04-04T14:13:00,House Red Wine,1
2025-04-04T14:13:00,Mineral Water,1
2025-04-04T14:14:00,Patatas Bravas,1
2025-04-04T14:14:00,Tortilla Española,1
2025-04-04T14:14:00,Patatas Bravas,1
2025-04-04T14:14:00,Mineral Water,1
2025-04-04T14:14:00,Mineral Water,1
2025-04-04T14:14:00,Crema Catalana,1
2025-04-04T14:15:00,Tortilla Española,1
2025-04-04T14:15:00,Tortilla Española,1
2025-04-04T14:15:00,Patatas Bravas,1
2025-04-04T14:15:00,House Red Wine,1
2025-04-04T14:15:00,House Red Wine,1
2025-04-04T14:15:00,Patatas Bravas,1
2025-04-04T14:15:00,Tortilla Española,1
2025-04-04T14:15:00,Patatas Bravas,1
2025-04-04T14:15:00,Mineral Water,1
2025-04-04T14:15:00,Mineral Water,1
2025-04-04T14:15:00,Crema Catalana,1
2025-04-04T14:15:00,Crema Catalana,1
2025-04-04T14:26:00,Patatas Bravas,1
2025-04-04T14:26:00,House Red Wine,1
2025-04-05T13:00:00,Mineral Water,1
2025-04-05T13:00:00,Mineral Water,1
2025-04-05T13:00:00,Mineral Water,1
2025-04-05T13:00:00,Crema Catalana,1
2025-04-05T13:00:00,Crema Catalana,1
2025-04-05T13:06:00,Mineral Water,1
2025-04-05T13:06:00,House Red Wine,1
2025-04-05T13:06:00,House Red Wine,1
2025-04-05T13:06:00,Mineral Water,1
2025-04-05T13:06:00,Crema Catalana,1
2025-04-05T13:06:00,Crema Catalana,1
2025-04-05T13:06:00,Seafood Paella (for 2),1
2025-04-05T13:06:00,House Red Wine,1
2025-04-05T13:06:00,Mineral Water,1
2025-04-05T13:06:00,Mineral Water,1
2025-04-05T13:06:00,Crema Catalana,1
2025-04-05T13:12:00,House Red Wine,1
2025-04-05T13:12:00,Mineral Water,1
2025-04-05T13:13:00,Seafood Paella (for 2),1
2025-04-05T13:13:00,House Red Wine,1
2025-04-05T13:13:00,House Red Wine,1
2025-04-05T13:13:00,House Red Wine,1
2025-04-05T13:13:00,Crema Catalana,1
2025-04-05T13:15:00,Seafood Paella (for 2),1
2025-04-05T13:15:00,House Red Wine,1
2025-04-05T13:15:00,Mineral Water,1
2025-04-05T13:15:00,House Red Wine,1
2025-04-05T13:15:00,House Red Wine,1
2025-04-05T13:15:00,Crema Catalana,1
2025-04-05T13:17:00,Seafood Paella (for 2),1
2025-04-05T13:17:00,Mineral Water,1
2025-04-05T13:17:00,Mineral Water,1
2025-04-05T13:17:00,Mineral Water,1
2025-04-05T13:17:00,House Red Wine,1
2025-04-05T13:17:00,Crema Catalana,1
2025-04-05T13:17:00,Crema Catalana,1
2025-04-05T13:17:00,Crema Catalana,1
2025-04-05T13:17:00,Crema Catalana,1
2025-04-05T13:17:00,Seafood Paella (for 2),1
2025-04-05T13:17:00,Mineral Water,1
2025-04-05T13:17:00,House Red Wine,1
2025-04-05T13:19:00,House Red Wine,1
2025-04-05T13:19:00,House Red Wine,1
2025-04-05T13:21:00,Seafood Paella (for 2),1
2025-04-05T13:21:00,House Red Wine,1
2025-04-05T13:21:00,House Red Wine,1
2025-04-05T13:21:00,Mineral Water,1
2025-04-05T13:21:00,Crema Catalana,1
2025-04-05T13:21:00,Crema Catalana,1
2025-04-05T13:22:00,Seafood Paella (for 2),1
2025-04-05T13:22:00,Mineral Water,1
2025-04-05T13:22:00,Mineral Water,1
2025-04-05T13:22:00,House Red Wine,1
2025-04-05T13:22:00,Crema Catalana,1
2025-04-05T13:22:00,Crema Catalana,1
2025-04-05T13:24:00,Mineral Water,1
2025-04-05T13:24:00,Crema Catalana,1
2025-04-05T13:26:00,Seafood Paella (for 2),1
2025-04-05T13:26:00,Mineral Water,1
2025-04-05T13:26:00,House Red Wine,1
2025-04-05T13:26:00,Crema Catalana,1
2025-04-05T13:29:00,Seafood Paella (for 2),1
2025-04-05T13:29:00,Mineral Water,1
2025-04-05T13:29:00,House Red Wine,1
2025-04-05T13:29:00,Mineral Water,1
2025-04-05T13:29:00,House Red Wine,1
2025-04-05T13:43:00,Mineral Water,1
2025-04-05T13:43:00,House Red Wine,1
2025-04-05T13:43:00,Crema Catalana,1
2025-04-05T13:46:00,Mineral Water,1
2025-04-05T13:46:00,House Red Wine,1
2025-04-05T13:46:00,House Red Wine,1
2025-04-05T13:48:00,Seafood Paella (for 2),1
2025-04-05T13:48:00,Mineral Water,1
2025-04-05T13:48:00,Mineral Water,1
2025-04-05T13:48:00,Mineral Water,1
2025-04-05T13:48:00,Mineral Water,1
2025-04-05T13:48:00,Crema Catalana,1
2025-04-05T13:52:00,House Red Wine,1
2025-04-05T13:52:00,Mineral Water,1
2025-04-05T13:56:00,Mineral Water,1
2025-04-05T13:56:00,Crema Catalana,1
2025-04-05T13:57:00,Seafood Paella (for 2),1
2025-04-05T13:57:00,Mineral Water,1
2025-04-05T13:57:00,House Red Wine,1
2025-04-05T13:57:00,Mineral Water,1
2025-04-05T14:02:00,Seafood Paella (for 2),1
2025-04-05T14:02:00,Mineral Water,1
2025-04-05T14:02:00,House Red Wine,1
2025-04-05T14:02:00,Crema Catalana,1
2025-04-05T14:09:00,House Red Wine,1
2025-04-05T14:09:00,House Red Wine,1
2025-04-05T14:11:00,Seafood Paella (for 2),1
2025-04-05T14:11:00,House Red Wine,1
2025-04-05T14:11:00,Mineral Water,1
2025-04-05T14:11:00,Crema Catalana,1
2025-04-05T14:12:00,Mineral Water,1
2025-04-05T14:13:00,Seafood Paella (for 2),1
2025-04-05T14:13:00,Mineral Water,1
2025-04-05T14:13:00,Mineral Water,1
2025-04-05T14:15:00,House Red Wine,1
2025-04-05T14:15:00,Mineral Water,1
2025-04-05T14:15:00,Crema Catalana,1
2025-04-05T14:15:00,Mineral Water,1
2025-04-05T14:15:00,House Red Wine,1
2025-04-05T14:15:00,Mineral Water,1
2025-04-05T14:15:00,Crema Catalana,1
2025-04-05T14:16:00,Mineral Water,1
2025-04-05T14:16:00,House Red Wine,1
2025-04-05T14:16:00,Crema Catalana,1
2025-04-05T14:16:00,Crema Catalana,1
2025-04-05T14:18:00,Seafood Paella (for 2),1
2025-04-05T14:18:00,House Red Wine,1
2025-04-05T14:18:00,Mineral Water,1
2025-04-05T14:18:00,Crema Catalana,1
2025-04-05T14:19:00,Mineral Water,1
2025-04-05T14:19:00,House Red Wine,1
2025-04-05T14:19:00,Crema Catalana,1
2025-04-05T14:20:00,Seafood Paella (for 2),1
2025-04-05T14:20:00,House Red Wine,1
2025-04-05T14:20:00,House Red Wine,1
2025-04-05T14:20:00,House Red Wine,1
2025-04-05T14:20:00,House Red Wine,1
2025-04-05T14:26:00,Mineral Water,1
2025-04-05T14:26:00,Mineral Water,1
2025-04-05T14:26:00,House Red Wine,1
2025-04-05T14:26:00,Mineral Water,1
2025-04-05T14:26:00,Crema Catalana,1
2025-04-05T14:26:00,Crema Catalana,1
2025-04-05T14:35:00,Mineral Water,1
2025-04-05T14:35:00,Mineral Water,1
2025-04-05T14:35:00,Crema Catalana,1
2025-04-05T14:35:00,Crema Catalana,1
2025-04-05T14:36:00,House Red Wine,1
2025-04-05T14:36:00,House Red Wine,1
2025-04-05T14:36:00,Crema Catalana,1
2025-04-05T14:36:00,Seafood Paella (for 2),1
2025-04-05T14:36:00,Mineral Water,1
2025-04-05T14:36:00,Mineral Water,1
2025-04-05T14:37:00,House Red Wine,1
2025-04-05T14:37:00,Mineral Water,1
2025-04-05T14:37:00,House Red Wine,1
2025-04-05T14:37:00,Mineral Water,1
2025-04-05T14:37:00,House Red Wine,1
2025-04-05T14:37:00,House Red Wine,1
2025-04-05T14:37:00,Mineral Water,1
2025-04-05T14:39:00,Seafood Paella (for 2),1
2025-04-05T14:39:00,Mineral Water,1
2025-04-05T14:39:00,House Red Wine,1
2025-04-05T14:39:00,House Red Wine,1
2025-04-05T14:39:00,Crema Catalana,1
2025-04-05T14:39:00,Crema Catalana,1
2025-04-05T14:39:00,Crema Catalana,1
2025-04-05T14:41:00,Seafood Paella (for 2),1
2025-04-05T14:41:00,House Red Wine,1
2025-04-05T14:41:00,Mineral Water,1
2025-04-05T14:42:00,Mineral Water,1
2025-04-05T14:42:00,Seafood Paella (for 2),1
2025-04-05T14:42:00,Mineral Water,1
2025-04-05T14:42:00,House Red Wine,1
2025-04-05T14:42:00,House Red Wine,1
2025-04-05T14:48:00,Mineral Water,1
2025-04-05T14:48:00,House Red Wine,1
2025-04-05T14:48:00,House Red Wine,1
2025-04-05T14:48:00,Mineral Water,1
2025-04-05T14:55:00,Seafood Paella (for 2),1
2025-04-05T14:55:00,Mineral Water,1
2025-04-05T14:55:00,Mineral Water,1
2025-04-05T14:55:00,Crema Catalana,1
2025-04-05T14:55:00,House Red Wine,1
2025-04-05T14:55:00,House Red Wine,1
2025-04-05T15:01:00,Mineral Water,1
2025-04-05T15:01:00,Mineral Water,1
2025-04-05T15:01:00,Crema Catalana,1
2025-04-05T15:03:00,House Red Wine,1
2025-04-05T15:03:00,House Red Wine,1
2025-04-05T15:03:00,Mineral Water,1
2025-04-05T15:03:00,House Red Wine,1
2025-04-05T15:03:00,Crema Catalana,1
2025-04-05T15:03:00,Crema Catalana,1
2025-04-05T15:08:00,Mineral Water,1
2025-04-05T15:08:00,Crema Catalana,1
2025-04-05T15:12:00,Mineral Water,1
2025-04-05T15:12:00,House Red Wine,1
2025-04-05T15:12:00,Crema Catalana,1
2025-04-05T15:12:00,Mineral Water,1
2025-04-05T15:12:00,House Red Wine,1
2025-04-05T15:17:00,Seafood Paella (for 2),1
2025-04-05T15:17:00,House Red Wine,1
2025-04-05T15:17:00,Mineral Water,1
2025-04-05T15:17:00,House Red Wine,1
2025-04-05T15:17:00,Mineral Water,1
2025-04-05T15:17:00,House Red Wine,1
2025-04-05T15:21:00,Mineral Water,1
2025-04-05T15:21:00,Mineral Water,1
2025-04-05T15:22:00,Seafood Paella (for 2),1
2025-04-05T15:22:00,House Red Wine,1
2025-04-05T15:22:00,House Red Wine,1
2025-04-05T15:22:00,Crema Catalana,1
2025-04-05T15:22:00,House Red Wine,1
2025-04-05T15:22:00,Mineral Water,1
2025-04-05T15:23:00,House Red Wine,1
2025-04-05T15:23:00,House Red Wine,1
2025-04-05T15:23:00,House Red Wine,1
2025-04-05T15:23:00,Crema Catalana,1
2025-04-05T15:23:00,Crema Catalana,1
2025-04-05T15:23:00,Crema Catalana,1
2025-04-05T15:24:00,Mineral Water,1
2025-04-05T15:24:00,Mineral Water,1
2025-04-05T15:24:00,House Red Wine,1
2025-04-05T15:24:00,Mineral Water,1
2025-04-05T15:24:00,Crema Catalana,1
2025-04-05T15:26:00,House Red Wine,1
2025-04-05T16:07:00,Mineral Water,1
2025-04-05T16:07:00,Crema Catalana,1
2025-04-06T13:01:00,Seafood Paella (for 2),1
2025-04-06T13:01:00,House Red Wine,1
2025-04-06T13:01:00,House Red Wine,1
2025-04-06T13:01:00,Mineral Water,1
2025-04-06T13:03:00,Seafood Paella (for 2),1
2025-04-06T13:03:00,Mineral Water,1
2025-04-06T13:03:00,Mineral Water,1
2025-04-06T13:03:00,House Red Wine,1
2025-04-06T13:03:00,Crema Catalana,1
2025-04-06T13:03:00,Crema Catalana,1
2025-04-06T13:03:00,Crema Catalana,1
2025-04-06T13:04:00,Seafood Paella (for 2),1
2025-04-06T13:04:00,House Red Wine,1
2025-04-06T13:04:00,House Red Wine,1
2025-04-06T13:04:00,House Red Wine,1
2025-04-06T13:04:00,Crema Catalana,1
2025-04-06T13:10:00,Mineral Water,1
2025-04-06T13:10:00,House Red Wine,1
2025-04-06T13:10:00,Mineral Water,1
2025-04-06T13:10:00,Crema Catalana,1
2025-04-06T13:10:00,Crema Catalana,1
2025-04-06T13:11:00,House Red Wine,1
2025-04-06T13:11:00,Mineral Water,1
2025-04-06T13:14:00,Mineral Water,1
2025-04-06T13:14:00,Mineral Water,1
2025-04-06T13:14:00,Crema Catalana,1
2025-04-06T13:30:00,Mineral Water,1
2025-04-06T13:30:00,Mineral Water,1
2025-04-06T13:30:00,Mineral Water,1
2025-04-06T13:30:00,House Red Wine,1
2025-04-06T13:30:00,Crema Catalana,1
2025-04-06T13:30:00,House Red Wine,1
2025-04-06T13:30:00,Mineral Water,1
2025-04-06T13:30:00,House Red Wine,1
2025-04-06T13:30:00,House Red Wine,1
2025-04-06T13:30:00,Crema Catalana,1
2025-04-06T13:32:00,Seafood Paella (for 2),1
2025-04-06T13:32:00,Mineral Water,1
2025-04-06T13:32:00,Mineral Water,1
2025-04-06T13:32:00,Crema Catalana,1
2025-04-06T13:51:00,Mineral Water,1
2025-04-06T13:51:00,House Red Wine,1
2025-04-06T13:51:00,Crema Catalana,1
2025-04-06T13:53:00,Mineral Water,1
2025-04-06T13:55:00,House Red Wine,1
2025-04-06T13:55:00,Mineral Water,1
2025-04-06T13:55:00,House Red Wine,1
2025-04-06T13:55:00,Mineral Water,1
2025-04-06T13:57:00,House Red Wine,1
2025-04-06T13:57:00,House Red Wine,1
2025-04-06T13:57:00,Crema Catalana,1
2025-04-06T13:57:00,Crema Catalana,1
2025-04-06T14:00:00,Mineral Water,1
2025-04-06T14:00:00,House Red Wine,1
2025-04-06T14:00:00,Crema Catalana,1
2025-04-06T14:00:00,Crema Catalana,1
2025-04-06T14:03:00,Mineral Water,1
2025-04-06T14:03:00,House Red Wine,1
2025-04-06T14:03:00,Mineral Water,1
2025-04-06T14:07:00,House Red Wine,1
2025-04-06T14:07:00,Mineral Water,1
2025-04-06T14:07:00,Seafood Paella (for 2),1
2025-04-06T14:07:00,House Red Wine,1
2025-04-06T14:07:00,Mineral Water,1
2025-04-06T14:07:00,Mineral Water,1
2025-04-06T14:13:00,House Red Wine,1
2025-04-06T14:15:00,Seafood Paella (for 2),1
2025-04-06T14:15:00,Mineral Water,1
2025-04-06T14:15:00,Mineral Water,1
2025-04-06T14:16:00,House Red Wine,1
2025-04-06T14:16:00,House Red Wine,1
2025-04-06T14:16:00,Seafood Paella (for 2),1
2025-04-06T14:16:00,House Red Wine,1
2025-04-06T14:16:00,Mineral Water,1
2025-04-06T14:16:00,Mineral Water,1
2025-04-06T14:16:00,House Red Wine,1
2025-04-06T14:18:00,Seafood Paella (for 2),1
2025-04-06T14:18:00,House Red Wine,1
2025-04-06T14:18:00,Mineral Water,1
2025-04-06T14:18:00,House Red Wine,1
2025-04-06T14:18:00,Crema Catalana,1
2025-04-06T14:28:00,Mineral Water,1
2025-04-06T14:28:00,Mineral Water,1
2025-04-06T14:29:00,House Red Wine,1
2025-04-06T14:29:00,Mineral Water,1
2025-04-06T14:29:00,Mineral Water,1
2025-04-06T14:29:00,House Red Wine,1
2025-04-06T14:29:00,Crema Catalana,1
2025-04-06T14:29:00,Crema Catalana,1
2025-04-06T14:30:00,Mineral Water,1
2025-04-06T14:30:00,House Red Wine,1
2025-04-06T14:30:00,Crema Catalana,1
2025-04-06T14:30:00,Crema Catalana,1
2025-04-06T14:31:00,Mineral Water,1
2025-04-06T14:31:00,House Red Wine,1
2025-04-06T14:31:00,Mineral Water,1
2025-04-06T14:31:00,House Red Wine,1
2025-04-06T14:33:00,Seafood Paella (for 2),1
2025-04-06T14:33:00,House Red Wine,1
2025-04-06T14:33:00,House Red Wine,1
2025-04-06T14:33:00,Crema Catalana,1
2025-04-06T14:34:00,House Red Wine,1
2025-04-06T14:34:00,Mineral Water,1
2025-04-06T14:34:00,Mineral Water,1
2025-04-06T14:34:00,House Red Wine,1
2025-04-06T14:34:00,Crema Catalana,1
2025-04-06T14:34:00,Crema Catalana,1
2025-04-06T14:34:00,Crema Catalana,1
2025-04-06T14:34:00,Crema Catalana,1
2025-04-06T14:35:00,Seafood Paella (for 2),1
2025-04-06T14:35:00,Mineral Water,1
2025-04-06T14:35:00,Mineral Water,1
2025-04-06T14:35:00,Crema Catalana,1
2025-04-06T14:35:00,Seafood Paella (for 2),1
2025-04-06T14:35:00,Mineral Water,1
2025-04-06T14:35:00,House Red Wine,1
2025-04-06T14:35:00,Mineral Water,1
2025-04-06T14:35:00,Crema Catalana,1
2025-04-06T14:38:00,Seafood Paella (for 2),1
2025-04-06T14:38:00,Mineral Water,1
2025-04-06T14:38:00,House Red Wine,1
2025-04-06T14:38:00,House Red Wine,1
2025-04-06T14:38:00,Mineral Water,1
2025-04-06T14:38:00,Crema Catalana,1
2025-04-06T14:38:00,Crema Catalana,1
2025-04-06T14:38:00,Mineral Water,1
2025-04-06T14:38:00,Mineral Water,1
2025-04-06T14:38:00,Seafood Paella (for 2),1
2025-04-06T14:38:00,House Red Wine,1
2025-04-06T14:38:00,Mineral Water,1
2025-04-06T14:38:00,House Red Wine,1
2025-04-06T14:38:00,House Red Wine,1
2025-04-06T14:41:00,House Red Wine,1
2025-04-06T14:41:00,House Red Wine,1
2025-04-06T14:43:00,Mineral Water,1
2025-04-06T14:43:00,Mineral Water,1
2025-04-06T14:45:00,Seafood Paella (for 2),1
2025-04-06T14:45:00,House Red Wine,1
2025-04-06T14:45:00,House Red Wine,1
2025-04-06T14:58:00,Seafood Paella (for 2),1
2025-04-06T14:58:00,Mineral Water,1
2025-04-06T14:58:00,Mineral Water,1
2025-04-06T14:58:00,Crema Catalana,1
2025-04-06T14:58:00,Crema Catalana,1
2025-04-06T15:01:00,House Red Wine,1
2025-04-06T15:04:00,Seafood Paella (for 2),1
2025-04-06T15:04:00,Mineral Water,1
2025-04-06T15:04:00,House Red Wine,1
2025-04-06T15:04:00,Mineral Water,1
2025-04-06T15:04:00,Crema Catalana,1
2025-04-06T15:04:00,Crema Catalana,1
2025-04-06T15:04:00,Crema Catalana,1
2025-04-06T15:05:00,Mineral Water,1
2025-04-06T15:05:00,Mineral Water,1
2025-04-06T15:05:00,Crema Catalana,1
2025-04-06T15:05:00,Mineral Water,1
2025-04-06T15:05:00,Mineral Water,1
2025-04-06T15:05:00,Mineral Water,1
2025-04-06T15:05:00,Crema Catalana,1
2025-04-06T15:05:00,Crema Catalana,1
2025-04-06T15:11:00,Seafood Paella (for 2),1
2025-04-06T15:11:00,Mineral Water,1
2025-04-06T15:11:00,Mineral Water,1
2025-04-06T15:11:00,Mineral Water,1
2025-04-06T15:11:00,Mineral Water,1
2025-04-06T15:11:00,Crema Catalana,1
2025-04-06T15:11:00,Crema Catalana,1
2025-04-06T15:11:00,Crema Catalana,1
2025-04-06T15:11:00,Crema Catalana,1
2025-04-06T15:19:00,Seafood Paella (for 2),1
2025-04-06T15:19:00,House Red Wine,1
2025-04-06T15:19:00,House Red Wine,1
2025-04-06T15:19:00,Crema Catalana,1
2025-04-06T15:19:00,Crema Catalana,1
2025-04-06T15:23:00,House Red Wine,1
2025-04-06T15:23:00,House Red Wine,1
2025-04-06T15:23:00,House Red Wine,1
2025-04-06T15:23:00,Mineral Water,1
2025-04-06T15:23:00,Crema Catalana,1
2025-04-06T15:33:00,Seafood Paella (for 2),1
2025-04-06T15:33:00,Mineral Water,1
2025-04-06T15:33:00,Crema Catalana,1
2025-04-06T15:38:00,Mineral Water,1
2025-04-06T15:38:00,Mineral Water,1
2025-04-06T15:38:00,Mineral Water,1
2025-04-06T15:38:00,Mineral Water,1
2025-04-06T15:38:00,Mineral Water,1
2025-04-06T15:38:00,Crema Catalana,1
2025-04-06T15:38:00,Crema Catalana,1
2025-04-06T15:47:00,House Red Wine,1
2025-04-06T15:47:00,Mineral Water,1
2025-04-06T15:47:00,Crema Catalana,1
2025-04-06T15:47:00,Crema Catalana,1
2025-04-06T15:50:00,Mineral Water,1
2025-04-06T15:50:00,House Red Wine,1
2025-04-06T15:50:00,Crema Catalana,1
2025-04-06T15:50:00,Crema Catalana,1
2025-04-06T15:51:00,House Red Wine,1
2025-04-06T15:51:00,Crema Catalana,1
2025-04-06T15:53:00,Seafood Paella (for 2),1
2025-04-06T15:53:00,House Red Wine,1
2025-04-06T15:53:00,Mineral Water,1
2025-04-06T15:53:00,Crema Catalana,1
2025-04-06T15:53:00,Crema Catalana,1
2025-04-06T15:56:00,Mineral Water,1
2025-04-06T15:56:00,House Red Wine,1
2025-04-06T16:00:00,Seafood Paella (for 2),1
2025-04-06T16:00:00,House Red Wine,1
2025-04-06T16:00:00,Mineral Water,1
2025-04-06T16:00:00,Crema Catalana,1
2025-04-06T16:00:00,Crema Catalana,1
2025-04-06T16:06:00,House Red Wine,1
2025-04-06T16:06:00,Crema Catalana,1
2025-04-06T22:41:00,Mineral Water,1
2025-04-06T22:41:00,Crema Catalana,1
2025-04-07T13:23:00,Menu del Día,1
2025-04-07T13:23:00,Seafood Paella (for 2),1
2025-04-07T13:25:00,Seafood Paella (for 2),1
2025-04-07T13:25:00,Seafood Paella (for 2),1
2025-04-07T13:32:00,Menu del Día,2
2025-04-07T13:34:00,Menu del Día,3
2025-04-07T13:34:00,Seafood Paella (for 2),1
2025-04-07T13:38:00,Menu del Día,2
2025-04-07T13:38:00,Seafood Paella (for 2),1
2025-04-07T13:38:00,Seafood Paella (for 2),1
2025-04-07T13:46:00,Menu del Día,2
2025-04-07T13:50:00,Menu del Día,3
2025-04-07T13:50:00,Menu del Día,2
2025-04-07T13:50:00,Menu del Día,3
2025-04-07T13:50:00,Seafood Paella (for 2),1
2025-04-07T13:58:00,Menu del Día,1
2025-04-07T14:03:00,Menu del Día,2
2025-04-07T14:09:00,Menu del Día,2
2025-04-07T14:09:00,Seafood Paella (for 2),1
2025-04-07T14:18:00,Menu del Día,1
2025-04-07T14:18:00,Seafood Paella (for 2),1
2025-04-07T14:21:00,Menu del Día,1
2025-04-07T14:23:00,Menu del Día,2
2025-04-07T14:25:00,Seafood Paella (for 2),1
2025-04-07T14:25:00,Seafood Paella (for 2),1
2025-04-07T14:25:00,Seafood Paella (for 2),1
2025-04-07T14:39:00,Menu del Día,2
2025-04-07T14:42:00,Seafood Paella (for 2),1
2025-04-07T14:47:00,Menu del Día,2
2025-04-07T14:47:00,Menu del Día,1
2025-04-07T14:52:00,Menu del Día,1
2025-04-07T14:52:00,Menu del Día,2
2025-04-07T14:53:00,Menu del Día,3
2025-04-07T14:53:00,Seafood Paella (for 2),1
2025-04-07T14:54:00,Menu del Día,1
2025-04-07T14:55:00,Menu del Día,1
2025-04-07T14:55:00,Seafood Paella (for 2),1
2025-04-07T15:06:00,Menu del Día,1
2025-04-07T15:09:00,Menu del Día,2
2025-04-07T15:09:00,Seafood Paella (for 2),1
2025-04-07T15:17:00,Menu del Día,1
2025-04-07T15:17:00,Seafood Paella (for 2),1
2025-04-07T15:20:00,Menu del Día,2
2025-04-07T15:21:00,Menu del Día,1
2025-04-07T15:21:00,Seafood Paella (for 2),1
2025-04-07T15:22:00,Menu del Día,2
2025-04-07T15:27:00,Menu del Día,1
2025-04-07T15:27:00,Seafood Paella (for 2),1
2025-04-07T15:29:00,Seafood Paella (for 2),1
2025-04-07T15:33:00,Menu del Día,1
2025-04-07T15:33:00,Seafood Paella (for 2),1
2025-04-07T15:34:00,Seafood Paella (for 2),1
2025-04-07T15:34:00,Seafood Paella (for 2),1
2025-04-07T15:34:00,Menu del Día,1
2025-04-07T15:34:00,Seafood Paella (for 2),1
2025-04-07T15:34:00,Menu del Día,1
2025-04-07T15:37:00,Menu del Día,1
2025-04-07T15:37:00,Seafood Paella (for 2),1
2025-04-07T15:37:00,Menu del Día,2
2025-04-07T15:37:00,Seafood Paella (for 2),1
2025-04-07T15:38:00,Menu del Día,2
2025-04-07T15:40:00,Menu del Día,4
2025-04-07T15:48:00,Menu del Día,2
2025-04-07T15:53:00,Menu del Día,1
2025-04-07T15:55:00,Menu del Día,2
2025-04-07T15:56:00,Menu del Día,2
2025-04-07T15:57:00,Menu del Día,1
2025-04-07T15:59:00,Seafood Paella (for 2),1
2025-04-07T16:38:00,Menu del Día,2
2025-04-07T20:08:00,Tortilla Española,1
2025-04-07T20:08:00,Patatas Bravas,1
2025-04-07T20:08:00,Patatas Bravas,1
2025-04-07T20:08:00,House Red Wine,1
2025-04-07T20:08:00,House Red Wine,1
2025-04-07T20:08:00,Crema Catalana,1
2025-04-07T20:08:00,Patatas Bravas,1
2025-04-07T20:08:00,Tortilla Española,1
2025-04-07T20:08:00,Patatas Bravas,1
2025-04-07T20:08:00,House Red Wine,1
2025-04-07T20:08:00,House Red Wine,1
2025-04-07T20:08:00,Crema Catalana,1
2025-04-07T20:08:00,Crema Catalana,1
2025-04-07T20:33:00,Tortilla Española,1
2025-04-07T20:33:00,Patatas Bravas,1
2025-04-07T20:33:00,Tortilla Española,1
2025-04-07T20:33:00,Patatas Bravas,1
2025-04-07T20:33:00,Seafood Paella (for 2),1
2025-04-07T20:33:00,Mineral Water,1
2025-04-07T20:33:00,House Red Wine,1
2025-04-07T20:33:00,Mineral Water,1
2025-04-07T20:33:00,Crema Catalana,1
2025-04-07T20:37:00,Patatas Bravas,1
2025-04-07T20:37:00,Tortilla Española,1
2025-04-07T20:37:00,Patatas Bravas,1
2025-04-07T20:37:00,Mineral Water,1
2025-04-07T20:37:00,Mineral Water,1
2025-04-07T20:44:00,Tortilla Española,1
2025-04-07T20:44:00,Patatas Bravas,1
2025-04-07T20:44:00,Patatas Bravas,1
2025-04-07T20:44:00,Patatas Bravas,1
2025-04-07T20:44:00,Patatas Bravas,1
2025-04-07T20:44:00,Tortilla Española,1
2025-04-07T20:44:00,Mineral Water,1
2025-04-07T20:44:00,House Red Wine,1
2025-04-07T20:44:00,Mineral Water,1
2025-04-07T20:44:00,Mineral Water,1
2025-04-07T20:44:00,Crema Catalana,1
2025-04-07T20:44:00,Crema Catalana,1
2025-04-07T20:44:00,Crema Catalana,1
2025-04-07T21:02:00,Tortilla Española,1
2025-04-07T21:02:00,Tortilla Española,1
2025-04-07T21:02:00,Tortilla Española,1
2025-04-07T21:02:00,House Red Wine,1
2025-04-07T21:02:00,House Red Wine,1
2025-04-08T13:01:00,Menu del Día,1
2025-04-08T13:03:00,Menu del Día,3
2025-04-08T13:03:00,Seafood Paella (for 2),1
2025-04-08T13:05:00,Menu del Día,1
2025-04-08T13:07:00,Menu del Día,1
2025-04-08T13:07:00,Seafood Paella (for 2),1
2025-04-08T13:12:00,Menu del Día,1
2025-04-08T13:17:00,Menu del Día,1
2025-04-08T13:18:00,Menu del Día,1
2025-04-08T13:21:00,Menu del Día,1
2025-04-08T13:23:00,Menu del Día,2
2025-04-08T13:23:00,Seafood Paella (for 2),1
2025-04-08T13:23:00,Menu del Día,2
2025-04-08T13:23:00,Seafood Paella (for 2),1
2025-04-08T13:23:00,Seafood Paella (for 2),1
2025-04-08T13:24:00,Menu del Día,2
2025-04-08T13:25:00,Menu del Día,1
2025-04-08T13:28:00,Menu del Día,1
2025-04-08T13:28:00,Seafood Paella (for 2),1
2025-04-08T13:30:00,Seafood Paella (for 2),1
2025-04-08T13:30:00,Seafood Paella (for 2),1
2025-04-08T13:30:00,Menu del Día,1
2025-04-08T13:30:00,Seafood Paella (for 2),1
2025-04-08T13:30:00,Seafood Paella (for 2),1
2025-04-08T13:37:00,Menu del Día,3
2025-04-08T13:37:00,Seafood Paella (for 2),1
2025-04-08T13:38:00,Menu del Día,2
2025-04-08T13:38:00,Menu del Día,1
2025-04-08T13:49:00,Menu del Día,3
2025-04-08T13:49:00,Seafood Paella (for 2),1
2025-04-08T13:50:00,Menu del Día,2
2025-04-08T13:56:00,Seafood Paella (for 2),1
2025-04-08T13:56:00,Seafood Paella (for 2),1
2025-04-08T13:56:00,Seafood Paella (for 2),1
2025-04-08T13:56:00,Seafood Paella (for 2),1
2025-04-08T14:02:00,Seafood Paella (for 2),1
2025-04-08T14:04:00,Menu del Día,1
2025-04-08T14:11:00,Menu del Día,1
2025-04-08T14:11:00,Seafood Paella (for 2),1
2025-04-08T14:17:00,Menu del Día,4
2025-04-08T14:18:00,Menu del Día,1
2025-04-08T14:20:00,Seafood Paella (for 2),1
2025-04-08T14:20:00,Seafood Paella (for 2),1
2025-04-08T14:25:00,Seafood Paella (for 2),1
2025-04-08T14:25:00,Menu del Día,2
2025-04-08T14:26:00,Menu del Día,1
2025-04-08T14:27:00,Menu del Día,1
2025-04-08T14:29:00,Menu del Día,2
2025-04-08T14:29:00,Seafood Paella (for 2),1
2025-04-08T14:29:00,Seafood Paella (for 2),1
2025-04-08T14:31:00,Menu del Día,1
2025-04-08T14:31:00,Seafood Paella (for 2),1
2025-04-08T14:35:00,Menu del Día,1
2025-04-08T14:35:00,Seafood Paella (for 2),1
2025-04-08T14:42:00,Menu del Día,2
2025-04-08T14:42:00,Seafood Paella (for 2),1
2025-04-08T14:44:00,Menu del Día,1
2025-04-08T14:48:00,Menu del Día,2
2025-04-08T14:50:00,Menu del Día,2
2025-04-08T14:55:00,Menu del Día,1
2025-04-08T15:11:00,Menu del Día,2
2025-04-08T15:48:00,Menu del Día,1
2025-04-08T15:53:00,Menu del Día,1
2025-04-08T15:53:00,Seafood Paella (for 2),1
2025-04-08T15:56:00,Menu del Día,2
2025-04-08T16:10:00,Menu del Día,1
2025-04-08T16:13:00,Menu del Día,1
2025-04-08T16:13:00,Seafood Paella (for 2),1
2025-04-08T16:16:00,Menu del Día,1
2025-04-08T16:16:00,Seafood Paella (for 2),1
2025-04-08T16:21:00,Menu del Día,3
2025-04-08T16:24:00,Menu del Día,2
2025-04-08T16:33:00,Menu del Día,2
2025-04-08T16:48:00,Menu del Día,2
2025-04-08T20:04:00,Patatas Bravas,1
2025-04-08T20:04:00,Tortilla Española,1
2025-04-08T20:04:00,Tortilla Española,1
2025-04-08T20:04:00,Mineral Water,1
2025-04-08T20:04:00,House Red Wine,1
2025-04-08T20:06:00,Tortilla Española,1
2025-04-08T20:06:00,Tortilla Española,1
2025-04-08T20:06:00,Patatas Bravas,1
2025-04-08T20:06:00,Patatas Bravas,1
2025-04-08T20:06:00,Tortilla Española,1
2025-04-08T20:06:00,Patatas Bravas,1
2025-04-08T20:06:00,Mineral Water,1
2025-04-08T20:06:00,House Red Wine,1
2025-04-08T20:06:00,House Red Wine,1
2025-04-08T20:06:00,House Red Wine,1
2025-04-08T20:06:00,Crema Catalana,1
2025-04-08T20:06:00,Crema Catalana,1
2025-04-08T20:06:00,Crema Catalana,1
2025-04-08T20:06:00,Crema Catalana,1
2025-04-08T20:07:00,Patatas Bravas,1
2025-04-08T20:07:00,Tortilla Española,1
2025-04-08T20:07:00,Tortilla Española,1
2025-04-08T20:07:00,Seafood Paella (for 2),1
2025-04-08T20:07:00,House Red Wine,1
2025-04-08T20:07:00,House Red Wine,1
2025-04-08T20:07:00,Crema Catalana,1
2025-04-08T20:07:00,Crema Catalana,1
2025-04-08T20:08:00,Patatas Bravas,1
2025-04-08T20:08:00,Patatas Bravas,1
2025-04-08T20:08:00,Patatas Bravas,1
2025-04-08T20:08:00,Mineral Water,1
2025-04-08T20:08:00,Mineral Water,1
2025-04-08T20:08:00,Patatas Bravas,1
2025-04-08T20:08:00,Tortilla Española,1
2025-04-08T20:08:00,Tortilla Española,1
2025-04-08T20:08:00,House Red Wine,1
2025-04-08T20:08:00,Mineral Water,1
2025-04-08T20:08:00,Crema Catalana,1
2025-04-08T20:08:00,Crema Catalana,1
2025-04-08T20:49:00,Patatas Bravas,1
2025-04-08T20:49:00,Tortilla Española,1
2025-04-08T20:49:00,Patatas Bravas,1
2025-04-08T20:49:00,Mineral Water,1
2025-04-08T20:49:00,House Red Wine,1
2025-04-09T13:03:00,Menu del Día,1
2025-04-09T13:12:00,Menu del Día,2
2025-04-09T13:13:00,Menu del Día,1
2025-04-09T13:14:00,Menu del Día,3
2025-04-09T13:23:00,Menu del Día,4
2025-04-09T13:34:00,Menu del Día,2
2025-04-09T13:35:00,Seafood Paella (for 2),1
2025-04-09T13:35:00,Seafood Paella (for 2),1
2025-04-09T13:47:00,Menu del Día,1
2025-04-09T13:47:00,Seafood Paella (for 2),1
2025-04-09T13:52:00,Menu del Día,2
2025-04-09T13:52:00,Seafood Paella (for 2),1
2025-04-09T13:54:00,Menu del Día,1
2025-04-09T13:54:00,Seafood Paella (for 2),1
2025-04-09T13:54:00,Menu del Día,1
2025-04-09T13:54:00,Seafood Paella (for 2),1
2025-04-09T13:59:00,Menu del Día,2
2025-04-09T14:04:00,Menu del Día,2
2025-04-09T14:07:00,Menu del Día,1
2025-04-09T14:07:00,Seafood Paella (for 2),1
2025-04-09T14:20:00,Menu del Día,1
2025-04-09T14:39:00,Menu del Día,1
2025-04-09T14:39:00,Seafood Paella (for 2),1
2025-04-09T14:46:00,Menu del Día,1
2025-04-09T14:54:00,Menu del Día,2
2025-04-09T14:55:00,Seafood Paella (for 2),1
2025-04-09T14:57:00,Menu del Día,1
2025-04-09T14:57:00,Seafood Paella (for 2),1
2025-04-09T14:57:00,Menu del Día,1
2025-04-09T14:57:00,Seafood Paella (for 2),1
2025-04-09T14:57:00,Menu del Día,2
2025-04-09T15:08:00,Menu del Día,1
2025-04-09T15:08:00,Seafood Paella (for 2),1
2025-04-09T15:12:00,Menu del Día,1
2025-04-09T15:27:00,Menu del Día,2
2025-04-09T15:38:00,Seafood Paella (for 2),1
2025-04-09T15:39:00,Menu del Día,4
2025-04-09T15:39:00,Menu del Día,1
2025-04-09T15:40:00,Menu del Día,4
2025-04-09T15:44:00,Menu del Día,1
2025-04-09T15:44:00,Seafood Paella (for 2),1
2025-04-09T15:44:00,Menu del Día,4
2025-04-09T16:12:00,Menu del Día,1
2025-04-09T16:12:00,Seafood Paella (for 2),1
2025-04-09T16:54:00,Menu del Día,1
2025-04-09T20:02:00,Patatas Bravas,1
2025-04-09T20:02:00,Tortilla Española,1
2025-04-09T20:02:00,Tortilla Española,1
2025-04-09T20:02:00,House Red Wine,1
2025-04-09T20:02:00,Mineral Water,1
2025-04-09T20:02:00,Crema Catalana,1
2025-04-09T20:02:00,Crema Catalana,1
2025-04-09T20:04:00,Patatas Bravas,1
2025-04-09T20:04:00,Patatas Bravas,1
2025-04-09T20:04:00,Patatas Bravas,1
2025-04-09T20:04:00,House Red Wine,1
2025-04-09T20:04:00,House Red Wine,1
2025-04-09T20:04:00,Crema Catalana,1
2025-04-09T20:04:00,Crema Catalana,1
2025-04-09T20:08:00,Patatas Bravas,1
2025-04-09T20:08:00,Patatas Bravas,1
2025-04-09T20:08:00,Tortilla Española,1
2025-04-09T20:08:00,Tortilla Española,1
2025-04-09T20:08:00,Patatas Bravas,1
2025-04-09T20:08:00,Patatas Bravas,1
2025-04-09T20:08:00,House Red Wine,1
2025-04-09T20:08:00,Mineral Water,1
2025-04-09T20:08:00,House Red Wine,1
2025-04-09T20:08:00,House Red Wine,1
2025-04-09T20:08:00,Crema Catalana,1
2025-04-09T20:10:00,Patatas Bravas,1
2025-04-09T20:10:00,Patatas Bravas,1
2025-04-09T20:10:00,Tortilla Española,1
2025-04-09T20:10:00,Tortilla Española,1
2025-04-09T20:10:00,Seafood Paella (for 2),1
2025-04-09T20:10:00,Mineral Water,1
2025-04-09T20:10:00,House Red Wine,1
2025-04-09T20:10:00,House Red Wine,1
2025-04-09T20:10:00,Tortilla Española,1
2025-04-09T20:10:00,Patatas Bravas,1
2025-04-09T20:10:00,Tortilla Española,1
2025-04-09T20:10:00,Patatas Bravas,1
2025-04-09T20:10:00,Patatas Bravas,1
2025-04-09T20:10:00,Tortilla Española,1
2025-04-09T20:10:00,House Red Wine,1
2025-04-09T20:10:00,House Red Wine,1
2025-04-09T20:10:00,Mineral Water,1
2025-04-09T20:10:00,Mineral Water,1
2025-04-09T20:10:00,Crema Catalana,1
2025-04-09T20:11:00,Patatas Bravas,1
2025-04-09T20:11:00,Tortilla Española,1
2025-04-09T20:11:00,Patatas Bravas,1
2025-04-09T20:11:00,Patatas Bravas,1
2025-04-09T20:11:00,Seafood Paella (for 2),1
2025-04-09T20:11:00,House Red Wine,1
2025-04-09T20:11:00,House Red Wine,1
2025-04-09T20:11:00,House Red Wine,1
2025-04-09T20:14:00,Tortilla Española,1
2025-04-09T20:14:00,Tortilla Española,1
2025-04-09T20:14:00,Patatas Bravas,1
2025-04-09T20:14:00,Tortilla Española,1
2025-04-09T20:14:00,Seafood Paella (for 2),1
2025-04-09T20:14:00,House Red Wine,1
2025-04-09T20:14:00,Mineral Water,1
2025-04-09T20:14:00,Mineral Water,1
2025-04-09T20:15:00,Patatas Bravas,1
2025-04-09T20:15:00,Patatas Bravas,1
2025-04-09T20:15:00,Tortilla Española,1
2025-04-09T20:15:00,Mineral Water,1
2025-04-09T20:15:00,House Red Wine,1
2025-04-09T20:16:00,Patatas Bravas,1
2025-04-09T20:16:00,Mineral Water,1
2025-04-09T20:16:00,Crema Catalana,1
2025-04-09T20:17:00,Tortilla Española,1
2025-04-09T20:17:00,Patatas Bravas,1
2025-04-09T20:17:00,Patatas Bravas,1
2025-04-09T20:17:00,Tortilla Española,1
2025-04-09T20:17:00,Seafood Paella (for 2),1
2025-04-09T20:17:00,Mineral Water,1
2025-04-09T20:17:00,Mineral Water,1
2025-04-09T20:17:00,House Red Wine,1
2025-04-10T13:01:00,Menu del Día,1
2025-04-10T13:07:00,Seafood Paella (for 2),1
2025-04-10T13:09:00,Menu del Día,1
2025-04-10T13:10:00,Menu del Día,1
2025-04-10T13:10:00,Seafood Paella (for 2),1
2025-04-10T13:13:00,Menu del Día,1
2025-04-10T13:14:00,Menu del Día,1
2025-04-10T13:14:00,Seafood Paella (for 2),1
2025-04-10T13:19:00,Menu del Día,1
2025-04-10T13:19:00,Seafood Paella (for 2),1
2025-04-10T13:20:00,Menu del Día,2
2025-04-10T13:21:00,Menu del Día,1
2025-04-10T13:23:00,Menu del Día,3
2025-04-10T13:25:00,Seafood Paella (for 2),1
2025-04-10T13:29:00,Seafood Paella (for 2),1
2025-04-10T13:29:00,Menu del Día,1
2025-04-10T13:29:00,Seafood Paella (for 2),1
2025-04-10T13:30:00,Menu del Día,2
2025-04-10T13:30:00,Seafood Paella (for 2),1
2025-04-10T13:30:00,Seafood Paella (for 2),1
2025-04-10T13:32:00,Menu del Día,1
2025-04-10T13:32:00,Seafood Paella (for 2),1
2025-04-10T13:42:00,Menu del Día,2
2025-04-10T13:43:00,Menu del Día,2
2025-04-10T13:48:00,Menu del Día,2
2025-04-10T13:50:00,Menu del Día,1
2025-04-10T13:50:00,Seafood Paella (for 2),1
2025-04-10T13:51:00,Menu del Día,2
2025-04-10T14:05:00,Menu del Día,1
2025-04-10T14:05:00,Seafood Paella (for 2),1
2025-04-10T14:09:00,Menu del Día,1
2025-04-10T14:09:00,Seafood Paella (for 2),1
2025-04-10T14:10:00,Seafood Paella (for 2),1
2025-04-10T14:21:00,Menu del Día,2
2025-04-10T14:22:00,Menu del Día,1
2025-04-10T14:22:00,Seafood Paella (for 2),1
2025-04-10T14:25:00,Menu del Día,2
2025-04-10T14:25:00,Seafood Paella (for 2),1
2025-04-10T14:25:00,Seafood Paella (for 2),1
2025-04-10T14:30:00,Menu del Día,1
2025-04-10T14:30:00,Seafood Paella (for 2),1
2025-04-10T14:32:00,Menu del Día,2
2025-04-10T14:42:00,Menu del Día,1
2025-04-10T14:42:00,Seafood Paella (for 2),1
2025-04-10T14:50:00,Menu del Día,1
2025-04-10T14:50:00,Seafood Paella (for 2),1
2025-04-10T14:56:00,Menu del Día,3
2025-04-10T14:56:00,Seafood Paella (for 2),1
2025-04-10T14:58:00,Seafood Paella (for 2),1
2025-04-10T14:59:00,Menu del Día,2
2025-04-10T14:59:00,Menu del Día,1
2025-04-10T14:59:00,Seafood Paella (for 2),1
2025-04-10T15:13:00,Menu del Día,1
2025-04-10T15:20:00,Menu del Día,1
2025-04-10T15:22:00,Menu del Día,1
2025-04-10T15:29:00,Menu del Día,1
2025-04-10T15:29:00,Seafood Paella (for 2),1
2025-04-10T15:36:00,Menu del Día,1
2025-04-10T15:37:00,Menu del Día,2
2025-04-10T15:39:00,Menu del Día,2
2025-04-10T15:46:00,Seafood Paella (for 2),1
2025-04-10T15:49:00,Menu del Día,2
2025-04-10T16:09:00,Menu del Día,1
2025-04-10T16:09:00,Seafood Paella (for 2),1
2025-04-10T16:11:00,Menu del Día,1
2025-04-10T16:14:00,Menu del Día,2
2025-04-10T16:19:00,Menu del Día,1
2025-04-10T16:27:00,Menu del Día,2
2025-04-10T16:28:00,Menu del Día,1
2025-04-10T16:28:00,Seafood Paella (for 2),1
2025-04-10T20:05:00,Tortilla Española,1
2025-04-10T20:05:00,Patatas Bravas,1
2025-04-10T20:05:00,Patatas Bravas,1
2025-04-10T20:05:00,Seafood Paella (for 2),1
2025-04-10T20:05:00,House Red Wine,1
2025-04-10T20:05:00,Mineral Water,1
2025-04-10T20:17:00,Patatas Bravas,1
2025-04-10T20:17:00,Tortilla Española,1
2025-04-10T20:17:00,Tortilla Española,1
2025-04-10T20:17:00,Patatas Bravas,1
2025-04-10T20:17:00,Tortilla Española,1
2025-04-10T20:17:00,Patatas Bravas,1
2025-04-10T20:17:00,House Red Wine,1
2025-04-10T20:17:00,Mineral Water,1
2025-04-10T20:17:00,Mineral Water,1
2025-04-10T20:17:00,Mineral Water,1
2025-04-10T20:17:00,Tortilla Española,1
2025-04-10T20:17:00,Patatas Bravas,1
2025-04-10T20:17:00,Patatas Bravas,1
2025-04-10T20:17:00,Tortilla Española,1
2025-04-10T20:17:00,Seafood Paella (for 2),1
2025-04-10T20:17:00,House Red Wine,1
2025-04-10T20:17:00,Mineral Water,1
2025-04-10T20:17:00,Mineral Water,1
2025-04-10T20:17:00,Crema Catalana,1
2025-04-10T20:17:00,Crema Catalana,1
2025-04-10T20:17:00,Crema Catalana,1
2025-04-10T20:17:00,Patatas Bravas,1
2025-04-10T20:17:00,Patatas Bravas,1
2025-04-10T20:17:00,Tortilla Española,1
2025-04-10T20:17:00,Tortilla Española,1
2025-04-10T20:17:00,Patatas Bravas,1
2025-04-10T20:17:00,Patatas Bravas,1
2025-04-10T20:17:00,Seafood Paella (for 2),1
2025-04-10T20:17:00,Mineral Water,1
2025-04-10T20:17:00,House Red Wine,1
2025-04-10T20:17:00,House Red Wine,1
2025-04-10T20:17:00,House Red Wine,1
2025-04-10T20:18:00,Patatas Bravas,1
2025-04-10T20:18:00,Tortilla Española,1
2025-04-10T20:18:00,Tortilla Española,1
2025-04-10T20:18:00,Patatas Bravas,1
2025-04-10T20:18:00,House Red Wine,1
2025-04-10T20:18:00,Mineral Water,1
2025-04-10T20:18:00,House Red Wine,1
2025-04-10T20:19:00,Patatas Bravas,1
2025-04-10T20:19:00,Patatas Bravas,1
2025-04-10T20:19:00,Tortilla Española,1
2025-04-10T20:19:00,Mineral Water,1
2025-04-10T20:19:00,House Red Wine,1
2025-04-10T20:20:00,Patatas Bravas,1
2025-04-10T20:20:00,Patatas Bravas,1
2025-04-10T20:20:00,Tortilla Española,1
2025-04-10T20:20:00,Seafood Paella (for 2),1
2025-04-10T20:20:00,Mineral Water,1
2025-04-10T20:20:00,Mineral Water,1
2025-04-10T20:22:00,Patatas Bravas,1
2025-04-10T20:22:00,Tortilla Española,1
2025-04-10T20:22:00,Patatas Bravas,1
2025-04-10T20:22:00,Tortilla Española,1
2025-04-10T20:22:00,Seafood Paella (for 2),1
2025-04-10T20:22:00,House Red Wine,1
2025-04-10T20:22:00,Mineral Water,1
2025-04-10T20:22:00,Mineral Water,1
2025-04-10T20:22:00,Crema Catalana,1
2025-04-10T20:22:00,Crema Catalana,1
2025-04-10T20:24:00,Patatas Bravas,1
2025-04-10T20:24:00,Patatas Bravas,1
2025-04-10T20:24:00,Tortilla Española,1
2025-04-10T20:24:00,Tortilla Española,1
2025-04-10T20:24:00,Seafood Paella (for 2),1
2025-04-10T20:24:00,Mineral Water,1
2025-04-10T20:24:00,Mineral Water,1
2025-04-10T20:24:00,House Red Wine,1
2025-04-10T20:24:00,Crema Catalana,1
2025-04-10T20:33:00,Patatas Bravas,1
2025-04-10T20:33:00,Tortilla Española,1
2025-04-10T20:33:00,Patatas Bravas,1
2025-04-10T20:33:00,Tortilla Española,1
2025-04-10T20:33:00,Seafood Paella (for 2),1
2025-04-10T20:33:00,House Red Wine,1
2025-04-10T20:33:00,Mineral Water,1
2025-04-10T20:33:00,House Red Wine,1
2025-04-10T20:35:00,Patatas Bravas,1
2025-04-10T20:35:00,Mineral Water,1
2025-04-10T20:35:00,Crema Catalana,1
2025-04-10T20:36:00,Patatas Bravas,1
2025-04-10T20:36:00,Tortilla Española,1
2025-04-10T20:36:00,Patatas Bravas,1
2025-04-10T20:36:00,Seafood Paella (for 2),1
2025-04-10T20:36:00,House Red Wine,1
2025-04-10T20:36:00,Mineral Water,1
2025-04-10T20:37:00,Tortilla Española,1
2025-04-10T20:37:00,Patatas Bravas,1
2025-04-10T20:37:00,Tortilla Española,1
2025-04-10T20:37:00,House Red Wine,1
2025-04-10T20:37:00,House Red Wine,1
2025-04-10T20:38:00,Patatas Bravas,1
2025-04-10T20:38:00,Patatas Bravas,1
2025-04-10T20:38:00,Patatas Bravas,1
2025-04-10T20:38:00,Patatas Bravas,1
2025-04-10T20:38:00,Tortilla Española,1
2025-04-10T20:38:00,Patatas Bravas,1
2025-04-10T20:38:00,Seafood Paella (for 2),1
2025-04-10T20:38:00,House Red Wine,1
2025-04-10T20:38:00,House Red Wine,1
2025-04-10T20:38:00,Mineral Water,1
2025-04-10T20:38:00,House Red Wine,1
2025-04-10T20:40:00,Patatas Bravas,1
2025-04-10T20:40:00,Patatas Bravas,1
2025-04-10T20:40:00,Tortilla Española,1
2025-04-10T20:40:00,Mineral Water,1
2025-04-10T20:40:00,Mineral Water,1
2025-04-10T20:42:00,Tortilla Española,1
2025-04-10T20:42:00,Tortilla Española,1
2025-04-10T20:42:00,Tortilla Española,1
2025-04-10T20:42:00,Tortilla Española,1
2025-04-10T20:42:00,Mineral Water,1
2025-04-10T20:42:00,House Red Wine,1
2025-04-10T20:42:00,House Red Wine,1
2025-04-10T20:43:00,Tortilla Española,1
2025-04-10T20:43:00,Mineral Water,1
2025-04-10T20:43:00,Crema Catalana,1
2025-04-10T21:03:00,Tortilla Española,1
2025-04-10T21:03:00,Mineral Water,1
2025-04-10T21:03:00,Crema Catalana,1
2025-04-11T13:03:00,Tortilla Española,1
2025-04-11T13:03:00,Patatas Bravas,1
2025-04-11T13:03:00,Patatas Bravas,1
2025-04-11T13:03:00,House Red Wine,1
2025-04-11T13:03:00,House Red Wine,1
2025-04-11T13:03:00,Crema Catalana,1
2025-04-11T13:03:00,Crema Catalana,1
2025-04-11T13:12:00,Patatas Bravas,1
2025-04-11T13:12:00,Patatas Bravas,1
2025-04-11T13:12:00,Tortilla Española,1
2025-04-11T13:12:00,Mineral Water,1
2025-04-11T13:12:00,Mineral Water,1
2025-04-11T13:42:00,Patatas Bravas,1
2025-04-11T13:42:00,House Red Wine,1
2025-04-11T13:43:00,Tortilla Española,1
2025-04-11T13:43:00,Tortilla Española,1
2025-04-11T13:43:00,Patatas Bravas,1
2025-04-11T13:43:00,House Red Wine,1
2025-04-11T13:43:00,Mineral Water,1
2025-04-11T14:02:00,Patatas Bravas,1
2025-04-11T14:02:00,Patatas Bravas,1
2025-04-11T14:02:00,Patatas Bravas,1
2025-04-11T14:02:00,Seafood Paella (for 2),1
2025-04-11T14:02:00,Mineral Water,1
2025-04-11T14:02:00,Mineral Water,1
2025-04-11T14:02:00,Crema Catalana,1
2025-04-11T14:02:00,Patatas Bravas,1
2025-04-11T14:02:00,Seafood Paella (for 2),1
2025-04-11T14:02:00,House Red Wine,1
2025-04-11T14:03:00,Tortilla Española,1
2025-04-11T14:03:00,Tortilla Española,1
2025-04-11T14:03:00,Patatas Bravas,1
2025-04-11T14:03:00,Seafood Paella (for 2),1
2025-04-11T14:03:00,House Red Wine,1
2025-04-11T14:03:00,House Red Wine,1
2025-04-11T14:03:00,Crema Catalana,1
2025-04-11T14:03:00,Crema Catalana,1
2025-04-11T14:03:00,Patatas Bravas,1
2025-04-11T14:03:00,Tortilla Española,1
2025-04-11T14:03:00,Patatas Bravas,1
2025-04-11T14:03:00,Patatas Bravas,1
2025-04-11T14:03:00,Patatas Bravas,1
2025-04-11T14:03:00,Tortilla Española,1
2025-04-11T14:03:00,Seafood Paella (for 2),1
2025-04-11T14:03:00,House Red Wine,1
2025-04-11T14:03:00,House Red Wine,1
2025-04-11T14:03:00,Mineral Water,1
2025-04-11T14:03:00,Mineral Water,1
2025-04-11T14:03:00,Crema Catalana,1
2025-04-11T14:03:00,Crema Catalana,1
2025-04-11T14:03:00,Crema Catalana,1
2025-04-11T14:05:00,Patatas Bravas,1
2025-04-11T14:05:00,Tortilla Española,1
2025-04-11T14:05:00,Patatas Bravas,1
2025-04-11T14:05:00,Patatas Bravas,1
2025-04-11T14:05:00,Patatas Bravas,1
2025-04-11T14:05:00,Patatas Bravas,1
2025-04-11T14:05:00,Mineral Water,1
2025-04-11T14:05:00,House Red Wine,1
2025-04-11T14:05:00,House Red Wine,1
2025-04-11T14:05:00,Mineral Water,1
2025-04-11T14:05:00,Crema Catalana,1
2025-04-11T14:07:00,Patatas Bravas,1
2025-04-11T14:07:00,House Red Wine,1
2025-04-11T14:07:00,Crema Catalana,1
2025-04-11T14:10:00,Tortilla Española,1
2025-04-11T14:10:00,Tortilla Española,1
2025-04-11T14:10:00,Patatas Bravas,1
2025-04-11T14:10:00,Seafood Paella (for 2),1
2025-04-11T14:10:00,House Red Wine,1
2025-04-11T14:10:00,House Red Wine,1
2025-04-11T14:18:00,Patatas Bravas,1
2025-04-11T14:18:00,House Red Wine,1
2025-04-11T14:18:00,Crema Catalana,1
2025-04-11T14:18:00,Patatas Bravas,1
2025-04-11T14:18:00,Patatas Bravas,1
2025-04-11T14:18:00,Patatas Bravas,1
2025-04-11T14:18:00,Seafood Paella (for 2),1
2025-04-11T14:18:00,House Red Wine,1
2025-04-11T14:18:00,Mineral Water,1
2025-04-11T14:18:00,Crema Catalana,1
2025-04-11T14:21:00,Patatas Bravas,1
2025-04-11T14:21:00,Tortilla Española,1
2025-04-11T14:21:00,Patatas Bravas,1
2025-04-11T14:21:00,Seafood Paella (for 2),1
2025-04-11T14:21:00,House Red Wine,1
2025-04-11T14:21:00,Mineral Water,1
2025-04-11T14:22:00,Tortilla Española,1
2025-04-11T14:22:00,Patatas Bravas,1
2025-04-11T14:22:00,Patatas Bravas,1
2025-04-11T14:22:00,Tortilla Española,1
2025-04-11T14:22:00,House Red Wine,1
2025-04-11T14:22:00,Mineral Water,1
2025-04-11T14:22:00,Mineral Water,1
2025-04-11T14:23:00,Patatas Bravas,1
2025-04-11T14:23:00,Tortilla Española,1
2025-04-11T14:23:00,Tortilla Española,1
2025-04-11T14:23:00,Patatas Bravas,1
2025-04-11T14:23:00,Tortilla Española,1
2025-04-11T14:23:00,Patatas Bravas,1
2025-04-11T14:23:00,House Red Wine,1
2025-04-11T14:23:00,House Red Wine,1
2025-04-11T14:23:00,House Red Wine,1
2025-04-11T14:23:00,Mineral Water,1
2025-04-11T14:29:00,Tortilla Española,1
2025-04-11T14:29:00,Tortilla Española,1
2025-04-11T14:29:00,Patatas Bravas,1
2025-04-11T14:29:00,Mineral Water,1
2025-04-11T14:29:00,Mineral Water,1
2025-04-11T14:30:00,Patatas Bravas,1
2025-04-11T14:30:00,Patatas Bravas,1
2025-04-11T14:30:00,Patatas Bravas,1
2025-04-11T14:30:00,Mineral Water,1
2025-04-11T14:30:00,House Red Wine,1
2025-04-11T14:30:00,Crema Catalana,1
2025-04-11T14:30:00,Crema Catalana,1
2025-04-11T14:33:00,Tortilla Española,1
2025-04-11T14:33:00,House Red Wine,1
2025-04-11T14:36:00,Patatas Bravas,1
2025-04-11T14:36:00,Tortilla Española,1
2025-04-11T14:36:00,Tortilla Española,1
2025-04-11T14:36:00,Mineral Water,1
2025-04-11T14:36:00,Mineral Water,1
2025-04-11T14:38:00,Tortilla Española,1
2025-04-11T14:38:00,Tortilla Española,1
2025-04-11T14:38:00,Patatas Bravas,1
2025-04-11T14:38:00,Patatas Bravas,1
2025-04-11T14:38:00,Tortilla Española,1
2025-04-11T14:38:00,Tortilla Española,1
2025-04-11T14:38:00,Seafood Paella (for 2),1
2025-04-11T14:38:00,Mineral Water,1
2025-04-11T14:38:00,Mineral Water,1
2025-04-11T14:38:00,House Red Wine,1
2025-04-11T14:38:00,Mineral Water,1
2025-04-11T14:40:00,Patatas Bravas,1
2025-04-11T14:40:00,Tortilla Española,1
2025-04-11T14:40:00,Tortilla Española,1
2025-04-11T14:40:00,Tortilla Española,1
2025-04-11T14:40:00,House Red Wine,1
2025-04-11T14:40:00,Mineral Water,1
2025-04-11T14:40:00,House Red Wine,1
2025-04-11T14:48:00,Tortilla Española,1
2025-04-11T14:48:00,House Red Wine,1
2025-04-11T14:49:00,Patatas Bravas,1
2025-04-11T14:49:00,Tortilla Española,1
2025-04-11T14:49:00,Patatas Bravas,1
2025-04-11T14:49:00,Tortilla Española,1
2025-04-11T14:49:00,House Red Wine,1
2025-04-11T14:49:00,Mineral Water,1
2025-04-11T14:49:00,House Red Wine,1
2025-04-11T14:49:00,Crema Catalana,1
2025-04-11T14:49:00,Crema Catalana,1
2025-04-11T14:49:00,Crema Catalana,1
2025-04-11T14:50:00,Patatas Bravas,1
2025-04-11T14:50:00,Tortilla Española,1
2025-04-11T14:50:00,Tortilla Española,1
2025-04-11T14:50:00,Patatas Bravas,1
2025-04-11T14:50:00,Patatas Bravas,1
2025-04-11T14:50:00,Patatas Bravas,1
2025-04-11T14:50:00,Seafood Paella (for 2),1
2025-04-11T14:50:00,Mineral Water,1
2025-04-11T14:50:00,Mineral Water,1
2025-04-11T14:50:00,Mineral Water,1
2025-04-11T14:50:00,House Red Wine,1
2025-04-11T14:50:00,Crema Catalana,1
2025-04-11T14:50:00,Patatas Bravas,1
2025-04-11T14:50:00,Seafood Paella (for 2),1
2025-04-11T14:50:00,Mineral Water,1
2025-04-11T14:50:00,Crema Catalana,1
2025-04-11T14:52:00,Tortilla Española,1
2025-04-11T14:52:00,Tortilla Española,1
2025-04-11T14:52:00,Patatas Bravas,1
2025-04-11T14:52:00,Tortilla Española,1
2025-04-11T14:52:00,Mineral Water,1
2025-04-11T14:52:00,Mineral Water,1
2025-04-11T14:52:00,Mineral Water,1
2025-04-11T14:52:00,Patatas Bravas,1
2025-04-11T14:52:00,Patatas Bravas,1
2025-04-11T14:52:00,Patatas Bravas,1
2025-04-11T14:52:00,Seafood Paella (for 2),1
2025-04-11T14:52:00,Mineral Water,1
2025-04-11T14:52:00,Mineral Water,1
2025-04-11T14:56:00,Patatas Bravas,1
2025-04-11T14:56:00,Tortilla Española,1
2025-04-11T14:56:00,Tortilla Española,1
2025-04-11T14:56:00,Tortilla Española,1
2025-04-11T14:56:00,Patatas Bravas,1
2025-04-11T14:56:00,Tortilla Española,1
2025-04-11T14:56:00,Seafood Paella (for 2),1
2025-04-11T14:56:00,Mineral Water,1
2025-04-11T14:56:00,House Red Wine,1
2025-04-11T14:56:00,Mineral Water,1
2025-04-11T14:56:00,Mineral Water,1
2025-04-11T14:56:00,Crema Catalana,1
2025-04-11T14:56:00,Crema Catalana,1
2025-04-11T14:56:00,Crema Catalana,1
2025-04-11T14:56:00,Crema Catalana,1
2025-04-11T14:59:00,Patatas Bravas,1
2025-04-11T14:59:00,Patatas Bravas,1
2025-04-11T14:59:00,Tortilla Española,1
2025-04-11T14:59:00,Mineral Water,1
2025-04-11T14:59:00,House Red Wine,1
2025-04-11T15:15:00,Patatas Bravas,1
2025-04-11T15:15:00,Mineral Water,1
2025-04-11T15:32:00,Tortilla Española,1
2025-04-11T15:32:00,House Red Wine,1
2025-04-11T15:41:00,Tortilla Española,1
2025-04-11T15:41:00,Tortilla Española,1
2025-04-11T15:41:00,Tortilla Española,1
2025-04-11T15:41:00,Patatas Bravas,1
2025-04-11T15:41:00,Seafood Paella (for 2),1
2025-04-11T15:41:00,House Red Wine,1
2025-04-11T15:41:00,House Red Wine,1
2025-04-11T15:41:00,Mineral Water,1
2025-04-11T16:13:00,Patatas Bravas,1
2025-04-11T16:13:00,Mineral Water,1
2025-04-12T13:10:00,Patatas Bravas,1
2025-04-12T13:10:00,Patatas Bravas,1
2025-04-12T13:10:00,Patatas Bravas,1
2025-04-12T13:10:00,Patatas Bravas,1
2025-04-12T13:10:00,Patatas Bravas,1
2025-04-12T13:10:00,Tortilla Española,1
2025-04-12T13:10:00,House Red Wine,1
2025-04-12T13:10:00,Mineral Water,1
2025-04-12T13:10:00,Mineral Water,1
2025-04-12T13:10:00,House Red Wine,1
2025-04-12T13:10:00,Patatas Bravas,1
2025-04-12T13:10:00,Patatas Bravas,1
2025-04-12T13:10:00,Tortilla Española,1
2025-04-12T13:10:00,Mineral Water,1
2025-04-12T13:10:00,House Red Wine,1
2025-04-12T13:10:00,Crema Catalana,1
2025-04-12T13:10:00,Crema Catalana,1
2025-04-12T13:10:00,Tortilla Española,1
2025-04-12T13:10:00,Mineral Water,1
2025-04-12T13:13:00,Patatas Bravas,1
2025-04-12T13:13:00,Patatas Bravas,1
2025-04-12T13:13:00,Patatas Bravas,1
2025-04-12T13:13:00,Mineral Water,1
2025-04-12T13:13:00,Mineral Water,1
2025-04-12T13:24:00,Tortilla Española,1
2025-04-12T13:24:00,Tortilla Española,1
2025-04-12T13:24:00,Tortilla Española,1
2025-04-12T13:24:00,House Red Wine,1
2025-04-12T13:24:00,House Red Wine,1
2025-04-12T13:24:00,Crema Catalana,1
2025-04-12T13:26:00,Patatas Bravas,1
2025-04-12T13:26:00,Tortilla Española,1
2025-04-12T13:26:00,Patatas Bravas,1
2025-04-12T13:26:00,Patatas Bravas,1
2025-04-12T13:26:00,Seafood Paella (for 2),1
2025-04-12T13:26:00,Mineral Water,1
2025-04-12T13:26:00,Mineral Water,1
2025-04-12T13:26:00,Mineral Water,1
2025-04-12T13:26:00,Crema Catalana,1
2025-04-12T13:31:00,Patatas Bravas,1
2025-04-12T13:31:00,Tortilla Española,1
2025-04-12T13:31:00,Tortilla Española,1
2025-04-12T13:31:00,Mineral Water,1
2025-04-12T13:31:00,House Red Wine,1
2025-04-12T13:31:00,Tortilla Española,1
2025-04-12T13:31:00,Patatas Bravas,1
2025-04-12T13:31:00,Tortilla Española,1
2025-04-12T13:31:00,Seafood Paella (for 2),1
2025-04-12T13:31:00,Mineral Water,1
2025-04-12T13:31:00,Mineral Water,1
2025-04-12T13:32:00,Tortilla Española,1
2025-04-12T13:32:00,Tortilla Española,1
2025-04-12T13:32:00,Tortilla Española,1
2025-04-12T13:32:00,Tortilla Española,1
2025-04-12T13:32:00,Mineral Water,1
2025-04-12T13:32:00,Mineral Water,1
2025-04-12T13:32:00,Mineral Water,1
2025-04-12T13:32:00,Crema Catalana,1
2025-04-12T13:32:00,Crema Catalana,1
2025-04-12T13:51:00,Tortilla Española,1
2025-04-12T13:51:00,Tortilla Española,1
2025-04-12T13:51:00,Patatas Bravas,1
2025-04-12T13:51:00,Tortilla Española,1
2025-04-12T13:51:00,Seafood Paella (for 2),1
2025-04-12T13:51:00,House Red Wine,1
2025-04-12T13:51:00,House Red Wine,1
2025-04-12T13:51:00,Mineral Water,1
2025-04-12T13:51:00,Crema Catalana,1
2025-04-12T13:51:00,Crema Catalana,1
2025-04-12T13:55:00,Tortilla Española,1
2025-04-12T13:55:00,Patatas Bravas,1
2025-04-12T13:55:00,Tortilla Española,1
2025-04-12T13:55:00,Mineral Water,1
2025-04-12T13:55:00,Mineral Water,1
2025-04-12T13:55:00,Crema Catalana,1
2025-04-12T13:58:00,Patatas Bravas,1
2025-04-12T13:58:00,Tortilla Española,1
2025-04-12T13:58:00,Tortilla Española,1
2025-04-12T13:58:00,Seafood Paella (for 2),1
2025-04-12T13:58:00,House Red Wine,1
2025-04-12T13:58:00,House Red Wine,1
2025-04-12T14:00:00,Tortilla Española,1
2025-04-12T14:00:00,Tortilla Española,1
2025-04-12T14:00:00,Tortilla Española,1
2025-04-12T14:00:00,Seafood Paella (for 2),1
2025-04-12T14:00:00,House Red Wine,1
2025-04-12T14:00:00,Mineral Water,1
2025-04-12T14:00:00,Tortilla Española,1
2025-04-12T14:00:00,Patatas Bravas,1
2025-04-12T14:00:00,Tortilla Española,1
2025-04-12T14:00:00,Tortilla Española,1
2025-04-12T14:00:00,Patatas Bravas,1
2025-04-12T14:00:00,Patatas Bravas,1
2025-04-12T14:00:00,Seafood Paella (for 2),1
2025-04-12T14:00:00,Mineral Water,1
2025-04-12T14:00:00,House Red Wine,1
2025-04-12T14:00:00,House Red Wine,1
2025-04-12T14:00:00,Mineral Water,1
2025-04-12T14:00:00,Crema Catalana,1
2025-04-12T14:00:00,Crema Catalana,1
2025-04-12T14:00:00,Crema Catalana,1
2025-04-12T14:00:00,Crema Catalana,1
2025-04-12T14:01:00,Patatas Bravas,1
2025-04-12T14:01:00,Patatas Bravas,1
2025-04-12T14:01:00,Tortilla Española,1
2025-04-12T14:01:00,House Red Wine,1
2025-04-12T14:01:00,House Red Wine,1
2025-04-12T14:03:00,Patatas Bravas,1
2025-04-12T14:03:00,Tortilla Española,1
2025-04-12T14:03:00,Patatas Bravas,1
2025-04-12T14:03:00,House Red Wine,1
2025-04-12T14:03:00,Mineral Water,1
2025-04-12T14:04:00,Patatas Bravas,1
2025-04-12T14:04:00,Tortilla Española,1
2025-04-12T14:04:00,Patatas Bravas,1
2025-04-12T14:04:00,House Red Wine,1
2025-04-12T14:04:00,House Red Wine,1
2025-04-12T14:07:00,Tortilla Española,1
2025-04-12T14:07:00,Patatas Bravas,1
2025-04-12T14:07:00,Patatas Bravas,1
2025-04-12T14:07:00,Tortilla Española,1
2025-04-12T14:07:00,Seafood Paella (for 2),1
2025-04-12T14:07:00,House Red Wine,1
2025-04-12T14:07:00,House Red Wine,1
2025-04-12T14:07:00,Mineral Water,1
2025-04-12T14:07:00,Tortilla Española,1
2025-04-12T14:07:00,Patatas Bravas,1
2025-04-12T14:07:00,Patatas Bravas,1
2025-04-12T14:07:00,Tortilla Española,1
2025-04-12T14:07:00,Seafood Paella (for 2),1
2025-04-12T14:07:00,Mineral Water,1
2025-04-12T14:07:00,Mineral Water,1
2025-04-12T14:07:00,Mineral Water,1
2025-04-12T14:07:00,Crema Catalana,1
2025-04-12T14:07:00,Crema Catalana,1
2025-04-12T14:08:00,Patatas Bravas,1
2025-04-12T14:08:00,Tortilla Española,1
2025-04-12T14:08:00,Tortilla Española,1
2025-04-12T14:08:00,Seafood Paella (for 2),1
2025-04-12T14:08:00,House Red Wine,1
2025-04-12T14:08:00,House Red Wine,1
2025-04-12T14:08:00,Crema Catalana,1
2025-04-12T14:08:00,Crema Catalana,1
2025-04-12T14:14:00,Patatas Bravas,1
2025-04-12T14:14:00,Patatas Bravas,1
2025-04-12T14:14:00,Patatas Bravas,1
2025-04-12T14:14:00,Seafood Paella (for 2),1
2025-04-12T14:14:00,Mineral Water,1
2025-04-12T14:14:00,House Red Wine,1
2025-04-12T14:17:00,Tortilla Española,1
2025-04-12T14:17:00,Patatas Bravas,1
2025-04-12T14:17:00,Patatas Bravas,1
2025-04-12T14:17:00,Seafood Paella (for 2),1
2025-04-12T14:17:00,Mineral Water,1
2025-04-12T14:17:00,Mineral Water,1
2025-04-12T14:17:00,Crema Catalana,1
2025-04-12T14:17:00,Patatas Bravas,1
2025-04-12T14:17:00,Mineral Water,1
2025-04-12T14:18:00,Patatas Bravas,1
2025-04-12T14:18:00,Patatas Bravas,1
2025-04-12T14:18:00,Patatas Bravas,1
2025-04-12T14:18:00,Patatas Bravas,1
2025-04-12T14:18:00,Tortilla Española,1
2025-04-12T14:18:00,Patatas Bravas,1
2025-04-12T14:18:00,Seafood Paella (for 2),1
2025-04-12T14:18:00,Mineral Water,1
2025-04-12T14:18:00,House Red Wine,1
2025-04-12T14:18:00,Mineral Water,1
2025-04-12T14:18:00,House Red Wine,1
2025-04-12T14:19:00,Patatas Bravas,1
2025-04-12T14:19:00,Tortilla Española,1
2025-04-12T14:19:00,Patatas Bravas,1
2025-04-12T14:19:00,House Red Wine,1
2025-04-12T14:19:00,House Red Wine,1
2025-04-12T14:22:00,Patatas Bravas,1
2025-04-12T14:22:00,Patatas Bravas,1
2025-04-12T14:22:00,Patatas Bravas,1
2025-04-12T14:22:00,House Red Wine,1
2025-04-12T14:22:00,Mineral Water,1
2025-04-12T14:22:00,Tortilla Española,1
2025-04-12T14:22:00,Tortilla Española,1
2025-04-12T14:22:00,Patatas Bravas,1
2025-04-12T14:22:00,House Red Wine,1
2025-04-12T14:22:00,Mineral Water,1
2025-04-12T14:22:00,Crema Catalana,1
2025-04-12T14:22:00,Crema Catalana,1
2025-04-12T14:23:00,Tortilla Española,1
2025-04-12T14:23:00,Tortilla Española,1
2025-04-12T14:23:00,Patatas Bravas,1
2025-04-12T14:23:00,Seafood Paella (for 2),1
2025-04-12T14:23:00,Mineral Water,1
2025-04-12T14:23:00,Mineral Water,1
2025-04-12T14:23:00,Crema Catalana,1
2025-04-12T14:23:00,Tortilla Española,1
2025-04-12T14:23:00,Patatas Bravas,1
2025-04-12T14:23:00,Tortilla Española,1
2025-04-12T14:23:00,Seafood Paella (for 2),1
2025-04-12T14:23:00,Mineral Water,1
2025-04-12T14:23:00,Mineral Water,1
2025-04-12T14:23:00,Crema Catalana,1
2025-04-12T14:23:00,Crema Catalana,1
2025-04-12T14:24:00,Patatas Bravas,1
2025-04-12T14:24:00,Tortilla Española,1
2025-04-12T14:24:00,Tortilla Española,1
2025-04-12T14:24:00,Tortilla Española,1
2025-04-12T14:24:00,Seafood Paella (for 2),1
2025-04-12T14:24:00,House Red Wine,1
2025-04-12T14:24:00,Mineral Water,1
2025-04-12T14:24:00,Mineral Water,1
2025-04-12T14:26:00,Tortilla Española,1
2025-04-12T14:26:00,House Red Wine,1
2025-04-12T14:27:00,Tortilla Española,1
2025-04-12T14:27:00,Tortilla Española,1
2025-04-12T14:27:00,Patatas Bravas,1
2025-04-12T14:27:00,Mineral Water,1
2025-04-12T14:27:00,House Red Wine,1
2025-04-13T13:06:00,Tortilla Española,1
2025-04-13T13:06:00,Tortilla Española,1
2025-04-13T13:06:00,Patatas Bravas,1
2025-04-13T13:06:00,Seafood Paella (for 2),1
2025-04-13T13:06:00,House Red Wine,1
2025-04-13T13:06:00,House Red Wine,1
2025-04-13T13:06:00,Crema Catalana,1
2025-04-13T13:06:00,Tortilla Española,1
2025-04-13T13:06:00,Patatas Bravas,1
2025-04-13T13:06:00,Patatas Bravas,1
2025-04-13T13:06:00,Mineral Water,1
2025-04-13T13:06:00,Mineral Water,1
2025-04-13T13:10:00,Patatas Bravas,1
2025-04-13T13:10:00,Patatas Bravas,1
2025-04-13T13:10:00,Tortilla Española,1
2025-04-13T13:10:00,House Red Wine,1
2025-04-13T13:10:00,Mineral Water,1
2025-04-13T13:12:00,Tortilla Española,1
2025-04-13T13:12:00,Patatas Bravas,1
2025-04-13T13:12:00,Tortilla Española,1
2025-04-13T13:12:00,House Red Wine,1
2025-04-13T13:12:00,House Red Wine,1
2025-04-13T13:12:00,Crema Catalana,1
2025-04-13T13:17:00,Tortilla Española,1
2025-04-13T13:17:00,Patatas Bravas,1
2025-04-13T13:17:00,Patatas Bravas,1
2025-04-13T13:17:00,Seafood Paella (for 2),1
2025-04-13T13:17:00,House Red Wine,1
2025-04-13T13:17:00,House Red Wine,1
2025-04-13T13:17:00,Crema Catalana,1
2025-04-13T13:18:00,Patatas Bravas,1
2025-04-13T13:18:00,Patatas Bravas,1
2025-04-13T13:18:00,Tortilla Española,1
2025-04-13T13:18:00,Tortilla Española,1
2025-04-13T13:18:00,Mineral Water,1
2025-04-13T13:18:00,House Red Wine,1
2025-04-13T13:18:00,House Red Wine,1
2025-04-13T13:23:00,Tortilla Española,1
2025-04-13T13:23:00,Patatas Bravas,1
2025-04-13T13:23:00,Tortilla Española,1
2025-04-13T13:23:00,Mineral Water,1
2025-04-13T13:23:00,House Red Wine,1
2025-04-13T13:27:00,Patatas Bravas,1
2025-04-13T13:27:00,Patatas Bravas,1
2025-04-13T13:27:00,Tortilla Española,1
2025-04-13T13:27:00,Seafood Paella (for 2),1
2025-04-13T13:27:00,House Red Wine,1
2025-04-13T13:27:00,House Red Wine,1
2025-04-13T13:27:00,Crema Catalana,1
2025-04-13T13:27:00,Crema Catalana,1
2025-04-13T13:30:00,Patatas Bravas,1
2025-04-13T13:30:00,Patatas Bravas,1
2025-04-13T13:30:00,Patatas Bravas,1
2025-04-13T13:30:00,Tortilla Española,1
2025-04-13T13:30:00,Seafood Paella (for 2),1
2025-04-13T13:30:00,Mineral Water,1
2025-04-13T13:30:00,House Red Wine,1
2025-04-13T13:30:00,Mineral Water,1
2025-04-13T13:31:00,Patatas Bravas,1
2025-04-13T13:31:00,Mineral Water,1
2025-04-13T13:32:00,Patatas Bravas,1
2025-04-13T13:32:00,Tortilla Española,1
2025-04-13T13:32:00,Patatas Bravas,1
2025-04-13T13:32:00,Patatas Bravas,1
2025-04-13T13:32:00,Mineral Water,1
2025-04-13T13:32:00,House Red Wine,1
2025-04-13T13:32:00,Mineral Water,1
2025-04-13T13:32:00,Crema Catalana,1
2025-04-13T13:33:00,Patatas Bravas,1
2025-04-13T13:33:00,Patatas Bravas,1
2025-04-13T13:33:00,Tortilla Española,1
2025-04-13T13:33:00,Tortilla Española,1
2025-04-13T13:33:00,Tortilla Española,1
2025-04-13T13:33:00,Tortilla Española,1
2025-04-13T13:33:00,Seafood Paella (for 2),1
2025-04-13T13:33:00,Mineral Water,1
2025-04-13T13:33:00,Mineral Water,1
2025-04-13T13:33:00,Mineral Water,1
2025-04-13T13:33:00,Mineral Water,1
2025-04-13T13:33:00,Crema Catalana,1
2025-04-13T13:42:00,Tortilla Española,1
2025-04-13T13:42:00,Tortilla Española,1
2025-04-13T13:42:00,Tortilla Española,1
2025-04-13T13:42:00,Mineral Water,1
2025-04-13T13:42:00,Mineral Water,1
2025-04-13T13:43:00,Patatas Bravas,1
2025-04-13T13:43:00,Patatas Bravas,1
2025-04-13T13:43:00,Patatas Bravas,1
2025-04-13T13:43:00,Patatas Bravas,1
2025-04-13T13:43:00,Mineral Water,1
2025-04-13T13:43:00,Mineral Water,1
2025-04-13T13:43:00,Mineral Water,1
2025-04-13T13:43:00,Crema Catalana,1
2025-04-13T13:43:00,Crema Catalana,1
2025-04-13T13:43:00,Crema Catalana,1
2025-04-13T13:44:00,Patatas Bravas,1
2025-04-13T13:44:00,Patatas Bravas,1
2025-04-13T13:44:00,Patatas Bravas,1
2025-04-13T13:44:00,Seafood Paella (for 2),1
2025-04-13T13:44:00,House Red Wine,1
2025-04-13T13:44:00,House Red Wine,1
2025-04-13T13:44:00,Crema Catalana,1
2025-04-13T13:44:00,Crema Catalana,1
2025-04-13T13:45:00,Tortilla Española,1
2025-04-13T13:45:00,Tortilla Española,1
2025-04-13T13:45:00,Patatas Bravas,1
2025-04-13T13:45:00,House Red Wine,1
2025-04-13T13:45:00,House Red Wine,1
2025-04-13T13:45:00,Patatas Bravas,1
2025-04-13T13:45:00,Tortilla Española,1
2025-04-13T13:45:00,Tortilla Española,1
2025-04-13T13:45:00,Mineral Water,1
2025-04-13T13:45:00,Mineral Water,1
2025-04-13T13:46:00,Tortilla Española,1
2025-04-13T13:46:00,Patatas Bravas,1
2025-04-13T13:46:00,Patatas Bravas,1
2025-04-13T13:46:00,Mineral Water,1
2025-04-13T13:46:00,Mineral Water,1
2025-04-13T13:51:00,Tortilla Española,1
2025-04-13T13:51:00,Tortilla Española,1
2025-04-13T13:51:00,Patatas Bravas,1
2025-04-13T13:51:00,Mineral Water,1
2025-04-13T13:51:00,House Red Wine,1
2025-04-13T13:51:00,Crema Catalana,1
2025-04-13T13:53:00,Tortilla Española,1
2025-04-13T13:53:00,Tortilla Española,1
2025-04-13T13:53:00,Patatas Bravas,1
2025-04-13T13:53:00,Mineral Water,1
2025-04-13T13:53:00,House Red Wine,1
2025-04-13T13:53:00,Patatas Bravas,1
2025-04-13T13:53:00,Mineral Water,1
2025-04-13T13:53:00,Crema Catalana,1
2025-04-13T13:54:00,Patatas Bravas,1
2025-04-13T13:54:00,Tortilla Española,1
2025-04-13T13:54:00,Tortilla Española,1
2025-04-13T13:54:00,Mineral Water,1
2025-04-13T13:54:00,Mineral Water,1
2025-04-13T13:54:00,Crema Catalana,1
2025-04-13T14:00:00,Patatas Bravas,1
2025-04-13T14:00:00,Patatas Bravas,1
2025-04-13T14:00:00,Patatas Bravas,1
2025-04-13T14:00:00,Patatas Bravas,1
2025-04-13T14:00:00,Patatas Bravas,1
2025-04-13T14:00:00,Patatas Bravas,1
2025-04-13T14:00:00,Mineral Water,1
2025-04-13T14:00:00,House Red Wine,1
2025-04-13T14:00:00,Mineral Water,1
2025-04-13T14:00:00,House Red Wine,1
2025-04-13T14:00:00,Crema Catalana,1
2025-04-13T14:02:00,Patatas Bravas,1
2025-04-13T14:02:00,Patatas Bravas,1
2025-04-13T14:02:00,Patatas Bravas,1
2025-04-13T14:02:00,Patatas Bravas,1
2025-04-13T14:02:00,Mineral Water,1
2025-04-13T14:02:00,House Red Wine,1
2025-04-13T14:02:00,Mineral Water,1
2025-04-13T14:02:00,Patatas Bravas,1
2025-04-13T14:02:00,Tortilla Española,1
2025-04-13T14:02:00,Tortilla Española,1
2025-04-13T14:02:00,Mineral Water,1
2025-04-13T14:02:00,House Red Wine,1
2025-04-13T14:02:00,Crema Catalana,1
2025-04-13T14:02:00,Crema Catalana,1
2025-04-13T14:04:00,Patatas Bravas,1
2025-04-13T14:04:00,Patatas Bravas,1
2025-04-13T14:04:00,Patatas Bravas,1
2025-04-13T14:04:00,Tortilla Española,1
2025-04-13T14:04:00,Patatas Bravas,1
2025-04-13T14:04:00,Patatas Bravas,1
2025-04-13T14:04:00,Seafood Paella (for 2),1
2025-04-13T14:04:00,Mineral Water,1
2025-04-13T14:04:00,House Red Wine,1
2025-04-13T14:04:00,Mineral Water,1
2025-04-13T14:04:00,Mineral Water,1
2025-04-13T14:04:00,Tortilla Española,1
2025-04-13T14:04:00,Patatas Bravas,1
2025-04-13T14:04:00,Patatas Bravas,1
2025-04-13T14:04:00,House Red Wine,1
2025-04-13T14:04:00,House Red Wine,1
2025-04-13T14:05:00,Tortilla Española,1
2025-04-13T14:05:00,Tortilla Española,1
2025-04-13T14:05:00,Tortilla Española,1
2025-04-13T14:05:00,Tortilla Española,1
2025-04-13T14:05:00,Tortilla Española,1
2025-04-13T14:05:00,Patatas Bravas,1
2025-04-13T14:05:00,Seafood Paella (for 2),1
2025-04-13T14:05:00,House Red Wine,1
2025-04-13T14:05:00,Mineral Water,1
2025-04-13T14:05:00,Mineral Water,1
2025-04-13T14:05:00,House Red Wine,1
2025-04-13T14:07:00,Patatas Bravas,1
2025-04-13T14:07:00,House Red Wine,1
2025-04-13T14:07:00,Crema Catalana,1
2025-04-13T14:09:00,Patatas Bravas,1
2025-04-13T14:09:00,Patatas Bravas,1
2025-04-13T14:09:00,Tortilla Española,1
2025-04-13T14:09:00,Tortilla Española,1
2025-04-13T14:09:00,Mineral Water,1
2025-04-13T14:09:00,House Red Wine,1
2025-04-13T14:09:00,Mineral Water,1
2025-04-13T14:09:00,Crema Catalana,1
2025-04-13T14:11:00,Tortilla Española,1
2025-04-13T14:11:00,Tortilla Española,1
2025-04-13T14:11:00,Patatas Bravas,1
2025-04-13T14:11:00,House Red Wine,1
2025-04-13T14:11:00,Mineral Water,1
2025-04-13T14:17:00,Tortilla Española,1
2025-04-13T14:17:00,Patatas Bravas,1
2025-04-13T14:17:00,Tortilla Española,1
2025-04-13T14:17:00,Tortilla Española,1
2025-04-13T14:17:00,House Red Wine,1
2025-04-13T14:17:00,Mineral Water,1
2025-04-13T14:17:00,Mineral Water,1
2025-04-13T14:17:00,Crema Catalana,1
2025-04-13T14:25:00,Patatas Bravas,1
2025-04-13T14:25:00,House Red Wine,1
2025-04-14T13:03:00,Menu del Día,2
2025-04-14T13:03:00,Seafood Paella (for 2),1
2025-04-14T13:06:00,Menu del Día,1
2025-04-14T13:06:00,Seafood Paella (for 2),1
2025-04-14T13:12:00,Menu del Día,1
2025-04-14T13:12:00,Seafood Paella (for 2),1
2025-04-14T13:15:00,Menu del Día,1
2025-04-14T13:15:00,Seafood Paella (for 2),1
2025-04-14T13:15:00,Menu del Día,1
2025-04-14T13:15:00,Seafood Paella (for 2),1
2025-04-14T13:27:00,Menu del Día,2
2025-04-14T13:27:00,Seafood Paella (for 2),1
2025-04-14T13:37:00,Menu del Día,2
2025-04-14T13:48:00,Menu del Día,1
2025-04-14T13:52:00,Menu del Día,1
2025-04-14T13:52:00,Seafood Paella (for 2),1
2025-04-14T14:02:00,Menu del Día,1
2025-04-14T14:06:00,Menu del Día,1
2025-04-14T14:06:00,Seafood Paella (for 2),1
2025-04-14T14:09:00,Seafood Paella (for 2),1
2025-04-14T14:23:00,Menu del Día,3
2025-04-14T14:28:00,Menu del Día,1
2025-04-14T14:28:00,Seafood Paella (for 2),1
2025-04-14T14:30:00,Menu del Día,2
2025-04-14T14:38:00,Menu del Día,1
2025-04-14T14:38:00,Seafood Paella (for 2),1
2025-04-14T14:41:00,Menu del Día,1
2025-04-14T14:41:00,Seafood Paella (for 2),1
2025-04-14T14:41:00,Seafood Paella (for 2),1
2025-04-14T14:54:00,Menu del Día,2
2025-04-14T14:58:00,Menu del Día,1
2025-04-14T14:58:00,Seafood Paella (for 2),1
2025-04-14T14:59:00,Menu del Día,2
2025-04-14T15:01:00,Menu del Día,2
2025-04-14T15:02:00,Menu del Día,2
2025-04-14T15:02:00,Seafood Paella (for 2),1
2025-04-14T15:11:00,Menu del Día,2
2025-04-14T15:23:00,Menu del Día,1
2025-04-14T15:24:00,Menu del Día,1
2025-04-14T15:25:00,Menu del Día,2
2025-04-14T15:29:00,Menu del Día,2
2025-04-14T15:29:00,Seafood Paella (for 2),1
2025-04-14T15:31:00,Menu del Día,3
2025-04-14T15:31:00,Seafood Paella (for 2),1
2025-04-14T15:32:00,Menu del Día,2
2025-04-14T15:37:00,Menu del Día,2
2025-04-14T15:39:00,Menu del Día,1
2025-04-14T15:39:00,Seafood Paella (for 2),1
2025-04-14T15:47:00,Menu del Día,1
2025-04-14T15:47:00,Seafood Paella (for 2),1
2025-04-14T15:50:00,Menu del Día,1
2025-04-14T15:50:00,Seafood Paella (for 2),1
2025-04-14T15:54:00,Menu del Día,2
2025-04-14T16:02:00,Menu del Día,1
2025-04-14T16:17:00,Menu del Día,2
2025-04-14T16:40:00,Menu del Día,2
2025-04-14T20:05:00,Tortilla Española,1
2025-04-14T20:05:00,Patatas Bravas,1
2025-04-14T20:05:00,Patatas Bravas,1
2025-04-14T20:05:00,Mineral Water,1
2025-04-14T20:05:00,House Red Wine,1
2025-04-14T20:05:00,Crema Catalana,1
2025-04-14T20:10:00,Patatas Bravas,1
2025-04-14T20:10:00,Tortilla Española,1
2025-04-14T20:10:00,Tortilla Española,1
2025-04-14T20:10:00,Patatas Bravas,1
2025-04-14T20:10:00,Tortilla Española,1
2025-04-14T20:10:00,Patatas Bravas,1
2025-04-14T20:10:00,Mineral Water,1
2025-04-14T20:10:00,Mineral Water,1
2025-04-14T20:10:00,Mineral Water,1
2025-04-14T20:10:00,Mineral Water,1
2025-04-14T20:10:00,Crema Catalana,1
2025-04-14T20:10:00,Crema Catalana,1
2025-04-14T20:10:00,Crema Catalana,1
2025-04-14T20:11:00,Tortilla Española,1
2025-04-14T20:11:00,Patatas Bravas,1
2025-04-14T20:11:00,Patatas Bravas,1
2025-04-14T20:11:00,Tortilla Española,1
2025-04-14T20:11:00,Patatas Bravas,1
2025-04-14T20:11:00,Tortilla Española,1
2025-04-14T20:11:00,House Red Wine,1
2025-04-14T20:11:00,House Red Wine,1
2025-04-14T20:11:00,Mineral Water,1
2025-04-14T20:11:00,House Red Wine,1
2025-04-14T20:11:00,Tortilla Española,1
2025-04-14T20:11:00,Mineral Water,1
2025-04-14T20:24:00,Tortilla Española,1
2025-04-14T20:24:00,Patatas Bravas,1
2025-04-14T20:24:00,Tortilla Española,1
2025-04-14T20:24:00,Tortilla Española,1
2025-04-14T20:24:00,Seafood Paella (for 2),1
2025-04-14T20:24:00,House Red Wine,1
2025-04-14T20:24:00,Mineral Water,1
2025-04-14T20:24:00,House Red Wine,1
2025-04-14T20:26:00,Tortilla Española,1
2025-04-14T20:26:00,Tortilla Española,1
2025-04-14T20:26:00,Patatas Bravas,1
2025-04-14T20:26:00,Patatas Bravas,1
2025-04-14T20:26:00,Seafood Paella (for 2),1
2025-04-14T20:26:00,House Red Wine,1
2025-04-14T20:26:00,House Red Wine,1
2025-04-14T20:26:00,Mineral Water,1
2025-04-14T20:30:00,Patatas Bravas,1
2025-04-14T20:30:00,Tortilla Española,1
2025-04-14T20:30:00,Patatas Bravas,1
2025-04-14T20:30:00,Seafood Paella (for 2),1
2025-04-14T20:30:00,Mineral Water,1
2025-04-14T20:30:00,Mineral Water,1
2025-04-14T20:39:00,Patatas Bravas,1
2025-04-14T20:39:00,Tortilla Española,1
2025-04-14T20:39:00,Tortilla Española,1
2025-04-14T20:39:00,Tortilla Española,1
2025-04-14T20:39:00,Tortilla Española,1
2025-04-14T20:39:00,Tortilla Española,1
2025-04-14T20:39:00,Seafood Paella (for 2),1
2025-04-14T20:39:00,House Red Wine,1
2025-04-14T20:39:00,House Red Wine,1
2025-04-14T20:39:00,House Red Wine,1
2025-04-14T20:39:00,House Red Wine,1
2025-04-14T21:08:00,Tortilla Española,1
2025-04-14T21:08:00,House Red Wine,1
2025-04-14T21:16:00,Patatas Bravas,1
2025-04-14T21:16:00,Mineral Water,1
2025-04-15T13:03:00,Seafood Paella (for 2),1
2025-04-15T13:11:00,Seafood Paella (for 2),1
2025-04-15T13:12:00,Seafood Paella (for 2),1
2025-04-15T13:19:00,Seafood Paella (for 2),1
2025-04-15T13:28:00,Seafood Paella (for 2),1
2025-04-15T13:32:00,Seafood Paella (for 2),1
2025-04-15T13:32:00,Seafood Paella (for 2),1
2025-04-15T13:32:00,Seafood Paella (for 2),1
2025-04-15T13:41:00,Seafood Paella (for 2),1
2025-04-15T13:41:00,Seafood Paella (for 2),1
2025-04-15T13:44:00,Seafood Paella (for 2),1
2025-04-15T13:47:00,Seafood Paella (for 2),1
2025-04-15T13:50:00,Seafood Paella (for 2),1
2025-04-15T13:50:00,Seafood Paella (for 2),1
2025-04-15T13:58:00,Seafood Paella (for 2),1
2025-04-15T13:58:00,Seafood Paella (for 2),1
2025-04-15T13:58:00,Seafood Paella (for 2),1
2025-04-15T13:59:00,Seafood Paella (for 2),1
2025-04-15T14:01:00,Seafood Paella (for 2),1
2025-04-15T14:04:00,Seafood Paella (for 2),1
2025-04-15T14:12:00,Seafood Paella (for 2),1
2025-04-15T14:16:00,Seafood Paella (for 2),1
2025-04-15T14:16:00,Seafood Paella (for 2),1
2025-04-15T14:22:00,Seafood Paella (for 2),1
2025-04-15T14:31:00,Seafood Paella (for 2),1
2025-04-15T14:31:00,Seafood Paella (for 2),1
2025-04-15T14:41:00,Seafood Paella (for 2),1
2025-04-15T14:45:00,Seafood Paella (for 2),1
2025-04-15T14:58:00,Seafood Paella (for 2),1
2025-04-15T15:00:00,Seafood Paella (for 2),1
2025-04-15T15:01:00,Seafood Paella (for 2),1
2025-04-15T15:05:00,Seafood Paella (for 2),1
2025-04-15T15:05:00,Seafood Paella (for 2),1
2025-04-15T15:10:00,Seafood Paella (for 2),1
2025-04-15T15:18:00,Seafood Paella (for 2),1
2025-04-15T15:32:00,Seafood Paella (for 2),1
2025-04-15T15:43:00,Seafood Paella (for 2),1
2025-04-15T15:44:00,Seafood Paella (for 2),1
2025-04-15T15:54:00,Seafood Paella (for 2),1
2025-04-15T16:00:00,Seafood Paella (for 2),1
2025-04-15T16:22:00,Seafood Paella (for 2),1
2025-04-15T20:02:00,Tortilla Española,1
2025-04-15T20:02:00,Tortilla Española,1
2025-04-15T20:02:00,Patatas Bravas,1
2025-04-15T20:02:00,Seafood Paella (for 2),1
2025-04-15T20:02:00,House Red Wine,1
2025-04-15T20:02:00,House Red Wine,1
2025-04-15T20:08:00,Patatas Bravas,1
2025-04-15T20:08:00,Patatas Bravas,1
2025-04-15T20:08:00,Tortilla Española,1
2025-04-15T20:08:00,Mineral Water,1
2025-04-15T20:08:00,Mineral Water,1
2025-04-15T20:12:00,Tortilla Española,1
2025-04-15T20:12:00,Tortilla Española,1
2025-04-15T20:12:00,Tortilla Española,1
2025-04-15T20:12:00,Mineral Water,1
2025-04-15T20:12:00,Mineral Water,1
2025-04-15T20:13:00,Tortilla Española,1
2025-04-15T20:13:00,Tortilla Española,1
2025-04-15T20:13:00,Patatas Bravas,1
2025-04-15T20:13:00,Patatas Bravas,1
2025-04-15T20:13:00,House Red Wine,1
2025-04-15T20:13:00,Mineral Water,1
2025-04-15T20:13:00,Mineral Water,1
2025-04-15T20:19:00,Patatas Bravas,1
2025-04-15T20:19:00,Patatas Bravas,1
2025-04-15T20:19:00,Tortilla Española,1
2025-04-15T20:19:00,Seafood Paella (for 2),1
2025-04-15T20:19:00,House Red Wine,1
2025-04-15T20:19:00,Mineral Water,1
2025-04-15T20:20:00,Tortilla Española,1
2025-04-15T20:20:00,Tortilla Española,1
2025-04-15T20:20:00,Tortilla Española,1
2025-04-15T20:20:00,House Red Wine,1
2025-04-15T20:20:00,House Red Wine,1
2025-04-15T20:20:00,Tortilla Española,1
2025-04-15T20:20:00,Tortilla Española,1
2025-04-15T20:20:00,Patatas Bravas,1
2025-04-15T20:20:00,Tortilla Española,1
2025-04-15T20:20:00,Patatas Bravas,1
2025-04-15T20:20:00,Patatas Bravas,1
2025-04-15T20:20:00,Mineral Water,1
2025-04-15T20:20:00,House Red Wine,1
2025-04-15T20:20:00,House Red Wine,1
2025-04-15T20:20:00,Mineral Water,1
2025-04-15T20:26:00,Tortilla Española,1
2025-04-15T20:26:00,Patatas Bravas,1
2025-04-15T20:26:00,Patatas Bravas,1
2025-04-15T20:26:00,Tortilla Española,1
2025-04-15T20:26:00,Mineral Water,1
2025-04-15T20:26:00,Mineral Water,1
2025-04-15T20:26:00,Mineral Water,1
2025-04-15T20:27:00,Patatas Bravas,1
2025-04-15T20:27:00,Tortilla Española,1
2025-04-15T20:27:00,Patatas Bravas,1
2025-04-15T20:27:00,Seafood Paella (for 2),1
2025-04-15T20:27:00,House Red Wine,1
2025-04-15T20:27:00,House Red Wine,1
2025-04-15T20:28:00,Tortilla Española,1
2025-04-15T20:28:00,Tortilla Española,1
2025-04-15T20:28:00,Patatas Bravas,1
2025-04-15T20:28:00,Mineral Water,1
2025-04-15T20:28:00,House Red Wine,1
2025-04-15T20:30:00,Tortilla Española,1
2025-04-15T20:30:00,Tortilla Española,1
2025-04-15T20:30:00,Tortilla Española,1
2025-04-15T20:30:00,Mineral Water,1
2025-04-15T20:30:00,House Red Wine,1
2025-04-15T20:31:00,Tortilla Española,1
2025-04-15T20:31:00,Patatas Bravas,1
2025-04-15T20:31:00,Patatas Bravas,1
2025-04-15T20:31:00,Mineral Water,1
2025-04-15T20:31:00,Mineral Water,1
2025-04-15T20:32:00,Patatas Bravas,1
2025-04-15T20:32:00,Patatas Bravas,1
2025-04-15T20:32:00,Patatas Bravas,1
2025-04-15T20:32:00,Patatas Bravas,1
2025-04-15T20:32:00,Patatas Bravas,1
2025-04-15T20:32:00,Patatas Bravas,1
2025-04-15T20:32:00,Seafood Paella (for 2),1
2025-04-15T20:32:00,Mineral Water,1
2025-04-15T20:32:00,Mineral Water,1
2025-04-15T20:32:00,House Red Wine,1
2025-04-15T20:32:00,House Red Wine,1
2025-04-15T20:32:00,Patatas Bravas,1
2025-04-15T20:32:00,Tortilla Española,1
2025-04-15T20:32:00,Patatas Bravas,1
2025-04-15T20:32:00,Mineral Water,1
2025-04-15T20:32:00,Mineral Water,1
2025-04-15T20:33:00,Patatas Bravas,1
2025-04-15T20:33:00,Patatas Bravas,1
2025-04-15T20:33:00,Tortilla Española,1
2025-04-15T20:33:00,Mineral Water,1
2025-04-15T20:33:00,Mineral Water,1
2025-04-15T20:33:00,Tortilla Española,1
2025-04-15T20:33:00,Patatas Bravas,1
2025-04-15T20:33:00,Patatas Bravas,1
2025-04-15T20:33:00,Seafood Paella (for 2),1
2025-04-15T20:33:00,Mineral Water,1
2025-04-15T20:33:00,Mineral Water,1
2025-04-15T20:36:00,Tortilla Española,1
2025-04-15T20:36:00,House Red Wine,1
2025-04-15T21:16:00,Tortilla Española,1
2025-04-15T21:16:00,Mineral Water,1
2025-04-16T13:03:00,Menu del Día,1
2025-04-16T13:04:00,Menu del Día,3
2025-04-16T13:04:00,Menu del Día,2
2025-04-16T13:15:00,Seafood Paella (for 2),1
2025-04-16T13:15:00,Seafood Paella (for 2),1
2025-04-16T13:18:00,Menu del Día,3
2025-04-16T13:18:00,Seafood Paella (for 2),1
2025-04-16T13:23:00,Menu del Día,1
2025-04-16T13:31:00,Menu del Día,1
2025-04-16T13:35:00,Menu del Día,2
2025-04-16T13:38:00,Seafood Paella (for 2),1
2025-04-16T13:38:00,Seafood Paella (for 2),1
2025-04-16T13:38:00,Seafood Paella (for 2),1
2025-04-16T13:49:00,Menu del Día,1
2025-04-16T13:59:00,Menu del Día,1
2025-04-16T14:06:00,Menu del Día,2
2025-04-16T14:14:00,Menu del Día,3
2025-04-16T14:14:00,Seafood Paella (for 2),1
2025-04-16T14:23:00,Seafood Paella (for 2),1
2025-04-16T14:23:00,Menu del Día,2
2025-04-16T14:23:00,Seafood Paella (for 2),1
2025-04-16T14:25:00,Menu del Día,1
2025-04-16T14:25:00,Seafood Paella (for 2),1
2025-04-16T14:31:00,Menu del Día,1
2025-04-16T14:33:00,Menu del Día,1
2025-04-16T14:33:00,Seafood Paella (for 2),1
2025-04-16T14:33:00,Seafood Paella (for 2),1
2025-04-16T14:38:00,Menu del Día,2
2025-04-16T14:55:00,Menu del Día,3
2025-04-16T15:09:00,Menu del Día,1
2025-04-16T15:09:00,Seafood Paella (for 2),1
2025-04-16T15:09:00,Menu del Día,1
2025-04-16T15:28:00,Menu del Día,1
2025-04-16T15:28:00,Seafood Paella (for 2),1
2025-04-16T15:46:00,Menu del Día,2
2025-04-16T15:47:00,Seafood Paella (for 2),1
2025-04-16T15:47:00,Seafood Paella (for 2),1
2025-04-16T16:04:00,Menu del Día,2
2025-04-16T16:08:00,Seafood Paella (for 2),1
2025-04-16T16:08:00,Seafood Paella (for 2),1
2025-04-16T16:24:00,Menu del Día,2
2025-04-16T16:30:00,Menu del Día,1
2025-04-16T16:30:00,Seafood Paella (for 2),1
2025-04-16T16:54:00,Menu del Día,2
2025-04-16T20:07:00,Tortilla Española,1
2025-04-16T20:07:00,Tortilla Española,1
2025-04-16T20:07:00,Patatas Bravas,1
2025-04-16T20:07:00,Mineral Water,1
2025-04-16T20:07:00,Mineral Water,1
2025-04-16T20:10:00,Patatas Bravas,1
2025-04-16T20:10:00,Mineral Water,1
2025-04-16T20:14:00,Tortilla Española,1
2025-04-16T20:14:00,Tortilla Española,1
2025-04-16T20:14:00,Tortilla Española,1
2025-04-16T20:14:00,Mineral Water,1
2025-04-16T20:14:00,House Red Wine,1
2025-04-16T20:27:00,Patatas Bravas,1
2025-04-16T20:27:00,Patatas Bravas,1
2025-04-16T20:27:00,Patatas Bravas,1
2025-04-16T20:27:00,Tortilla Española,1
2025-04-16T20:27:00,Tortilla Española,1
2025-04-16T20:27:00,Tortilla Española,1
2025-04-16T20:27:00,Seafood Paella (for 2),1
2025-04-16T20:27:00,Mineral Water,1
2025-04-16T20:27:00,Mineral Water,1
2025-04-16T20:27:00,House Red Wine,1
2025-04-16T20:27:00,House Red Wine,1
2025-04-16T20:49:00,Patatas Bravas,1
2025-04-16T20:49:00,Tortilla Española,1
2025-04-16T20:49:00,Tortilla Española,1
2025-04-16T20:49:00,House Red Wine,1
2025-04-16T20:49:00,House Red Wine,1
2025-04-16T20:49:00,Crema Catalana,1
2025-04-16T20:49:00,Crema Catalana,1
2025-04-16T20:53:00,Patatas Bravas,1
2025-04-16T20:53:00,House Red Wine,1
2025-04-16T20:58:00,Patatas Bravas,1
2025-04-16T20:58:00,Patatas Bravas,1
2025-04-16T20:58:00,Tortilla Española,1
2025-04-16T20:58:00,Patatas Bravas,1
2025-04-16T20:58:00,Patatas Bravas,1
2025-04-16T20:58:00,Patatas Bravas,1
2025-04-16T20:58:00,Mineral Water,1
2025-04-16T20:58:00,House Red Wine,1
2025-04-16T20:58:00,Mineral Water,1
2025-04-16T20:58:00,House Red Wine,1
2025-04-16T21:00:00,Patatas Bravas,1
2025-04-16T21:00:00,Patatas Bravas,1
2025-04-16T21:00:00,Tortilla Española,1
2025-04-16T21:00:00,House Red Wine,1
2025-04-16T21:00:00,House Red Wine,1
2025-04-16T21:04:00,Tortilla Española,1
2025-04-16T21:04:00,Tortilla Española,1
2025-04-16T21:04:00,Tortilla Española,1
2025-04-16T21:04:00,Patatas Bravas,1
2025-04-16T21:04:00,Tortilla Española,1
2025-04-16T21:04:00,Patatas Bravas,1
2025-04-16T21:04:00,Seafood Paella (for 2),1
2025-04-16T21:04:00,Mineral Water,1
2025-04-16T21:04:00,Mineral Water,1
2025-04-16T21:04:00,House Red Wine,1
2025-04-16T21:04:00,Mineral Water,1
2025-04-16T21:04:00,Tortilla Española,1
2025-04-16T21:04:00,Patatas Bravas,1
2025-04-16T21:04:00,Tortilla Española,1
2025-04-16T21:04:00,Mineral Water,1
2025-04-16T21:04:00,House Red Wine,1
2025-04-16T21:04:00,Tortilla Española,1
2025-04-16T21:04:00,Patatas Bravas,1
2025-04-16T21:04:00,Patatas Bravas,1
2025-04-16T21:04:00,Mineral Water,1
2025-04-16T21:04:00,Mineral Water,1
2025-04-16T21:14:00,Patatas Bravas,1
2025-04-16T21:14:00,Patatas Bravas,1
2025-04-16T21:14:00,Patatas Bravas,1
2025-04-16T21:14:00,Mineral Water,1
2025-04-16T21:14:00,House Red Wine,1
2025-04-16T21:16:00,Tortilla Española,1
2025-04-16T21:16:00,Seafood Paella (for 2),1
2025-04-16T21:16:00,Mineral Water,1
2025-04-16T21:16:00,Crema Catalana,1
2025-04-16T21:24:00,Patatas Bravas,1
2025-04-16T21:24:00,Seafood Paella (for 2),1
2025-04-16T21:24:00,Mineral Water,1
2025-04-16T22:06:00,Patatas Bravas,1
2025-04-16T22:06:00,Mineral Water,1
2025-04-16T22:06:00,Crema Catalana,1
2025-04-17T13:08:00,Menu del Día,1
2025-04-17T13:08:00,Menu del Día,1
2025-04-17T13:13:00,Menu del Día,3
2025-04-17T13:44:00,Menu del Día,2
2025-04-17T13:44:00,Seafood Paella (for 2),1
2025-04-17T13:44:00,Seafood Paella (for 2),1
2025-04-17T13:49:00,Menu del Día,1
2025-04-17T13:49:00,Seafood Paella (for 2),1
2025-04-17T13:57:00,Menu del Día,3
2025-04-17T14:02:00,Menu del Día,3
2025-04-17T14:03:00,Menu del Día,4
2025-04-17T14:05:00,Menu del Día,2
2025-04-17T14:06:00,Menu del Día,1
2025-04-17T14:06:00,Seafood Paella (for 2),1
2025-04-17T14:09:00,Menu del Día,1
2025-04-17T14:09:00,Seafood Paella (for 2),1
2025-04-17T14:09:00,Menu del Día,1
2025-04-17T14:09:00,Seafood Paella (for 2),1
2025-04-17T14:10:00,Menu del Día,2
2025-04-17T14:11:00,Menu del Día,1
2025-04-17T14:11:00,Seafood Paella (for 2),1
2025-04-17T14:11:00,Menu del Día,1
2025-04-17T14:17:00,Seafood Paella (for 2),1
2025-04-17T14:17:00,Seafood Paella (for 2),1
2025-04-17T14:18:00,Menu del Día,3
2025-04-17T14:18:00,Seafood Paella (for 2),1
2025-04-17T14:18:00,Menu del Día,1
2025-04-17T14:18:00,Seafood Paella (for 2),1
2025-04-17T14:20:00,Menu del Día,2
2025-04-17T14:20:00,Menu del Día,1
2025-04-17T14:20:00,Seafood Paella (for 2),1
2025-04-17T14:23:00,Menu del Día,3
2025-04-17T14:23:00,Menu del Día,2
2025-04-17T14:23:00,Menu del Día,1
2025-04-17T14:23:00,Seafood Paella (for 2),1
2025-04-17T14:24:00,Menu del Día,1
2025-04-17T14:24:00,Seafood Paella (for 2),1
2025-04-17T14:27:00,Menu del Día,3
2025-04-17T14:27:00,Seafood Paella (for 2),1
2025-04-17T14:29:00,Menu del Día,2
2025-04-17T14:30:00,Menu del Día,2
2025-04-17T14:30:00,Seafood Paella (for 2),1
2025-04-17T14:30:00,Seafood Paella (for 2),1
2025-04-17T14:32:00,Menu del Día,2
2025-04-17T14:33:00,Menu del Día,1
2025-04-17T14:35:00,Menu del Día,1
2025-04-17T14:38:00,Menu del Día,1
2025-04-17T14:40:00,Seafood Paella (for 2),1
2025-04-17T14:41:00,Menu del Día,2
2025-04-17T14:48:00,Menu del Día,2
2025-04-17T14:52:00,Menu del Día,1
2025-04-17T14:55:00,Menu del Día,2
2025-04-17T15:00:00,Menu del Día,1
2025-04-17T15:02:00,Seafood Paella (for 2),1
2025-04-17T15:04:00,Menu del Día,3
2025-04-17T15:04:00,Seafood Paella (for 2),1
2025-04-17T15:11:00,Menu del Día,1
2025-04-17T15:11:00,Seafood Paella (for 2),1
2025-04-17T15:13:00,Menu del Día,2
2025-04-17T15:15:00,Menu del Día,1
2025-04-17T15:18:00,Menu del Día,2
2025-04-17T15:23:00,Seafood Paella (for 2),1
2025-04-17T15:24:00,Menu del Día,1
2025-04-17T15:24:00,Seafood Paella (for 2),1
2025-04-17T15:29:00,Seafood Paella (for 2),1
2025-04-17T15:35:00,Menu del Día,1
2025-04-17T15:35:00,Seafood Paella (for 2),1
2025-04-17T15:35:00,Seafood Paella (for 2),1
2025-04-17T15:35:00,Seafood Paella (for 2),1
2025-04-17T15:51:00,Menu del Día,1
2025-04-17T16:04:00,Menu del Día,1
2025-04-17T16:04:00,Seafood Paella (for 2),1
2025-04-17T16:20:00,Seafood Paella (for 2),1
2025-04-17T16:20:00,Seafood Paella (for 2),1
2025-04-17T16:46:00,Menu del Día,2
2025-04-17T16:46:00,Seafood Paella (for 2),1
2025-04-17T16:46:00,Seafood Paella (for 2),1
2025-04-17T20:12:00,Tortilla Española,1
2025-04-17T20:12:00,Patatas Bravas,1
2025-04-17T20:12:00,Tortilla Española,1
2025-04-17T20:12:00,Seafood Paella (for 2),1
2025-04-17T20:12:00,Mineral Water,1
2025-04-17T20:12:00,Mineral Water,1
2025-04-17T20:14:00,Tortilla Española,1
2025-04-17T20:14:00,Patatas Bravas,1
2025-04-17T20:14:00,Patatas Bravas,1
2025-04-17T20:14:00,Mineral Water,1
2025-04-17T20:14:00,House Red Wine,1
2025-04-17T20:20:00,Tortilla Española,1
2025-04-17T20:20:00,Patatas Bravas,1
2025-04-17T20:20:00,Patatas Bravas,1
2025-04-17T20:20:00,Mineral Water,1
2025-04-17T20:20:00,House Red Wine,1
2025-04-17T20:20:00,Crema Catalana,1
2025-04-17T20:20:00,Crema Catalana,1
2025-04-17T20:21:00,Tortilla Española,1
2025-04-17T20:21:00,Patatas Bravas,1
2025-04-17T20:21:00,Patatas Bravas,1
2025-04-17T20:21:00,Seafood Paella (for 2),1
2025-04-17T20:21:00,Mineral Water,1
2025-04-17T20:21:00,Mineral Water,1
2025-04-17T20:21:00,Crema Catalana,1
2025-04-17T20:23:00,Patatas Bravas,1
2025-04-17T20:23:00,Seafood Paella (for 2),1
2025-04-17T20:23:00,Mineral Water,1
2025-04-17T20:26:00,Tortilla Española,1
2025-04-17T20:26:00,Patatas Bravas,1
2025-04-17T20:26:00,Patatas Bravas,1
2025-04-17T20:26:00,Patatas Bravas,1
2025-04-17T20:26:00,Tortilla Española,1
2025-04-17T20:26:00,Patatas Bravas,1
2025-04-17T20:26:00,Seafood Paella (for 2),1
2025-04-17T20:26:00,Mineral Water,1
2025-04-17T20:26:00,House Red Wine,1
2025-04-17T20:26:00,House Red Wine,1
2025-04-17T20:26:00,House Red Wine,1
2025-04-17T20:26:00,Crema Catalana,1
2025-04-17T20:30:00,Patatas Bravas,1
2025-04-17T20:30:00,Patatas Bravas,1
2025-04-17T20:30:00,Tortilla Española,1
2025-04-17T20:30:00,Patatas Bravas,1
2025-04-17T20:30:00,Patatas Bravas,1
2025-04-17T20:30:00,Patatas Bravas,1
2025-04-17T20:30:00,Seafood Paella (for 2),1
2025-04-17T20:30:00,House Red Wine,1
2025-04-17T20:30:00,House Red Wine,1
2025-04-17T20:30:00,House Red Wine,1
2025-04-17T20:30:00,House Red Wine,1
2025-04-17T20:33:00,Tortilla Española,1
2025-04-17T20:33:00,Tortilla Española,1
2025-04-17T20:33:00,Tortilla Española,1
2025-04-17T20:33:00,Patatas Bravas,1
2025-04-17T20:33:00,Seafood Paella (for 2),1
2025-04-17T20:33:00,House Red Wine,1
2025-04-17T20:33:00,Mineral Water,1
2025-04-17T20:33:00,House Red Wine,1
2025-04-17T20:34:00,Tortilla Española,1
2025-04-17T20:34:00,House Red Wine,1
2025-04-17T20:36:00,Patatas Bravas,1
2025-04-17T20:36:00,Tortilla Española,1
2025-04-17T20:36:00,Tortilla Española,1
2025-04-17T20:36:00,Tortilla Española,1
2025-04-17T20:36:00,Patatas Bravas,1
2025-04-17T20:36:00,Tortilla Española,1
2025-04-17T20:36:00,House Red Wine,1
2025-04-17T20:36:00,Mineral Water,1
2025-04-17T20:36:00,Mineral Water,1
2025-04-17T20:36:00,House Red Wine,1
2025-04-17T20:37:00,Patatas Bravas,1
2025-04-17T20:37:00,Tortilla Española,1
2025-04-17T20:37:00,Tortilla Española,1
2025-04-17T20:37:00,Patatas Bravas,1
2025-04-17T20:37:00,House Red Wine,1
2025-04-17T20:37:00,House Red Wine,1
2025-04-17T20:37:00,House Red Wine,1
2025-04-17T20:43:00,Tortilla Española,1
2025-04-17T20:43:00,Tortilla Española,1
2025-04-17T20:43:00,Tortilla Española,1
2025-04-17T20:43:00,Patatas Bravas,1
2025-04-17T20:43:00,Tortilla Española,1
2025-04-17T20:43:00,Tortilla Española,1
2025-04-17T20:43:00,Seafood Paella (for 2),1
2025-04-17T20:43:00,Mineral Water,1
2025-04-17T20:43:00,House Red Wine,1
2025-04-17T20:43:00,House Red Wine,1
2025-04-17T20:43:00,Mineral Water,1
2025-04-17T20:47:00,Tortilla Española,1
2025-04-17T20:47:00,Patatas Bravas,1
2025-04-17T20:47:00,Patatas Bravas,1
2025-04-17T20:47:00,Tortilla Española,1
2025-04-17T20:47:00,Seafood Paella (for 2),1
2025-04-17T20:47:00,House Red Wine,1
2025-04-17T20:47:00,Mineral Water,1
2025-04-17T20:47:00,House Red Wine,1
2025-04-17T20:47:00,Crema Catalana,1
2025-04-17T20:52:00,Patatas Bravas,1
2025-04-17T20:52:00,Patatas Bravas,1
2025-04-17T20:52:00,Tortilla Española,1
2025-04-17T20:52:00,Seafood Paella (for 2),1
2025-04-17T20:52:00,House Red Wine,1
2025-04-17T20:52:00,House Red Wine,1
2025-04-17T20:52:00,Crema Catalana,1
2025-04-17T21:02:00,Patatas Bravas,1
2025-04-17T21:02:00,House Red Wine,1
2025-04-17T21:02:00,Crema Catalana,1
2025-04-18T13:05:00,Patatas Bravas,1
2025-04-18T13:05:00,Patatas Bravas,1
2025-04-18T13:05:00,Tortilla Española,1
2025-04-18T13:05:00,Mineral Water,1
2025-04-18T13:05:00,House Red Wine,1
2025-04-18T13:05:00,Crema Catalana,1
2025-04-18T13:07:00,Tortilla Española,1
2025-04-18T13:07:00,Patatas Bravas,1
2025-04-18T13:07:00,Tortilla Española,1
2025-04-18T13:07:00,Seafood Paella (for 2),1
2025-04-18T13:07:00,Mineral Water,1
2025-04-18T13:07:00,Mineral Water,1
2025-04-18T13:07:00,Crema Catalana,1
2025-04-18T13:10:00,Tortilla Española,1
2025-04-18T13:10:00,Tortilla Española,1
2025-04-18T13:10:00,Tortilla Española,1
2025-04-18T13:10:00,Tortilla Española,1
2025-04-18T13:10:00,Seafood Paella (for 2),1
2025-04-18T13:10:00,House Red Wine,1
2025-04-18T13:10:00,Mineral Water,1
2025-04-18T13:10:00,Mineral Water,1
2025-04-18T13:13:00,Patatas Bravas,1
2025-04-18T13:13:00,Patatas Bravas,1
2025-04-18T13:13:00,Tortilla Española,1
2025-04-18T13:13:00,Tortilla Española,1
2025-04-18T13:13:00,House Red Wine,1
2025-04-18T13:13:00,Mineral Water,1
2025-04-18T13:13:00,Mineral Water,1
2025-04-18T13:14:00,Patatas Bravas,1
2025-04-18T13:14:00,Tortilla Española,1
2025-04-18T13:14:00,Tortilla Española,1
2025-04-18T13:14:00,Tortilla Española,1
2025-04-18T13:14:00,Mineral Water,1
2025-04-18T13:14:00,House Red Wine,1
2025-04-18T13:14:00,Mineral Water,1
2025-04-18T13:15:00,Tortilla Española,1
2025-04-18T13:15:00,Tortilla Española,1
2025-04-18T13:15:00,Tortilla Española,1
2025-04-18T13:15:00,Seafood Paella (for 2),1
2025-04-18T13:15:00,Mineral Water,1
2025-04-18T13:15:00,House Red Wine,1
2025-04-18T13:18:00,Tortilla Española,1
2025-04-18T13:18:00,Tortilla Española,1
2025-04-18T13:18:00,Patatas Bravas,1
2025-04-18T13:18:00,Mineral Water,1
2025-04-18T13:18:00,Mineral Water,1
2025-04-18T13:21:00,Tortilla Española,1
2025-04-18T13:21:00,Seafood Paella (for 2),1
2025-04-18T13:21:00,House Red Wine,1
2025-04-18T13:21:00,Crema Catalana,1
2025-04-18T13:28:00,Tortilla Española,1
2025-04-18T13:28:00,Patatas Bravas,1
2025-04-18T13:28:00,Tortilla Española,1
2025-04-18T13:28:00,Patatas Bravas,1
2025-04-18T13:28:00,Patatas Bravas,1
2025-04-18T13:28:00,Tortilla Española,1
2025-04-18T13:28:00,Seafood Paella (for 2),1
2025-04-18T13:28:00,Mineral Water,1
2025-04-18T13:28:00,Mineral Water,1
2025-04-18T13:28:00,House Red Wine,1
2025-04-18T13:28:00,Mineral Water,1
2025-04-18T13:28:00,Crema Catalana,1
2025-04-18T13:28:00,Crema Catalana,1
2025-04-18T13:29:00,Tortilla Española,1
2025-04-18T13:29:00,Tortilla Española,1
2025-04-18T13:29:00,Tortilla Española,1
2025-04-18T13:29:00,Mineral Water,1
2025-04-18T13:29:00,House Red Wine,1
2025-04-18T13:32:00,Tortilla Española,1
2025-04-18T13:32:00,Patatas Bravas,1
2025-04-18T13:32:00,Patatas Bravas,1
2025-04-18T13:32:00,Mineral Water,1
2025-04-18T13:32:00,House Red Wine,1
2025-04-18T13:38:00,Patatas Bravas,1
2025-04-18T13:38:00,Patatas Bravas,1
2025-04-18T13:38:00,Tortilla Española,1
2025-04-18T13:38:00,Seafood Paella (for 2),1
2025-04-18T13:38:00,House Red Wine,1
2025-04-18T13:38:00,House Red Wine,1
2025-04-18T13:45:00,Tortilla Española,1
2025-04-18T13:45:00,Tortilla Española,1
2025-04-18T13:45:00,Tortilla Española,1
2025-04-18T13:45:00,Seafood Paella (for 2),1
2025-04-18T13:45:00,Mineral Water,1
2025-04-18T13:45:00,House Red Wine,1
2025-04-18T13:45:00,Crema Catalana,1
2025-04-18T13:45:00,Crema Catalana,1
2025-04-18T13:47:00,Tortilla Española,1
2025-04-18T13:47:00,Tortilla Española,1
2025-04-18T13:47:00,Tortilla Española,1
2025-04-18T13:47:00,Mineral Water,1
2025-04-18T13:47:00,Mineral Water,1
2025-04-18T13:47:00,Crema Catalana,1
2025-04-18T13:49:00,Patatas Bravas,1
2025-04-18T13:49:00,Tortilla Española,1
2025-04-18T13:49:00,Patatas Bravas,1
2025-04-18T13:49:00,Tortilla Española,1
2025-04-18T13:49:00,Seafood Paella (for 2),1
2025-04-18T13:49:00,House Red Wine,1
2025-04-18T13:49:00,Mineral Water,1
2025-04-18T13:49:00,House Red Wine,1
2025-04-18T13:49:00,Crema Catalana,1
2025-04-18T13:50:00,Patatas Bravas,1
2025-04-18T13:50:00,Patatas Bravas,1
2025-04-18T13:50:00,Tortilla Española,1
2025-04-18T13:50:00,Seafood Paella (for 2),1
2025-04-18T13:50:00,Mineral Water,1
2025-04-18T13:50:00,House Red Wine,1
2025-04-18T13:50:00,Crema Catalana,1
2025-04-18T13:50:00,Crema Catalana,1
2025-04-18T13:50:00,Patatas Bravas,1
2025-04-18T13:50:00,Tortilla Española,1
2025-04-18T13:50:00,Patatas Bravas,1
2025-04-18T13:50:00,Patatas Bravas,1
2025-04-18T13:50:00,Mineral Water,1
2025-04-18T13:50:00,Mineral Water,1
2025-04-18T13:50:00,Mineral Water,1
2025-04-18T13:51:00,Patatas Bravas,1
2025-04-18T13:51:00,Tortilla Española,1
2025-04-18T13:51:00,Patatas Bravas,1
2025-04-18T13:51:00,Tortilla Española,1
2025-04-18T13:51:00,Seafood Paella (for 2),1
2025-04-18T13:51:00,Mineral Water,1
2025-04-18T13:51:00,Mineral Water,1
2025-04-18T13:51:00,House Red Wine,1
2025-04-18T13:51:00,Crema Catalana,1
2025-04-18T13:51:00,Crema Catalana,1
2025-04-18T13:52:00,Patatas Bravas,1
2025-04-18T13:52:00,Mineral Water,1
2025-04-18T13:56:00,Patatas Bravas,1
2025-04-18T13:56:00,Tortilla Española,1
2025-04-18T13:56:00,Tortilla Española,1
2025-04-18T13:56:00,Patatas Bravas,1
2025-04-18T13:56:00,Seafood Paella (for 2),1
2025-04-18T13:56:00,Mineral Water,1
2025-04-18T13:56:00,House Red Wine,1
2025-04-18T13:56:00,House Red Wine,1
2025-04-18T13:56:00,Crema Catalana,1
2025-04-18T13:56:00,Crema Catalana,1
2025-04-18T13:56:00,Crema Catalana,1
2025-04-18T13:57:00,Patatas Bravas,1
2025-04-18T13:57:00,Tortilla Española,1
2025-04-18T13:57:00,Patatas Bravas,1
2025-04-18T13:57:00,Seafood Paella (for 2),1
2025-04-18T13:57:00,Mineral Water,1
2025-04-18T13:57:00,House Red Wine,1
2025-04-18T13:57:00,Crema Catalana,1
2025-04-18T13:57:00,Tortilla Española,1
2025-04-18T13:57:00,Tortilla Española,1
2025-04-18T13:57:00,Patatas Bravas,1
2025-04-18T13:57:00,Tortilla Española,1
2025-04-18T13:57:00,House Red Wine,1
2025-04-18T13:57:00,Mineral Water,1
2025-04-18T13:57:00,House Red Wine,1
2025-04-18T13:57:00,Patatas Bravas,1
2025-04-18T13:57:00,Patatas Bravas,1
2025-04-18T13:57:00,Tortilla Española,1
2025-04-18T13:57:00,Mineral Water,1
2025-04-18T13:57:00,Mineral Water,1
2025-04-18T13:57:00,Crema Catalana,1
2025-04-18T13:57:00,Crema Catalana,1
2025-04-18T14:00:00,Tortilla Española,1
2025-04-18T14:00:00,Tortilla Española,1
2025-04-18T14:00:00,Patatas Bravas,1
2025-04-18T14:00:00,Tortilla Española,1
2025-04-18T14:00:00,Seafood Paella (for 2),1
2025-04-18T14:00:00,Mineral Water,1
2025-04-18T14:00:00,House Red Wine,1
2025-04-18T14:00:00,Mineral Water,1
2025-04-18T14:07:00,Patatas Bravas,1
2025-04-18T14:07:00,Tortilla Española,1
2025-04-18T14:07:00,Tortilla Española,1
2025-04-18T14:07:00,Mineral Water,1
2025-04-18T14:07:00,House Red Wine,1
2025-04-18T14:07:00,Crema Catalana,1
2025-04-18T14:07:00,Crema Catalana,1
2025-04-18T14:09:00,Tortilla Española,1
2025-04-18T14:09:00,Tortilla Española,1
2025-04-18T14:09:00,Tortilla Española,1
2025-04-18T14:09:00,Mineral Water,1
2025-04-18T14:09:00,House Red Wine,1
2025-04-18T14:10:00,Tortilla Española,1
2025-04-18T14:10:00,Tortilla Española,1
2025-04-18T14:10:00,Tortilla Española,1
2025-04-18T14:10:00,Tortilla Española,1
2025-04-18T14:10:00,House Red Wine,1
2025-04-18T14:10:00,House Red Wine,1
2025-04-18T14:10:00,House Red Wine,1
2025-04-18T14:13:00,Patatas Bravas,1
2025-04-18T14:13:00,Tortilla Española,1
2025-04-18T14:13:00,Patatas Bravas,1
2025-04-18T14:13:00,Mineral Water,1
2025-04-18T14:13:00,Mineral Water,1
2025-04-18T14:13:00,Crema Catalana,1
2025-04-18T14:18:00,Tortilla Española,1
2025-04-18T14:18:00,Tortilla Española,1
2025-04-18T14:18:00,Tortilla Española,1
2025-04-18T14:18:00,House Red Wine,1
2025-04-18T14:18:00,House Red Wine,1
2025-04-18T14:18:00,Crema Catalana,1
2025-04-18T14:27:00,Patatas Bravas,1
2025-04-18T14:27:00,Tortilla Española,1
2025-04-18T14:27:00,Tortilla Española,1
2025-04-18T14:27:00,House Red Wine,1
2025-04-18T14:27:00,House Red Wine,1
2025-04-18T14:28:00,Tortilla Española,1
2025-04-18T14:28:00,Tortilla Española,1
2025-04-18T14:28:00,Tortilla Española,1
2025-04-18T14:28:00,Mineral Water,1
2025-04-18T14:28:00,Mineral Water,1
2025-04-18T14:40:00,Tortilla Española,1
2025-04-18T14:40:00,Tortilla Española,1
2025-04-18T14:40:00,Patatas Bravas,1
2025-04-18T14:40:00,Mineral Water,1
2025-04-18T14:40:00,Mineral Water,1
2025-04-19T13:01:00,Tortilla Española,1
2025-04-19T13:01:00,House Red Wine,1
2025-04-19T13:01:00,Crema Catalana,1
2025-04-19T13:01:00,Tortilla Española,1
2025-04-19T13:01:00,Tortilla Española,1
2025-04-19T13:01:00,Patatas Bravas,1
2025-04-19T13:01:00,Tortilla Española,1
2025-04-19T13:01:00,Tortilla Española,1
2025-04-19T13:01:00,Tortilla Española,1
2025-04-19T13:01:00,Seafood Paella (for 2),1
2025-04-19T13:01:00,Mineral Water,1
2025-04-19T13:01:00,Mineral Water,1
2025-04-19T13:01:00,House Red Wine,1
2025-04-19T13:01:00,House Red Wine,1
2025-04-19T13:01:00,Crema Catalana,1
2025-04-19T13:01:00,Crema Catalana,1
2025-04-19T13:01:00,Crema Catalana,1
2025-04-19T13:04:00,Patatas Bravas,1
2025-04-19T13:04:00,Tortilla Española,1
2025-04-19T13:04:00,Patatas Bravas,1
2025-04-19T13:04:00,Mineral Water,1
2025-04-19T13:04:00,Mineral Water,1
2025-04-19T13:04:00,Crema Catalana,1
2025-04-19T13:04:00,Crema Catalana,1
2025-04-19T13:05:00,Tortilla Española,1
2025-04-19T13:05:00,Patatas Bravas,1
2025-04-19T13:05:00,Patatas Bravas,1
2025-04-19T13:05:00,Patatas Bravas,1
2025-04-19T13:05:00,Seafood Paella (for 2),1
2025-04-19T13:05:00,House Red Wine,1
2025-04-19T13:05:00,House Red Wine,1
2025-04-19T13:05:00,Mineral Water,1
2025-04-19T13:05:00,Crema Catalana,1
2025-04-19T13:05:00,Crema Catalana,1
2025-04-19T13:05:00,Crema Catalana,1
2025-04-19T13:06:00,Patatas Bravas,1
2025-04-19T13:06:00,Mineral Water,1
2025-04-19T13:06:00,Crema Catalana,1
2025-04-19T13:07:00,Tortilla Española,1
2025-04-19T13:07:00,Tortilla Española,1
2025-04-19T13:07:00,Tortilla Española,1
2025-04-19T13:07:00,Mineral Water,1
2025-04-19T13:07:00,House Red Wine,1
2025-04-19T13:08:00,Tortilla Española,1
2025-04-19T13:08:00,Tortilla Española,1
2025-04-19T13:08:00,Tortilla Española,1
2025-04-19T13:08:00,Patatas Bravas,1
2025-04-19T13:08:00,Mineral Water,1
2025-04-19T13:08:00,Mineral Water,1
2025-04-19T13:08:00,Mineral Water,1
2025-04-19T13:08:00,Tortilla Española,1
2025-04-19T13:08:00,Seafood Paella (for 2),1
2025-04-19T13:08:00,House Red Wine,1
2025-04-19T13:11:00,Tortilla Española,1
2025-04-19T13:11:00,House Red Wine,1
2025-04-19T13:11:00,Patatas Bravas,1
2025-04-19T13:11:00,Patatas Bravas,1
2025-04-19T13:11:00,Tortilla Española,1
2025-04-19T13:11:00,Tortilla Española,1
2025-04-19T13:11:00,Seafood Paella (for 2),1
2025-04-19T13:11:00,Mineral Water,1
2025-04-19T13:11:00,House Red Wine,1
2025-04-19T13:11:00,Mineral Water,1
2025-04-19T13:12:00,Tortilla Española,1
2025-04-19T13:12:00,Tortilla Española,1
2025-04-19T13:12:00,Tortilla Española,1
2025-04-19T13:12:00,Tortilla Española,1
2025-04-19T13:12:00,House Red Wine,1
2025-04-19T13:12:00,House Red Wine,1
2025-04-19T13:12:00,House Red Wine,1
2025-04-19T13:13:00,Tortilla Española,1
2025-04-19T13:13:00,Tortilla Española,1
2025-04-19T13:13:00,Patatas Bravas,1
2025-04-19T13:13:00,Tortilla Española,1
2025-04-19T13:13:00,Patatas Bravas,1
2025-04-19T13:13:00,Patatas Bravas,1
2025-04-19T13:13:00,Seafood Paella (for 2),1
2025-04-19T13:13:00,House Red Wine,1
2025-04-19T13:13:00,Mineral Water,1
2025-04-19T13:13:00,Mineral Water,1
2025-04-19T13:13:00,Mineral Water,1
2025-04-19T13:13:00,Crema Catalana,1
2025-04-19T13:13:00,Crema Catalana,1
2025-04-19T13:18:00,Tortilla Española,1
2025-04-19T13:18:00,Tortilla Española,1
2025-04-19T13:18:00,Tortilla Española,1
2025-04-19T13:18:00,House Red Wine,1
2025-04-19T13:18:00,Mineral Water,1
2025-04-19T13:18:00,Crema Catalana,1
2025-04-19T13:18:00,Patatas Bravas,1
2025-04-19T13:18:00,Patatas Bravas,1
2025-04-19T13:18:00,Tortilla Española,1
2025-04-19T13:18:00,Tortilla Española,1
2025-04-19T13:18:00,Seafood Paella (for 2),1
2025-04-19T13:18:00,Mineral Water,1
2025-04-19T13:18:00,Mineral Water,1
2025-04-19T13:18:00,Mineral Water,1
2025-04-19T13:19:00,Patatas Bravas,1
2025-04-19T13:19:00,Tortilla Española,1
2025-04-19T13:19:00,Patatas Bravas,1
2025-04-19T13:19:00,House Red Wine,1
2025-04-19T13:19:00,Mineral Water,1
2025-04-19T13:19:00,Crema Catalana,1
2025-04-19T13:19:00,Crema Catalana,1
2025-04-19T13:19:00,Patatas Bravas,1
2025-04-19T13:19:00,Patatas Bravas,1
2025-04-19T13:19:00,Tortilla Española,1
2025-04-19T13:19:00,House Red Wine,1
2025-04-19T13:19:00,Mineral Water,1
2025-04-19T13:19:00,Crema Catalana,1
2025-04-19T13:19:00,Crema Catalana,1
2025-04-19T13:20:00,Tortilla Española,1
2025-04-19T13:20:00,Tortilla Española,1
2025-04-19T13:20:00,Tortilla Española,1
2025-04-19T13:20:00,Patatas Bravas,1
2025-04-19T13:20:00,Mineral Water,1
2025-04-19T13:20:00,House Red Wine,1
2025-04-19T13:20:00,Mineral Water,1
2025-04-19T13:20:00,Crema Catalana,1
2025-04-19T13:20:00,Crema Catalana,1
2025-04-19T13:24:00,Tortilla Española,1
2025-04-19T13:24:00,Patatas Bravas,1
2025-04-19T13:24:00,Patatas Bravas,1
2025-04-19T13:24:00,Patatas Bravas,1
2025-04-19T13:24:00,Patatas Bravas,1
2025-04-19T13:24:00,Tortilla Española,1
2025-04-19T13:24:00,Mineral Water,1
2025-04-19T13:24:00,House Red Wine,1
2025-04-19T13:24:00,House Red Wine,1
2025-04-19T13:24:00,House Red Wine,1
2025-04-19T13:26:00,Tortilla Española,1
2025-04-19T13:26:00,Patatas Bravas,1
2025-04-19T13:26:00,Tortilla Española,1
2025-04-19T13:26:00,Seafood Paella (for 2),1
2025-04-19T13:26:00,Mineral Water,1
2025-04-19T13:26:00,Mineral Water,1
2025-04-19T13:26:00,Crema Catalana,1
2025-04-19T13:26:00,Tortilla Española,1
2025-04-19T13:26:00,Tortilla Española,1
2025-04-19T13:26:00,Patatas Bravas,1
2025-04-19T13:26:00,Mineral Water,1
2025-04-19T13:26:00,Mineral Water,1
2025-04-19T13:26:00,Crema Catalana,1
2025-04-19T13:27:00,Tortilla Española,1
2025-04-19T13:27:00,Tortilla Española,1
2025-04-19T13:27:00,Patatas Bravas,1
2025-04-19T13:27:00,Patatas Bravas,1
2025-04-19T13:27:00,House Red Wine,1
2025-04-19T13:27:00,Mineral Water,1
2025-04-19T13:27:00,Mineral Water,1
2025-04-19T13:27:00,Crema Catalana,1
2025-04-19T13:27:00,Crema Catalana,1
2025-04-19T13:29:00,Tortilla Española,1
2025-04-19T13:29:00,Tortilla Española,1
2025-04-19T13:29:00,Tortilla Española,1
2025-04-19T13:29:00,Mineral Water,1
2025-04-19T13:29:00,Mineral Water,1
2025-04-19T13:29:00,Crema Catalana,1
2025-04-19T13:29:00,Crema Catalana,1
2025-04-19T13:31:00,Patatas Bravas,1
2025-04-19T13:31:00,Tortilla Española,1
2025-04-19T13:31:00,Tortilla Española,1
2025-04-19T13:31:00,House Red Wine,1
2025-04-19T13:31:00,House Red Wine,1
2025-04-19T13:31:00,Crema Catalana,1
2025-04-19T13:36:00,Patatas Bravas,1
2025-04-19T13:36:00,Patatas Bravas,1
2025-04-19T13:36:00,Tortilla Española,1
2025-04-19T13:36:00,House Red Wine,1
2025-04-19T13:36:00,Mineral Water,1
2025-04-19T13:36:00,Crema Catalana,1
2025-04-19T13:36:00,Crema Catalana,1
2025-04-19T13:39:00,Tortilla Española,1
2025-04-19T13:39:00,Patatas Bravas,1
2025-04-19T13:39:00,Patatas Bravas,1
2025-04-19T13:39:00,Mineral Water,1
2025-04-19T13:39:00,Mineral Water,1
2025-04-19T13:39:00,Patatas Bravas,1
2025-04-19T13:39:00,Patatas Bravas,1
2025-04-19T13:39:00,Tortilla Española,1
2025-04-19T13:39:00,House Red Wine,1
2025-04-19T13:39:00,House Red Wine,1
2025-04-19T13:39:00,Crema Catalana,1
2025-04-19T13:44:00,Tortilla Española,1
2025-04-19T13:44:00,Tortilla Española,1
2025-04-19T13:44:00,Tortilla Española,1
2025-04-19T13:44:00,Seafood Paella (for 2),1
2025-04-19T13:44:00,House Red Wine,1
2025-04-19T13:44:00,Mineral Water,1
2025-04-19T13:44:00,Crema Catalana,1
2025-04-19T13:44:00,Tortilla Española,1
2025-04-19T13:44:00,Tortilla Española,1
2025-04-19T13:44:00,Patatas Bravas,1
2025-04-19T13:44:00,Mineral Water,1
2025-04-19T13:44:00,House Red Wine,1
2025-04-19T13:44:00,Crema Catalana,1
2025-04-19T13:52:00,Tortilla Española,1
2025-04-19T13:52:00,Tortilla Española,1
2025-04-19T13:52:00,Tortilla Española,1
2025-04-19T13:52:00,House Red Wine,1
2025-04-19T13:52:00,Mineral Water,1
2025-04-19T13:52:00,Crema Catalana,1
2025-04-19T13:52:00,Crema Catalana,1
2025-04-19T13:52:00,Patatas Bravas,1
2025-04-19T13:52:00,Patatas Bravas,1
2025-04-19T13:52:00,Patatas Bravas,1
2025-04-19T13:52:00,Tortilla Española,1
2025-04-19T13:52:00,Mineral Water,1
2025-04-19T13:52:00,House Red Wine,1
2025-04-19T13:52:00,House Red Wine,1
2025-04-19T13:52:00,Crema Catalana,1
2025-04-19T13:53:00,Patatas Bravas,1
2025-04-19T13:53:00,Mineral Water,1
2025-04-19T13:53:00,Crema Catalana,1
2025-04-19T13:53:00,Tortilla Española,1
2025-04-19T13:53:00,Mineral Water,1
2025-04-20T13:01:00,Tortilla Española,1
2025-04-20T13:01:00,Tortilla Española,1
2025-04-20T13:01:00,Tortilla Española,1
2025-04-20T13:01:00,Seafood Paella (for 2),1
2025-04-20T13:01:00,Mineral Water,1
2025-04-20T13:01:00,Mineral Water,1
2025-04-20T13:02:00,Patatas Bravas,1
2025-04-20T13:02:00,Tortilla Española,1
2025-04-20T13:02:00,Patatas Bravas,1
2025-04-20T13:02:00,Patatas Bravas,1
2025-04-20T13:02:00,Patatas Bravas,1
2025-04-20T13:02:00,Patatas Bravas,1
2025-04-20T13:02:00,Seafood Paella (for 2),1
2025-04-20T13:02:00,House Red Wine,1
2025-04-20T13:02:00,House Red Wine,1
2025-04-20T13:02:00,House Red Wine,1
2025-04-20T13:02:00,Mineral Water,1
2025-04-20T13:02:00,Crema Catalana,1
2025-04-20T13:02:00,Crema Catalana,1
2025-04-20T13:05:00,Tortilla Española,1
2025-04-20T13:05:00,Tortilla Española,1
2025-04-20T13:05:00,Patatas Bravas,1
2025-04-20T13:05:00,Patatas Bravas,1
2025-04-20T13:05:00,House Red Wine,1
2025-04-20T13:05:00,Mineral Water,1
2025-04-20T13:05:00,Mineral Water,1
2025-04-20T13:05:00,Crema Catalana,1
2025-04-20T13:06:00,Tortilla Española,1
2025-04-20T13:06:00,Tortilla Española,1
2025-04-20T13:06:00,Patatas Bravas,1
2025-04-20T13:06:00,Tortilla Española,1
2025-04-20T13:06:00,Mineral Water,1
2025-04-20T13:06:00,Mineral Water,1
2025-04-20T13:06:00,Mineral Water,1
2025-04-20T13:08:00,Patatas Bravas,1
2025-04-20T13:08:00,Patatas Bravas,1
2025-04-20T13:08:00,Tortilla Española,1
2025-04-20T13:08:00,House Red Wine,1
2025-04-20T13:08:00,Mineral Water,1
2025-04-20T13:08:00,Crema Catalana,1
2025-04-20T13:08:00,Tortilla Española,1
2025-04-20T13:08:00,Seafood Paella (for 2),1
2025-04-20T13:08:00,Mineral Water,1
2025-04-20T13:08:00,Crema Catalana,1
2025-04-20T13:09:00,Tortilla Española,1
2025-04-20T13:09:00,Patatas Bravas,1
2025-04-20T13:09:00,Tortilla Española,1
2025-04-20T13:09:00,Tortilla Española,1
2025-04-20T13:09:00,Tortilla Española,1
2025-04-20T13:09:00,Tortilla Española,1
2025-04-20T13:09:00,Seafood Paella (for 2),1
2025-04-20T13:09:00,Mineral Water,1
2025-04-20T13:09:00,Mineral Water,1
2025-04-20T13:09:00,Mineral Water,1
2025-04-20T13:09:00,House Red Wine,1
2025-04-20T13:10:00,Patatas Bravas,1
2025-04-20T13:10:00,Tortilla Española,1
2025-04-20T13:10:00,Patatas Bravas,1
2025-04-20T13:10:00,Seafood Paella (for 2),1
2025-04-20T13:10:00,Mineral Water,1
2025-04-20T13:10:00,Mineral Water,1
2025-04-20T13:10:00,Crema Catalana,1
2025-04-20T13:10:00,Crema Catalana,1
2025-04-20T13:11:00,Tortilla Española,1
2025-04-20T13:11:00,Patatas Bravas,1
2025-04-20T13:11:00,Tortilla Española,1
2025-04-20T13:11:00,Mineral Water,1
2025-04-20T13:11:00,Mineral Water,1
2025-04-20T13:14:00,Tortilla Española,1
2025-04-20T13:14:00,Patatas Bravas,1
2025-04-20T13:14:00,Tortilla Española,1
2025-04-20T13:14:00,House Red Wine,1
2025-04-20T13:14:00,House Red Wine,1
2025-04-20T13:14:00,Patatas Bravas,1
2025-04-20T13:14:00,Seafood Paella (for 2),1
2025-04-20T13:14:00,House Red Wine,1
2025-04-20T13:14:00,Crema Catalana,1
2025-04-20T13:15:00,Patatas Bravas,1
2025-04-20T13:15:00,Patatas Bravas,1
2025-04-20T13:15:00,Patatas Bravas,1
2025-04-20T13:15:00,Seafood Paella (for 2),1
2025-04-20T13:15:00,Mineral Water,1
2025-04-20T13:15:00,House Red Wine,1
2025-04-20T13:16:00,Tortilla Española,1
2025-04-20T13:16:00,Tortilla Española,1
2025-04-20T13:16:00,Tortilla Española,1
2025-04-20T13:16:00,Seafood Paella (for 2),1
2025-04-20T13:16:00,Mineral Water,1
2025-04-20T13:16:00,Mineral Water,1
2025-04-20T13:16:00,Tortilla Española,1
2025-04-20T13:16:00,Patatas Bravas,1
2025-04-20T13:16:00,Tortilla Española,1
2025-04-20T13:16:00,House Red Wine,1
2025-04-20T13:16:00,House Red Wine,1
2025-04-20T13:16:00,Crema Catalana,1
2025-04-20T13:16:00,Crema Catalana,1
2025-04-20T13:17:00,Tortilla Española,1
2025-04-20T13:17:00,Patatas Bravas,1
2025-04-20T13:17:00,Patatas Bravas,1
2025-04-20T13:17:00,Mineral Water,1
2025-04-20T13:17:00,House Red Wine,1
2025-04-20T13:17:00,Crema Catalana,1
2025-04-20T13:17:00,Crema Catalana,1
2025-04-20T13:17:00,Tortilla Española,1
2025-04-20T13:17:00,Tortilla Española,1
2025-04-20T13:17:00,Patatas Bravas,1
2025-04-20T13:17:00,House Red Wine,1
2025-04-20T13:17:00,Mineral Water,1
2025-04-20T13:20:00,Tortilla Española,1
2025-04-20T13:20:00,Tortilla Española,1
2025-04-20T13:20:00,Tortilla Española,1
2025-04-20T13:20:00,Patatas Bravas,1
2025-04-20T13:20:00,Seafood Paella (for 2),1
2025-04-20T13:20:00,Mineral Water,1
2025-04-20T13:20:00,House Red Wine,1
2025-04-20T13:20:00,House Red Wine,1
2025-04-20T13:20:00,Crema Catalana,1
2025-04-20T13:26:00,Tortilla Española,1
2025-04-20T13:26:00,Patatas Bravas,1
2025-04-20T13:26:00,Tortilla Española,1
2025-04-20T13:26:00,Patatas Bravas,1
2025-04-20T13:26:00,Seafood Paella (for 2),1
2025-04-20T13:26:00,House Red Wine,1
2025-04-20T13:26:00,House Red Wine,1
2025-04-20T13:26:00,Mineral Water,1
2025-04-20T13:27:00,Patatas Bravas,1
2025-04-20T13:27:00,Tortilla Española,1
2025-04-20T13:27:00,Tortilla Española,1
2025-04-20T13:27:00,Patatas Bravas,1
2025-04-20T13:27:00,Seafood Paella (for 2),1
2025-04-20T13:27:00,Mineral Water,1
2025-04-20T13:27:00,House Red Wine,1
2025-04-20T13:27:00,Mineral Water,1
2025-04-20T13:27:00,Crema Catalana,1
2025-04-20T13:27:00,Crema Catalana,1
2025-04-20T13:27:00,Crema Catalana,1
2025-04-20T13:28:00,Tortilla Española,1
2025-04-20T13:28:00,Tortilla Española,1
2025-04-20T13:28:00,Patatas Bravas,1
2025-04-20T13:28:00,Patatas Bravas,1
2025-04-20T13:28:00,Mineral Water,1
2025-04-20T13:28:00,Mineral Water,1
2025-04-20T13:28:00,Mineral Water,1
2025-04-20T13:28:00,Crema Catalana,1
2025-04-20T13:29:00,Patatas Bravas,1
2025-04-20T13:29:00,Mineral Water,1
2025-04-20T13:30:00,Patatas Bravas,1
2025-04-20T13:30:00,Tortilla Española,1
2025-04-20T13:30:00,Tortilla Española,1
2025-04-20T13:30:00,Tortilla Española,1
2025-04-20T13:30:00,House Red Wine,1
2025-04-20T13:30:00,Mineral Water,1
2025-04-20T13:30:00,Mineral Water,1
2025-04-20T13:30:00,Crema Catalana,1
2025-04-20T13:33:00,Tortilla Española,1
2025-04-20T13:33:00,Tortilla Española,1
2025-04-20T13:33:00,Patatas Bravas,1
2025-04-20T13:33:00,House Red Wine,1
2025-04-20T13:33:00,House Red Wine,1
2025-04-20T13:33:00,Crema Catalana,1
2025-04-20T13:35:00,Tortilla Española,1
2025-04-20T13:35:00,Patatas Bravas,1
2025-04-20T13:35:00,Patatas Bravas,1
2025-04-20T13:35:00,House Red Wine,1
2025-04-20T13:35:00,House Red Wine,1
2025-04-20T13:36:00,Patatas Bravas,1
2025-04-20T13:36:00,Seafood Paella (for 2),1
2025-04-20T13:36:00,House Red Wine,1
2025-04-20T13:40:00,Patatas Bravas,1
2025-04-20T13:40:00,Tortilla Española,1
2025-04-20T13:40:00,Tortilla Española,1
2025-04-20T13:40:00,Patatas Bravas,1
2025-04-20T13:40:00,Tortilla Española,1
2025-04-20T13:40:00,Patatas Bravas,1
2025-04-20T13:40:00,Seafood Paella (for 2),1
2025-04-20T13:40:00,Mineral Water,1
2025-04-20T13:40:00,House Red Wine,1
2025-04-20T13:40:00,Mineral Water,1
2025-04-20T13:40:00,Mineral Water,1
2025-04-20T13:40:00,Crema Catalana,1
2025-04-20T13:40:00,Crema Catalana,1
2025-04-20T13:40:00,Crema Catalana,1
2025-04-20T13:40:00,Crema Catalana,1
2025-04-20T13:41:00,Tortilla Española,1
2025-04-20T13:41:00,Tortilla Española,1
2025-04-20T13:41:00,Patatas Bravas,1
2025-04-20T13:41:00,Seafood Paella (for 2),1
2025-04-20T13:41:00,House Red Wine,1
2025-04-20T13:41:00,Mineral Water,1
2025-04-20T13:41:00,Crema Catalana,1
2025-04-20T13:41:00,Crema Catalana,1
2025-04-20T13:42:00,Patatas Bravas,1
2025-04-20T13:42:00,Patatas Bravas,1
2025-04-20T13:42:00,Tortilla Española,1
2025-04-20T13:42:00,House Red Wine,1
2025-04-20T13:42:00,Mineral Water,1
2025-04-20T13:43:00,Patatas Bravas,1
2025-04-20T13:43:00,Patatas Bravas,1
2025-04-20T13:43:00,Patatas Bravas,1
2025-04-20T13:43:00,Seafood Paella (for 2),1
2025-04-20T13:43:00,Mineral Water,1
2025-04-20T13:43:00,House Red Wine,1
2025-04-20T13:43:00,Tortilla Española,1
2025-04-20T13:43:00,Tortilla Española,1
2025-04-20T13:43:00,Patatas Bravas,1
2025-04-20T13:43:00,Mineral Water,1
2025-04-20T13:43:00,Mineral Water,1
2025-04-20T13:43:00,Crema Catalana,1
2025-04-20T13:43:00,Crema Catalana,1
2025-04-20T13:58:00,Patatas Bravas,1
2025-04-20T13:58:00,Tortilla Española,1
2025-04-20T13:58:00,Patatas Bravas,1
2025-04-20T13:58:00,House Red Wine,1
2025-04-20T13:58:00,House Red Wine,1
2025-04-20T16:31:00,Tortilla Española,1
2025-04-20T16:31:00,Mineral Water,1
2025-04-21T13:13:00,Menu del Día,1
2025-04-21T13:13:00,Seafood Paella (for 2),1
2025-04-21T13:49:00,Menu del Día,2
2025-04-21T13:49:00,Seafood Paella (for 2),1
2025-04-21T14:03:00,Menu del Día,1
2025-04-21T14:03:00,Seafood Paella (for 2),1
2025-04-21T14:04:00,Menu del Día,2
2025-04-21T14:04:00,Menu del Día,1
2025-04-21T14:04:00,Seafood Paella (for 2),1
2025-04-21T14:08:00,Menu del Día,3
2025-04-21T14:08:00,Seafood Paella (for 2),1
2025-04-21T14:08:00,Menu del Día,1
2025-04-21T14:08:00,Seafood Paella (for 2),1
2025-04-21T14:09:00,Menu del Día,1
2025-04-21T14:09:00,Seafood Paella (for 2),1
2025-04-21T14:11:00,Menu del Día,1
2025-04-21T14:12:00,Menu del Día,2
2025-04-21T14:12:00,Seafood Paella (for 2),1
2025-04-21T14:12:00,Menu del Día,1
2025-04-21T14:13:00,Menu del Día,2
2025-04-21T14:16:00,Menu del Día,2
2025-04-21T14:34:00,Menu del Día,1
2025-04-21T14:34:00,Seafood Paella (for 2),1
2025-04-21T14:35:00,Menu del Día,1
2025-04-21T14:36:00,Menu del Día,3
2025-04-21T14:36:00,Seafood Paella (for 2),1
2025-04-21T14:36:00,Menu del Día,3
2025-04-21T14:37:00,Menu del Día,1
2025-04-21T14:37:00,Seafood Paella (for 2),1
2025-04-21T14:38:00,Menu del Día,1
2025-04-21T14:40:00,Menu del Día,2
2025-04-21T14:40:00,Seafood Paella (for 2),1
2025-04-21T14:41:00,Menu del Día,1
2025-04-21T14:41:00,Seafood Paella (for 2),1
2025-04-21T14:41:00,Seafood Paella (for 2),1
2025-04-21T14:43:00,Menu del Día,3
2025-04-21T14:43:00,Seafood Paella (for 2),1
2025-04-21T14:43:00,Seafood Paella (for 2),1
2025-04-21T14:43:00,Seafood Paella (for 2),1
2025-04-21T14:43:00,Seafood Paella (for 2),1
2025-04-21T14:43:00,Seafood Paella (for 2),1
2025-04-21T14:44:00,Menu del Día,2
2025-04-21T14:45:00,Menu del Día,2
2025-04-21T14:46:00,Menu del Día,2
2025-04-21T14:54:00,Menu del Día,2
2025-04-21T14:54:00,Menu del Día,2
2025-04-21T14:55:00,Menu del Día,2
2025-04-21T15:05:00,Menu del Día,1
2025-04-21T15:05:00,Seafood Paella (for 2),1
2025-04-21T15:05:00,Seafood Paella (for 2),1
2025-04-21T15:08:00,Menu del Día,2
2025-04-21T15:20:00,Menu del Día,1
2025-04-21T15:23:00,Menu del Día,1
2025-04-21T15:30:00,Menu del Día,1
2025-04-21T15:30:00,Seafood Paella (for 2),1
2025-04-21T15:47:00,Menu del Día,2
2025-04-21T15:50:00,Menu del Día,2
2025-04-21T15:53:00,Menu del Día,1
2025-04-21T15:53:00,Seafood Paella (for 2),1
2025-04-21T15:53:00,Menu del Día,4
2025-04-21T15:55:00,Seafood Paella (for 2),1
2025-04-21T15:57:00,Menu del Día,1
2025-04-21T15:57:00,Seafood Paella (for 2),1
2025-04-21T15:58:00,Menu del Día,2
2025-04-21T16:01:00,Seafood Paella (for 2),1
2025-04-21T16:01:00,Seafood Paella (for 2),1
2025-04-21T16:29:00,Menu del Día,1
2025-04-21T16:29:00,Seafood Paella (for 2),1
2025-04-21T16:52:00,Menu del Día,1
2025-04-21T16:52:00,Seafood Paella (for 2),1
2025-04-21T16:52:00,Seafood Paella (for 2),1
2025-04-21T16:52:00,Menu del Día,1
2025-04-21T16:52:00,Seafood Paella (for 2),1
2025-04-21T16:57:00,Menu del Día,3
2025-04-21T20:19:00,Patatas Bravas,1
2025-04-21T20:19:00,Tortilla Española,1
2025-04-21T20:19:00,Tortilla Española,1
2025-04-21T20:19:00,Mineral Water,1
2025-04-21T20:19:00,Mineral Water,1
2025-04-21T20:23:00,Patatas Bravas,1
2025-04-21T20:23:00,Mineral Water,1
2025-04-21T20:23:00,Crema Catalana,1
2025-04-21T20:23:00,Patatas Bravas,1
2025-04-21T20:23:00,Tortilla Española,1
2025-04-21T20:23:00,Patatas Bravas,1
2025-04-21T20:23:00,Seafood Paella (for 2),1
2025-04-21T20:23:00,Mineral Water,1
2025-04-21T20:23:00,Mineral Water,1
2025-04-21T20:26:00,Patatas Bravas,1
2025-04-21T20:26:00,Tortilla Española,1
2025-04-21T20:26:00,Tortilla Española,1
2025-04-21T20:26:00,Tortilla Española,1
2025-04-21T20:26:00,Tortilla Española,1
2025-04-21T20:26:00,Tortilla Española,1
2025-04-21T20:26:00,Mineral Water,1
2025-04-21T20:26:00,Mineral Water,1
2025-04-21T20:26:00,Mineral Water,1
2025-04-21T20:26:00,Mineral Water,1
2025-04-21T20:26:00,Crema Catalana,1
2025-04-21T20:54:00,Tortilla Española,1
2025-04-21T20:54:00,Patatas Bravas,1
2025-04-21T20:54:00,Tortilla Española,1
2025-04-21T20:54:00,House Red Wine,1
2025-04-21T20:54:00,House Red Wine,1
2025-04-21T21:00:00,Tortilla Española,1
2025-04-21T21:00:00,Patatas Bravas,1
2025-04-21T21:00:00,Patatas Bravas,1
2025-04-21T21:00:00,Seafood Paella (for 2),1
2025-04-21T21:00:00,House Red Wine,1
2025-04-21T21:00:00,Mineral Water,1
2025-04-21T21:00:00,Crema Catalana,1
2025-04-21T21:00:00,Crema Catalana,1
2025-04-21T21:07:00,Patatas Bravas,1
2025-04-21T21:07:00,Mineral Water,1
2025-04-21T21:07:00,Crema Catalana,1
2025-04-22T13:04:00,Seafood Paella (for 2),1
2025-04-22T13:19:00,Seafood Paella (for 2),1
2025-04-22T13:45:00,Seafood Paella (for 2),1
2025-04-22T13:56:00,Seafood Paella (for 2),1
2025-04-22T14:15:00,Seafood Paella (for 2),1
2025-04-22T14:17:00,Seafood Paella (for 2),1
2025-04-22T14:30:00,Seafood Paella (for 2),1
2025-04-22T14:40:00,Seafood Paella (for 2),1
2025-04-22T14:42:00,Seafood Paella (for 2),1
2025-04-22T14:43:00,Seafood Paella (for 2),1
2025-04-22T14:49:00,Seafood Paella (for 2),1
2025-04-22T14:55:00,Seafood Paella (for 2),1
2025-04-22T20:00:00,Mineral Water,1
2025-04-22T20:00:00,House Red Wine,1
2025-04-22T20:18:00,Seafood Paella (for 2),1
2025-04-22T20:18:00,House Red Wine,1
2025-04-22T20:18:00,House Red Wine,1
2025-04-22T20:31:00,House Red Wine,1
2025-04-22T20:31:00,House Red Wine,1
2025-04-22T20:31:00,Mineral Water,1
2025-04-22T20:31:00,Crema Catalana,1
2025-04-22T20:31:00,Crema Catalana,1
2025-04-22T20:31:00,Crema Catalana,1
2025-04-22T20:35:00,Seafood Paella (for 2),1
2025-04-22T20:35:00,House Red Wine,1
2025-04-22T20:35:00,Mineral Water,1
2025-04-22T20:38:00,Seafood Paella (for 2),1
2025-04-22T20:38:00,Mineral Water,1
2025-04-22T20:38:00,House Red Wine,1
2025-04-22T20:38:00,Mineral Water,1
2025-04-22T20:38:00,House Red Wine,1
2025-04-22T20:45:00,House Red Wine,1
2025-04-22T20:45:00,House Red Wine,1
2025-04-22T20:45:00,Mineral Water,1
2025-04-22T20:45:00,House Red Wine,1
2025-04-22T20:45:00,Crema Catalana,1
2025-04-22T20:45:00,Mineral Water,1
2025-04-22T20:45:00,Crema Catalana,1
2025-04-22T20:46:00,House Red Wine,1
2025-04-22T20:46:00,Mineral Water,1
2025-04-22T20:49:00,Seafood Paella (for 2),1
2025-04-22T20:49:00,Mineral Water,1
2025-04-22T20:49:00,Mineral Water,1
2025-04-22T20:49:00,House Red Wine,1
2025-04-22T20:57:00,Seafood Paella (for 2),1
2025-04-22T20:57:00,Mineral Water,1
2025-04-22T20:57:00,House Red Wine,1
2025-04-22T20:57:00,Crema Catalana,1
2025-04-22T20:57:00,Crema Catalana,1
2025-04-22T20:59:00,Mineral Water,1
2025-04-22T20:59:00,Mineral Water,1
2025-04-22T20:59:00,Mineral Water,1
2025-04-22T20:59:00,Crema Catalana,1
2025-04-22T21:08:00,Seafood Paella (for 2),1
2025-04-22T21:08:00,Mineral Water,1
2025-04-22T21:08:00,House Red Wine,1
2025-04-22T21:08:00,House Red Wine,1
2025-04-22T21:08:00,Crema Catalana,1
2025-04-22T21:08:00,Crema Catalana,1
2025-04-22T21:17:00,Seafood Paella (for 2),1
2025-04-22T21:17:00,Mineral Water,1
2025-04-22T21:24:00,Mineral Water,1
2025-04-22T21:24:00,Mineral Water,1
2025-04-22T21:24:00,Mineral Water,1
2025-04-22T21:24:00,Mineral Water,1
2025-04-22T21:24:00,Crema Catalana,1
2025-04-22T21:24:00,Crema Catalana,1
2025-04-22T21:27:00,Seafood Paella (for 2),1
2025-04-22T21:27:00,House Red Wine,1
2025-04-22T21:27:00,Mineral Water,1
2025-04-22T21:32:00,House Red Wine,1
2025-04-22T21:32:00,Mineral Water,1
2025-04-22T21:32:00,House Red Wine,1
2025-04-22T21:32:00,House Red Wine,1
2025-04-22T21:33:00,House Red Wine,1
2025-04-22T21:33:00,House Red Wine,1
2025-04-22T21:33:00,Seafood Paella (for 2),1
2025-04-22T21:33:00,Mineral Water,1
2025-04-22T21:33:00,Mineral Water,1
2025-04-22T21:33:00,Mineral Water,1
2025-04-22T21:38:00,Mineral Water,1
2025-04-22T21:38:00,Crema Catalana,1
2025-04-22T21:43:00,Seafood Paella (for 2),1
2025-04-22T21:43:00,Mineral Water,1
2025-04-22T21:43:00,House Red Wine,1
2025-04-22T21:43:00,House Red Wine,1
2025-04-22T21:43:00,Mineral Water,1
2025-04-22T21:45:00,House Red Wine,1
2025-04-22T21:45:00,Mineral Water,1
2025-04-22T21:50:00,House Red Wine,1
2025-04-22T21:50:00,House Red Wine,1
2025-04-22T21:50:00,Crema Catalana,1
2025-04-22T22:06:00,Mineral Water,1
2025-04-22T22:06:00,Mineral Water,1
2025-04-22T22:08:00,House Red Wine,1
2025-04-22T22:08:00,Mineral Water,1
2025-04-22T22:08:00,House Red Wine,1
2025-04-22T22:08:00,House Red Wine,1
2025-04-22T22:15:00,House Red Wine,1
2025-04-22T22:15:00,House Red Wine,1
2025-04-22T22:19:00,Seafood Paella (for 2),1
2025-04-22T22:19:00,Mineral Water,1
2025-04-22T22:19:00,Mineral Water,1
2025-04-22T22:19:00,Crema Catalana,1
2025-04-22T22:25:00,Mineral Water,1
2025-04-22T22:25:00,House Red Wine,1
2025-04-22T22:25:00,Crema Catalana,1
2025-04-22T22:28:00,Mineral Water,1
2025-04-22T22:28:00,House Red Wine,1
2025-04-22T22:28:00,Crema Catalana,1
2025-04-22T22:28:00,Crema Catalana,1
2025-04-22T22:32:00,Seafood Paella (for 2),1
2025-04-22T22:32:00,Mineral Water,1
2025-04-22T22:32:00,Mineral Water,1
2025-04-22T22:46:00,Seafood Paella (for 2),1
2025-04-22T22:46:00,House Red Wine,1
2025-04-22T22:46:00,Mineral Water,1
2025-04-22T22:46:00,House Red Wine,1
2025-04-22T22:46:00,Crema Catalana,1
2025-04-22T22:47:00,Seafood Paella (for 2),1
2025-04-22T22:47:00,House Red Wine,1
2025-04-22T22:47:00,House Red Wine,1
2025-04-22T22:47:00,Crema Catalana,1
2025-04-22T22:59:00,Mineral Water,1
2025-04-22T22:59:00,House Red Wine,1
2025-04-22T22:59:00,Crema Catalana,1
2025-04-22T23:05:00,Mineral Water,1
2025-04-22T23:05:00,Mineral Water,1
2025-04-22T23:07:00,Seafood Paella (for 2),1
2025-04-22T23:07:00,Mineral Water,1
2025-04-22T23:07:00,Mineral Water,1
2025-04-22T23:07:00,Crema Catalana,1
2025-04-22T23:08:00,Seafood Paella (for 2),1
2025-04-22T23:08:00,House Red Wine,1
2025-04-22T23:08:00,House Red Wine,1
2025-04-22T23:08:00,House Red Wine,1
2025-04-22T23:08:00,Crema Catalana,1
2025-04-22T23:08:00,Crema Catalana,1
2025-04-22T23:16:00,Seafood Paella (for 2),1
2025-04-22T23:16:00,Mineral Water,1
2025-04-22T23:16:00,House Red Wine,1
2025-04-23T13:11:00,Menu del Día,1
2025-04-23T13:14:00,Menu del Día,1
2025-04-23T13:22:00,Menu del Día,1
2025-04-23T13:25:00,Menu del Día,1
2025-04-23T13:26:00,Menu del Día,1
2025-04-23T13:26:00,Menu del Día,1
2025-04-23T13:29:00,Menu del Día,1
2025-04-23T13:32:00,Menu del Día,3
2025-04-23T13:35:00,Menu del Día,1
2025-04-23T13:39:00,Menu del Día,3
2025-04-23T13:43:00,Menu del Día,2
2025-04-23T13:46:00,Menu del Día,2
2025-04-23T13:47:00,Menu del Día,1
2025-04-23T13:48:00,Menu del Día,2
2025-04-23T13:50:00,Menu del Día,4
2025-04-23T13:50:00,Menu del Día,1
2025-04-23T13:51:00,Menu del Día,2
2025-04-23T13:57:00,Menu del Día,2
2025-04-23T13:57:00,Menu del Día,1
2025-04-23T13:59:00,Menu del Día,1
2025-04-23T14:00:00,Menu del Día,1
2025-04-23T14:04:00,Menu del Día,1
2025-04-23T14:10:00,Menu del Día,2
2025-04-23T14:22:00,Menu del Día,3
2025-04-23T14:24:00,Menu del Día,3
2025-04-23T14:47:00,Menu del Día,1
2025-04-23T14:49:00,Menu del Día,2
2025-04-23T14:54:00,Menu del Día,2
2025-04-23T14:54:00,Menu del Día,2
2025-04-23T14:56:00,Menu del Día,1
2025-04-23T14:56:00,Menu del Día,2
2025-04-23T15:00:00,Menu del Día,3
2025-04-23T15:01:00,Menu del Día,3
2025-04-23T15:02:00,Menu del Día,2
2025-04-23T15:09:00,Menu del Día,1
2025-04-23T15:09:00,Menu del Día,2
2025-04-23T15:22:00,Menu del Día,2
2025-04-23T15:24:00,Menu del Día,3
2025-04-23T15:25:00,Menu del Día,1
2025-04-23T15:26:00,Menu del Día,2
2025-04-23T15:26:00,Menu del Día,1
2025-04-23T15:27:00,Menu del Día,2
2025-04-23T15:34:00,Menu del Día,3
2025-04-23T15:39:00,Menu del Día,1
2025-04-23T15:42:00,Menu del Día,2
2025-04-23T15:44:00,Menu del Día,2
2025-04-23T15:47:00,Menu del Día,1
2025-04-23T15:47:00,Menu del Día,2
2025-04-23T15:49:00,Menu del Día,2
2025-04-23T15:49:00,Menu del Día,2
2025-04-23T15:53:00,Menu del Día,2
2025-04-23T15:53:00,Menu del Día,1
2025-04-23T15:58:00,Menu del Día,2
2025-04-23T15:59:00,Menu del Día,1
2025-04-23T16:06:00,Menu del Día,2
2025-04-23T16:21:00,Menu del Día,1
2025-04-23T16:27:00,Menu del Día,2
2025-04-23T16:33:00,Menu del Día,2
2025-04-23T16:45:00,Menu del Día,1
2025-04-23T16:45:00,Menu del Día,2
2025-04-23T16:46:00,Menu del Día,1
2025-04-23T16:48:00,Menu del Día,3
2025-04-23T16:55:00,Menu del Día,1
2025-04-23T16:59:00,Menu del Día,2
2025-04-23T20:04:00,Patatas Bravas,1
2025-04-23T20:04:00,House Red Wine,1
2025-04-23T20:04:00,Crema Catalana,1
2025-04-23T20:04:00,Patatas Bravas,1
2025-04-23T20:04:00,Patatas Bravas,1
2025-04-23T20:04:00,Patatas Bravas,1
2025-04-23T20:04:00,House Red Wine,1
2025-04-23T20:04:00,Mineral Water,1
2025-04-23T20:04:00,Crema Catalana,1
2025-04-23T20:04:00,Crema Catalana,1
2025-04-23T20:06:00,Tortilla Española,1
2025-04-23T20:06:00,Tortilla Española,1
2025-04-23T20:06:00,Tortilla Española,1
2025-04-23T20:06:00,House Red Wine,1
2025-04-23T20:06:00,Mineral Water,1
2025-04-23T20:15:00,Tortilla Española,1
2025-04-23T20:15:00,Tortilla Española,1
2025-04-23T20:15:00,Patatas Bravas,1
2025-04-23T20:15:00,Patatas Bravas,1
2025-04-23T20:15:00,Mineral Water,1
2025-04-23T20:15:00,Mineral Water,1
2025-04-23T20:15:00,Mineral Water,1
2025-04-23T20:16:00,Patatas Bravas,1
2025-04-23T20:16:00,House Red Wine,1
2025-04-23T20:27:00,Tortilla Española,1
2025-04-23T20:27:00,Mineral Water,1
2025-04-23T20:27:00,Tortilla Española,1
2025-04-23T20:27:00,Patatas Bravas,1
2025-04-23T20:27:00,Patatas Bravas,1
2025-04-23T20:27:00,Mineral Water,1
2025-04-23T20:27:00,House Red Wine,1
2025-04-24T13:00:00,Seafood Paella (for 2),1
2025-04-24T13:11:00,Menu del Día,2
2025-04-24T13:14:00,Menu del Día,1
2025-04-24T13:14:00,Seafood Paella (for 2),1
2025-04-24T13:14:00,Menu del Día,1
2025-04-24T13:14:00,Seafood Paella (for 2),1
2025-04-24T13:14:00,Menu del Día,2
2025-04-24T13:14:00,Menu del Día,1
2025-04-24T13:14:00,Seafood Paella (for 2),1
2025-04-24T13:20:00,Menu del Día,2
2025-04-24T13:20:00,Menu del Día,2
2025-04-24T13:38:00,Menu del Día,1
2025-04-24T13:51:00,Menu del Día,2
2025-04-24T13:51:00,Seafood Paella (for 2),1
2025-04-24T13:51:00,Seafood Paella (for 2),1
2025-04-24T13:51:00,Menu del Día,3
2025-04-24T13:51:00,Seafood Paella (for 2),1
2025-04-24T13:56:00,Seafood Paella (for 2),1
2025-04-24T14:00:00,Menu del Día,1
2025-04-24T14:00:00,Seafood Paella (for 2),1
2025-04-24T14:04:00,Menu del Día,1
2025-04-24T14:04:00,Seafood Paella (for 2),1
2025-04-24T14:05:00,Seafood Paella (for 2),1
2025-04-24T14:05:00,Seafood Paella (for 2),1
2025-04-24T14:05:00,Menu del Día,1
2025-04-24T14:08:00,Menu del Día,3
2025-04-24T14:08:00,Seafood Paella (for 2),1
2025-04-24T14:09:00,Menu del Día,1
2025-04-24T14:10:00,Seafood Paella (for 2),1
2025-04-24T14:10:00,Menu del Día,1
2025-04-24T14:10:00,Seafood Paella (for 2),1
2025-04-24T14:11:00,Menu del Día,1
2025-04-24T14:11:00,Seafood Paella (for 2),1
2025-04-24T14:12:00,Seafood Paella (for 2),1
2025-04-24T14:12:00,Seafood Paella (for 2),1
2025-04-24T14:14:00,Menu del Día,1
2025-04-24T14:14:00,Seafood Paella (for 2),1
2025-04-24T14:14:00,Menu del Día,2
2025-04-24T14:17:00,Menu del Día,4
2025-04-24T14:18:00,Menu del Día,2
2025-04-24T14:18:00,Seafood Paella (for 2),1
2025-04-24T14:21:00,Menu del Día,1
2025-04-24T14:21:00,Seafood Paella (for 2),1
2025-04-24T14:25:00,Menu del Día,2
2025-04-24T14:25:00,Seafood Paella (for 2),1
2025-04-24T14:27:00,Menu del Día,2
2025-04-24T14:29:00,Menu del Día,1
2025-04-24T14:29:00,Seafood Paella (for 2),1
2025-04-24T14:33:00,Menu del Día,1
2025-04-24T14:33:00,Menu del Día,1
2025-04-24T14:33:00,Seafood Paella (for 2),1
2025-04-24T14:38:00,Menu del Día,2
2025-04-24T14:38:00,Seafood Paella (for 2),1
2025-04-24T14:39:00,Menu del Día,2
2025-04-24T14:39:00,Menu del Día,1
2025-04-24T14:39:00,Seafood Paella (for 2),1
2025-04-24T14:40:00,Menu del Día,2
2025-04-24T14:40:00,Seafood Paella (for 2),1
2025-04-24T14:40:00,Seafood Paella (for 2),1
2025-04-24T14:41:00,Seafood Paella (for 2),1
2025-04-24T14:43:00,Menu del Día,1
2025-04-24T14:47:00,Seafood Paella (for 2),1
2025-04-24T14:51:00,Menu del Día,1
2025-04-24T14:52:00,Menu del Día,2
2025-04-24T14:54:00,Menu del Día,1
2025-04-24T15:02:00,Menu del Día,1
2025-04-24T15:02:00,Seafood Paella (for 2),1
2025-04-24T15:02:00,Menu del Día,1
2025-04-24T15:02:00,Seafood Paella (for 2),1
2025-04-24T15:03:00,Menu del Día,1
2025-04-24T15:13:00,Menu del Día,2
2025-04-24T15:20:00,Seafood Paella (for 2),1
2025-04-24T15:21:00,Menu del Día,2
2025-04-24T15:21:00,Seafood Paella (for 2),1
2025-04-24T15:21:00,Menu del Día,1
2025-04-24T15:21:00,Seafood Paella (for 2),1
2025-04-24T15:25:00,Menu del Día,1
2025-04-24T15:29:00,Menu del Día,2
2025-04-24T15:35:00,Menu del Día,1
2025-04-24T15:41:00,Menu del Día,3
2025-04-24T15:41:00,Seafood Paella (for 2),1
2025-04-24T15:48:00,Menu del Día,2
2025-04-24T15:51:00,Menu del Día,2
2025-04-24T15:53:00,Menu del Día,1
2025-04-24T15:57:00,Menu del Día,1
2025-04-24T15:57:00,Seafood Paella (for 2),1
2025-04-24T15:57:00,Seafood Paella (for 2),1
2025-04-24T15:57:00,Seafood Paella (for 2),1
2025-04-24T15:59:00,Menu del Día,2
2025-04-24T16:29:00,Menu del Día,1
2025-04-24T16:29:00,Seafood Paella (for 2),1
2025-04-24T16:46:00,Menu del Día,1
2025-04-24T16:46:00,Seafood Paella (for 2),1
2025-04-24T16:51:00,Menu del Día,4
2025-04-24T16:51:00,Seafood Paella (for 2),1
2025-04-24T16:52:00,Menu del Día,3
2025-04-24T20:04:00,Tortilla Española,1
2025-04-24T20:04:00,Patatas Bravas,1
2025-04-24T20:04:00,Patatas Bravas,1
2025-04-24T20:04:00,Patatas Bravas,1
2025-04-24T20:04:00,Patatas Bravas,1
2025-04-24T20:04:00,Tortilla Española,1
2025-04-24T20:04:00,House Red Wine,1
2025-04-24T20:04:00,Mineral Water,1
2025-04-24T20:04:00,House Red Wine,1
2025-04-24T20:04:00,House Red Wine,1
2025-04-24T20:04:00,Tortilla Española,1
2025-04-24T20:04:00,Tortilla Española,1
2025-04-24T20:04:00,Tortilla Española,1
2025-04-24T20:04:00,Mineral Water,1
2025-04-24T20:04:00,Mineral Water,1
2025-04-24T20:04:00,Crema Catalana,1
2025-04-24T20:04:00,Crema Catalana,1
2025-04-24T20:07:00,Tortilla Española,1
2025-04-24T20:07:00,Patatas Bravas,1
2025-04-24T20:07:00,Tortilla Española,1
2025-04-24T20:07:00,Mineral Water,1
2025-04-24T20:07:00,House Red Wine,1
2025-04-24T20:07:00,Crema Catalana,1
2025-04-24T20:07:00,Crema Catalana,1
2025-04-24T20:09:00,Patatas Bravas,1
2025-04-24T20:09:00,Tortilla Española,1
2025-04-24T20:09:00,Tortilla Española,1
2025-04-24T20:09:00,House Red Wine,1
2025-04-24T20:09:00,Mineral Water,1
2025-04-24T20:15:00,Tortilla Española,1
2025-04-24T20:15:00,Tortilla Española,1
2025-04-24T20:15:00,Patatas Bravas,1
2025-04-24T20:15:00,House Red Wine,1
2025-04-24T20:15:00,House Red Wine,1
2025-04-24T20:16:00,Tortilla Española,1
2025-04-24T20:16:00,Patatas Bravas,1
2025-04-24T20:16:00,Tortilla Española,1
2025-04-24T20:16:00,Mineral Water,1
2025-04-24T20:16:00,Mineral Water,1
2025-04-24T20:16:00,Crema Catalana,1
2025-04-24T20:23:00,Patatas Bravas,1
2025-04-24T20:23:00,Tortilla Española,1
2025-04-24T20:23:00,Patatas Bravas,1
2025-04-24T20:23:00,Seafood Paella (for 2),1
2025-04-24T20:23:00,Mineral Water,1
2025-04-24T20:23:00,House Red Wine,1
2025-04-24T20:40:00,Tortilla Española,1
2025-04-24T20:40:00,Tortilla Española,1
2025-04-24T20:40:00,Patatas Bravas,1
2025-04-24T20:40:00,Tortilla Española,1
2025-04-24T20:40:00,Seafood Paella (for 2),1
2025-04-24T20:40:00,Mineral Water,1
2025-04-24T20:40:00,House Red Wine,1
2025-04-24T20:40:00,House Red Wine,1
2025-04-24T20:40:00,Crema Catalana,1
2025-04-24T20:40:00,Crema Catalana,1
2025-04-24T20:40:00,Crema Catalana,1
2025-04-24T20:43:00,Patatas Bravas,1
2025-04-24T20:43:00,Patatas Bravas,1
2025-04-24T20:43:00,Tortilla Española,1
2025-04-24T20:43:00,Seafood Paella (for 2),1
2025-04-24T20:43:00,Mineral Water,1
2025-04-24T20:43:00,Mineral Water,1
2025-04-24T20:47:00,Patatas Bravas,1
2025-04-24T20:47:00,Mineral Water,1
2025-04-24T20:47:00,Crema Catalana,1
2025-04-24T20:50:00,Tortilla Española,1
2025-04-24T20:50:00,Patatas Bravas,1
2025-04-24T20:50:00,Tortilla Española,1
2025-04-24T20:50:00,Tortilla Española,1
2025-04-24T20:50:00,Seafood Paella (for 2),1
2025-04-24T20:50:00,Mineral Water,1
2025-04-24T20:50:00,Mineral Water,1
2025-04-24T20:50:00,House Red Wine,1
2025-04-24T20:51:00,Tortilla Española,1
2025-04-24T20:51:00,Tortilla Española,1
2025-04-24T20:51:00,Patatas Bravas,1
2025-04-24T20:51:00,House Red Wine,1
2025-04-24T20:51:00,House Red Wine,1
2025-04-24T21:00:00,Patatas Bravas,1
2025-04-24T21:00:00,Tortilla Española,1
2025-04-24T21:00:00,Patatas Bravas,1
2025-04-24T21:00:00,Patatas Bravas,1
2025-04-24T21:00:00,House Red Wine,1
2025-04-24T21:00:00,House Red Wine,1
2025-04-24T21:00:00,Mineral Water,1
2025-04-24T21:00:00,Crema Catalana,1
2025-04-25T13:02:00,Patatas Bravas,1
2025-04-25T13:02:00,Patatas Bravas,1
2025-04-25T13:02:00,Tortilla Española,1
2025-04-25T13:02:00,House Red Wine,1
2025-04-25T13:02:00,Mineral Water,1
2025-04-25T13:02:00,Crema Catalana,1
2025-04-25T13:05:00,Tortilla Española,1
2025-04-25T13:05:00,Patatas Bravas,1
2025-04-25T13:05:00,Patatas Bravas,1
2025-04-25T13:05:00,Seafood Paella (for 2),1
2025-04-25T13:05:00,Mineral Water,1
2025-04-25T13:05:00,Mineral Water,1
2025-04-25T13:05:00,Crema Catalana,1
2025-04-25T13:05:00,Crema Catalana,1
2025-04-25T13:06:00,Patatas Bravas,1
2025-04-25T13:06:00,Patatas Bravas,1
2025-04-25T13:06:00,Tortilla Española,1
2025-04-25T13:06:00,Tortilla Española,1
2025-04-25T13:06:00,Seafood Paella (for 2),1
2025-04-25T13:06:00,Mineral Water,1
2025-04-25T13:06:00,House Red Wine,1
2025-04-25T13:06:00,House Red Wine,1
2025-04-25T13:06:00,Crema Catalana,1
2025-04-25T13:09:00,Tortilla Española,1
2025-04-25T13:09:00,House Red Wine,1
2025-04-25T13:09:00,Crema Catalana,1
2025-04-25T13:11:00,Tortilla Española,1
2025-04-25T13:11:00,Patatas Bravas,1
2025-04-25T13:11:00,Patatas Bravas,1
2025-04-25T13:11:00,Seafood Paella (for 2),1
2025-04-25T13:11:00,Mineral Water,1
2025-04-25T13:11:00,Mineral Water,1
2025-04-25T13:11:00,Crema Catalana,1
2025-04-25T13:12:00,Patatas Bravas,1
2025-04-25T13:12:00,Tortilla Española,1
2025-04-25T13:12:00,Patatas Bravas,1
2025-04-25T13:12:00,Seafood Paella (for 2),1
2025-04-25T13:12:00,House Red Wine,1
2025-04-25T13:12:00,House Red Wine,1
2025-04-25T13:12:00,Crema Catalana,1
2025-04-25T13:17:00,Patatas Bravas,1
2025-04-25T13:17:00,Patatas Bravas,1
2025-04-25T13:17:00,Patatas Bravas,1
2025-04-25T13:17:00,Patatas Bravas,1
2025-04-25T13:17:00,Patatas Bravas,1
2025-04-25T13:17:00,Tortilla Española,1
2025-04-25T13:17:00,Seafood Paella (for 2),1
2025-04-25T13:17:00,Mineral Water,1
2025-04-25T13:17:00,House Red Wine,1
2025-04-25T13:17:00,House Red Wine,1
2025-04-25T13:17:00,Mineral Water,1
2025-04-25T13:21:00,Patatas Bravas,1
2025-04-25T13:21:00,Patatas Bravas,1
2025-04-25T13:21:00,Patatas Bravas,1
2025-04-25T13:21:00,Seafood Paella (for 2),1
2025-04-25T13:21:00,House Red Wine,1
2025-04-25T13:21:00,House Red Wine,1
2025-04-25T13:31:00,Tortilla Española,1
2025-04-25T13:31:00,Patatas Bravas,1
2025-04-25T13:31:00,Patatas Bravas,1
2025-04-25T13:31:00,House Red Wine,1
2025-04-25T13:31:00,Mineral Water,1
2025-04-25T13:31:00,Patatas Bravas,1
2025-04-25T13:31:00,Patatas Bravas,1
2025-04-25T13:31:00,Tortilla Española,1
2025-04-25T13:31:00,Patatas Bravas,1
2025-04-25T13:31:00,House Red Wine,1
2025-04-25T13:31:00,Mineral Water,1
2025-04-25T13:31:00,Mineral Water,1
2025-04-25T13:31:00,Crema Catalana,1
2025-04-25T13:31:00,Crema Catalana,1
2025-04-25T13:46:00,Patatas Bravas,1
2025-04-25T13:46:00,Patatas Bravas,1
2025-04-25T13:46:00,Tortilla Española,1
2025-04-25T13:46:00,Tortilla Española,1
2025-04-25T13:46:00,House Red Wine,1
2025-04-25T13:46:00,Mineral Water,1
2025-04-25T13:46:00,Mineral Water,1
2025-04-25T13:50:00,Patatas Bravas,1
2025-04-25T13:50:00,Tortilla Española,1
2025-04-25T13:50:00,Patatas Bravas,1
2025-04-25T13:50:00,Seafood Paella (for 2),1
2025-04-25T13:50:00,House Red Wine,1
2025-04-25T13:50:00,House Red Wine,1
2025-04-25T13:50:00,Crema Catalana,1
2025-04-25T13:50:00,Crema Catalana,1
2025-04-25T13:54:00,Patatas Bravas,1
2025-04-25T13:54:00,Patatas Bravas,1
2025-04-25T13:54:00,Tortilla Española,1
2025-04-25T13:54:00,Patatas Bravas,1
2025-04-25T13:54:00,House Red Wine,1
2025-04-25T13:54:00,House Red Wine,1
2025-04-25T13:54:00,House Red Wine,1
2025-04-25T13:54:00,Crema Catalana,1
2025-04-25T13:54:00,Crema Catalana,1
2025-04-25T13:58:00,Tortilla Española,1
2025-04-25T13:58:00,Tortilla Española,1
2025-04-25T13:58:00,Tortilla Española,1
2025-04-25T13:58:00,Seafood Paella (for 2),1
2025-04-25T13:58:00,House Red Wine,1
2025-04-25T13:58:00,Mineral Water,1
2025-04-25T13:58:00,Crema Catalana,1
2025-04-25T14:01:00,Tortilla Española,1
2025-04-25T14:01:00,Patatas Bravas,1
2025-04-25T14:01:00,Patatas Bravas,1
2025-04-25T14:01:00,Tortilla Española,1
2025-04-25T14:01:00,House Red Wine,1
2025-04-25T14:01:00,Mineral Water,1
2025-04-25T14:01:00,House Red Wine,1
2025-04-25T14:08:00,Tortilla Española,1
2025-04-25T14:08:00,Tortilla Española,1
2025-04-25T14:08:00,Patatas Bravas,1
2025-04-25T14:08:00,Patatas Bravas,1
2025-04-25T14:08:00,Patatas Bravas,1
2025-04-25T14:08:00,Tortilla Española,1
2025-04-25T14:08:00,Seafood Paella (for 2),1
2025-04-25T14:08:00,Mineral Water,1
2025-04-25T14:08:00,House Red Wine,1
2025-04-25T14:08:00,Mineral Water,1
2025-04-25T14:08:00,Mineral Water,1
2025-04-25T14:11:00,Tortilla Española,1
2025-04-25T14:11:00,Tortilla Española,1
2025-04-25T14:11:00,Tortilla Española,1
2025-04-25T14:11:00,Mineral Water,1
2025-04-25T14:11:00,Mineral Water,1
2025-04-25T14:11:00,Crema Catalana,1
2025-04-25T14:11:00,Crema Catalana,1
2025-04-25T14:12:00,Patatas Bravas,1
2025-04-25T14:12:00,Mineral Water,1
2025-04-25T14:12:00,Crema Catalana,1
2025-04-25T14:14:00,Patatas Bravas,1
2025-04-25T14:14:00,Tortilla Española,1
2025-04-25T14:14:00,Patatas Bravas,1
2025-04-25T14:14:00,Mineral Water,1
2025-04-25T14:14:00,Mineral Water,1
2025-04-25T14:15:00,Patatas Bravas,1
2025-04-25T14:15:00,Patatas Bravas,1
2025-04-25T14:15:00,Tortilla Española,1
2025-04-25T14:15:00,Patatas Bravas,1
2025-04-25T14:15:00,Mineral Water,1
2025-04-25T14:15:00,House Red Wine,1
2025-04-25T14:15:00,Mineral Water,1
2025-04-25T14:15:00,Crema Catalana,1
2025-04-25T14:20:00,Tortilla Española,1
2025-04-25T14:20:00,Tortilla Española,1
2025-04-25T14:20:00,Tortilla Española,1
2025-04-25T14:20:00,House Red Wine,1
2025-04-25T14:20:00,House Red Wine,1
2025-04-25T14:20:00,Crema Catalana,1
2025-04-25T14:20:00,Crema Catalana,1
2025-04-25T14:21:00,Tortilla Española,1
2025-04-25T14:21:00,Patatas Bravas,1
2025-04-25T14:21:00,Patatas Bravas,1
2025-04-25T14:21:00,Mineral Water,1
2025-04-25T14:21:00,House Red Wine,1
2025-04-25T14:25:00,Tortilla Española,1
2025-04-25T14:25:00,Patatas Bravas,1
2025-04-25T14:25:00,Tortilla Española,1
2025-04-25T14:25:00,House Red Wine,1
2025-04-25T14:25:00,Mineral Water,1
2025-04-25T14:29:00,Tortilla Española,1
2025-04-25T14:29:00,Tortilla Española,1
2025-04-25T14:29:00,Patatas Bravas,1
2025-04-25T14:29:00,Mineral Water,1
2025-04-25T14:29:00,House Red Wine,1
2025-04-25T14:32:00,Patatas Bravas,1
2025-04-25T14:32:00,Tortilla Española,1
2025-04-25T14:32:00,Patatas Bravas,1
2025-04-25T14:32:00,Tortilla Española,1
2025-04-25T14:32:00,Patatas Bravas,1
2025-04-25T14:32:00,Patatas Bravas,1
2025-04-25T14:32:00,Mineral Water,1
2025-04-25T14:32:00,Mineral Water,1
2025-04-25T14:32:00,House Red Wine,1
2025-04-25T14:32:00,House Red Wine,1
2025-04-25T14:32:00,Patatas Bravas,1
2025-04-25T14:32:00,House Red Wine,1
2025-04-25T14:38:00,Patatas Bravas,1
2025-04-25T14:38:00,Patatas Bravas,1
2025-04-25T14:38:00,Tortilla Española,1
2025-04-25T14:38:00,House Red Wine,1
2025-04-25T14:38:00,Mineral Water,1
2025-04-25T14:38:00,Crema Catalana,1
2025-04-25T14:38:00,Crema Catalana,1
2025-04-25T14:45:00,Patatas Bravas,1
2025-04-25T14:45:00,Tortilla Española,1
2025-04-25T14:45:00,Tortilla Española,1
2025-04-25T14:45:00,Patatas Bravas,1
2025-04-25T14:45:00,House Red Wine,1
2025-04-25T14:45:00,Mineral Water,1
2025-04-25T14:45:00,House Red Wine,1
2025-04-25T14:47:00,Tortilla Española,1
2025-04-25T14:47:00,Patatas Bravas,1
2025-04-25T14:47:00,Patatas Bravas,1
2025-04-25T14:47:00,House Red Wine,1
2025-04-25T14:47:00,Mineral Water,1
2025-04-25T14:52:00,Tortilla Española,1
2025-04-25T14:52:00,Patatas Bravas,1
2025-04-25T14:52:00,Tortilla Española,1
2025-04-25T14:52:00,Patatas Bravas,1
2025-04-25T14:52:00,Seafood Paella (for 2),1
2025-04-25T14:52:00,Mineral Water,1
2025-04-25T14:52:00,Mineral Water,1
2025-04-25T14:52:00,Mineral Water,1
2025-04-25T14:52:00,Crema Catalana,1
2025-04-25T14:53:00,Tortilla Española,1
2025-04-25T14:53:00,Tortilla Española,1
2025-04-25T14:53:00,Tortilla Española,1
2025-04-25T14:53:00,Patatas Bravas,1
2025-04-25T14:53:00,Seafood Paella (for 2),1
2025-04-25T14:53:00,Mineral Water,1
2025-04-25T14:53:00,Mineral Water,1
2025-04-25T14:53:00,Mineral Water,1
2025-04-25T15:11:00,Patatas Bravas,1
2025-04-25T15:11:00,Mineral Water,1
2025-04-26T13:01:00,Patatas Bravas,1
2025-04-26T13:01:00,Patatas Bravas,1
2025-04-26T13:01:00,Patatas Bravas,1
2025-04-26T13:01:00,Seafood Paella (for 2),1
2025-04-26T13:01:00,House Red Wine,1
2025-04-26T13:01:00,Mineral Water,1
2025-04-26T13:11:00,Tortilla Española,1
2025-04-26T13:11:00,Tortilla Española,1
2025-04-26T13:11:00,Patatas Bravas,1
2025-04-26T13:11:00,Seafood Paella (for 2),1
2025-04-26T13:11:00,Mineral Water,1
2025-04-26T13:11:00,House Red Wine,1
2025-04-26T13:15:00,Tortilla Española,1
2025-04-26T13:15:00,Patatas Bravas,1
2025-04-26T13:15:00,Patatas Bravas,1
2025-04-26T13:15:00,Seafood Paella (for 2),1
2025-04-26T13:15:00,House Red Wine,1
2025-04-26T13:15:00,House Red Wine,1
2025-04-26T13:22:00,Tortilla Española,1
2025-04-26T13:22:00,Mineral Water,1
2025-04-26T13:37:00,Patatas Bravas,1
2025-04-26T13:37:00,Patatas Bravas,1
2025-04-26T13:37:00,Patatas Bravas,1
2025-04-26T13:37:00,House Red Wine,1
2025-04-26T13:37:00,House Red Wine,1
2025-04-26T13:47:00,Patatas Bravas,1
2025-04-26T13:47:00,Patatas Bravas,1
2025-04-26T13:47:00,Patatas Bravas,1
2025-04-26T13:47:00,Mineral Water,1
2025-04-26T13:47:00,Mineral Water,1
2025-04-26T13:47:00,Crema Catalana,1
2025-04-26T13:47:00,Tortilla Española,1
2025-04-26T13:47:00,Patatas Bravas,1
2025-04-26T13:47:00,Tortilla Española,1
2025-04-26T13:47:00,Seafood Paella (for 2),1
2025-04-26T13:47:00,House Red Wine,1
2025-04-26T13:47:00,Mineral Water,1
2025-04-26T14:02:00,Patatas Bravas,1
2025-04-26T14:02:00,Tortilla Española,1
2025-04-26T14:02:00,Tortilla Española,1
2025-04-26T14:02:00,Mineral Water,1
2025-04-26T14:02:00,House Red Wine,1
2025-04-26T14:02:00,Crema Catalana,1
2025-04-26T14:02:00,Crema Catalana,1
2025-04-26T14:05:00,Patatas Bravas,1
2025-04-26T14:05:00,Mineral Water,1
2025-04-26T14:05:00,Crema Catalana,1
2025-04-26T14:07:00,Tortilla Española,1
2025-04-26T14:07:00,Patatas Bravas,1
2025-04-26T14:07:00,Tortilla Española,1
2025-04-26T14:07:00,Tortilla Española,1
2025-04-26T14:07:00,Patatas Bravas,1
2025-04-26T14:07:00,Tortilla Española,1
2025-04-26T14:07:00,Seafood Paella (for 2),1
2025-04-26T14:07:00,House Red Wine,1
2025-04-26T14:07:00,House Red Wine,1
2025-04-26T14:07:00,Mineral Water,1
2025-04-26T14:07:00,House Red Wine,1
2025-04-26T14:07:00,Crema Catalana,1
2025-04-26T14:07:00,Crema Catalana,1
2025-04-26T14:07:00,Crema Catalana,1
2025-04-26T14:07:00,Crema Catalana,1
2025-04-26T14:11:00,Tortilla Española,1
2025-04-26T14:11:00,Patatas Bravas,1
2025-04-26T14:11:00,Tortilla Española,1
2025-04-26T14:11:00,Mineral Water,1
2025-04-26T14:11:00,House Red Wine,1
2025-04-26T14:11:00,Crema Catalana,1
2025-04-26T14:11:00,Crema Catalana,1
2025-04-26T14:12:00,Patatas Bravas,1
2025-04-26T14:12:00,Patatas Bravas,1
2025-04-26T14:12:00,Patatas Bravas,1
2025-04-26T14:12:00,Patatas Bravas,1
2025-04-26T14:12:00,House Red Wine,1
2025-04-26T14:12:00,Mineral Water,1
2025-04-26T14:12:00,House Red Wine,1
2025-04-26T14:13:00,Tortilla Española,1
2025-04-26T14:13:00,House Red Wine,1
2025-04-26T14:14:00,Patatas Bravas,1
2025-04-26T14:14:00,Tortilla Española,1
2025-04-26T14:14:00,Tortilla Española,1
2025-04-26T14:14:00,Patatas Bravas,1
2025-04-26T14:14:00,Tortilla Española,1
2025-04-26T14:14:00,Patatas Bravas,1
2025-04-26T14:14:00,Seafood Paella (for 2),1
2025-04-26T14:14:00,Mineral Water,1
2025-04-26T14:14:00,House Red Wine,1
2025-04-26T14:14:00,House Red Wine,1
2025-04-26T14:14:00,Mineral Water,1
2025-04-26T14:18:00,Tortilla Española,1
2025-04-26T14:18:00,Patatas Bravas,1
2025-04-26T14:18:00,Tortilla Española,1
2025-04-26T14:18:00,House Red Wine,1
2025-04-26T14:18:00,House Red Wine,1
2025-04-26T14:18:00,Crema Catalana,1
2025-04-26T14:20:00,Patatas Bravas,1
2025-04-26T14:20:00,Tortilla Española,1
2025-04-26T14:20:00,Tortilla Española,1
2025-04-26T14:20:00,Seafood Paella (for 2),1
2025-04-26T14:20:00,Mineral Water,1
2025-04-26T14:20:00,House Red Wine,1
2025-04-26T14:20:00,Crema Catalana,1
2025-04-26T14:20:00,Crema Catalana,1
2025-04-26T14:21:00,Tortilla Española,1
2025-04-26T14:21:00,Seafood Paella (for 2),1
2025-04-26T14:21:00,Mineral Water,1
2025-04-26T14:21:00,Crema Catalana,1
2025-04-26T14:22:00,Patatas Bravas,1
2025-04-26T14:22:00,Patatas Bravas,1
2025-04-26T14:22:00,Tortilla Española,1
2025-04-26T14:22:00,Patatas Bravas,1
2025-04-26T14:22:00,House Red Wine,1
2025-04-26T14:22:00,Mineral Water,1
2025-04-26T14:22:00,Mineral Water,1
2025-04-26T14:23:00,Patatas Bravas,1
2025-04-26T14:23:00,Patatas Bravas,1
2025-04-26T14:23:00,Patatas Bravas,1
2025-04-26T14:23:00,Mineral Water,1
2025-04-26T14:23:00,House Red Wine,1
2025-04-26T14:24:00,Tortilla Española,1
2025-04-26T14:24:00,Tortilla Española,1
2025-04-26T14:24:00,Patatas Bravas,1
2025-04-26T14:24:00,House Red Wine,1
2025-04-26T14:24:00,House Red Wine,1
2025-04-26T14:25:00,Patatas Bravas,1
2025-04-26T14:25:00,Tortilla Española,1
2025-04-26T14:25:00,Tortilla Española,1
2025-04-26T14:25:00,Patatas Bravas,1
2025-04-26T14:25:00,Seafood Paella (for 2),1
2025-04-26T14:25:00,House Red Wine,1
2025-04-26T14:25:00,Mineral Water,1
2025-04-26T14:25:00,House Red Wine,1
2025-04-26T14:25:00,Tortilla Española,1
2025-04-26T14:25:00,Patatas Bravas,1
2025-04-26T14:25:00,Patatas Bravas,1
2025-04-26T14:25:00,Mineral Water,1
2025-04-26T14:25:00,House Red Wine,1
2025-04-26T14:25:00,Patatas Bravas,1
2025-04-26T14:25:00,Patatas Bravas,1
2025-04-26T14:25:00,Patatas Bravas,1
2025-04-26T14:25:00,Seafood Paella (for 2),1
2025-04-26T14:25:00,Mineral Water,1
2025-04-26T14:25:00,House Red Wine,1
2025-04-26T14:25:00,Crema Catalana,1
2025-04-26T14:25:00,Crema Catalana,1
2025-04-26T14:32:00,Tortilla Española,1
2025-04-26T14:32:00,Tortilla Española,1
2025-04-26T14:32:00,Patatas Bravas,1
2025-04-26T14:32:00,Seafood Paella (for 2),1
2025-04-26T14:32:00,House Red Wine,1
2025-04-26T14:32:00,House Red Wine,1
2025-04-26T14:32:00,Patatas Bravas,1
2025-04-26T14:32:00,Tortilla Española,1
2025-04-26T14:32:00,Tortilla Española,1
2025-04-26T14:32:00,Mineral Water,1
2025-04-26T14:32:00,Mineral Water,1
2025-04-26T14:34:00,Tortilla Española,1
2025-04-26T14:34:00,Tortilla Española,1
2025-04-26T14:34:00,Tortilla Española,1
2025-04-26T14:34:00,Mineral Water,1
2025-04-26T14:34:00,House Red Wine,1
2025-04-26T14:34:00,Patatas Bravas,1
2025-04-26T14:34:00,Tortilla Española,1
2025-04-26T14:34:00,Patatas Bravas,1
2025-04-26T14:34:00,Mineral Water,1
2025-04-26T14:34:00,Mineral Water,1
2025-04-26T14:34:00,Crema Catalana,1
2025-04-26T14:34:00,Patatas Bravas,1
2025-04-26T14:34:00,Tortilla Española,1
2025-04-26T14:34:00,Tortilla Española,1
2025-04-26T14:34:00,Tortilla Española,1
2025-04-26T14:34:00,House Red Wine,1
2025-04-26T14:34:00,Mineral Water,1
2025-04-26T14:34:00,House Red Wine,1
2025-04-26T14:36:00,Patatas Bravas,1
2025-04-26T14:36:00,Patatas Bravas,1
2025-04-26T14:36:00,Patatas Bravas,1
2025-04-26T14:36:00,House Red Wine,1
2025-04-26T14:36:00,House Red Wine,1
2025-04-26T14:36:00,Tortilla Española,1
2025-04-26T14:36:00,Patatas Bravas,1
2025-04-26T14:36:00,Tortilla Española,1
2025-04-26T14:36:00,Seafood Paella (for 2),1
2025-04-26T14:36:00,Mineral Water,1
2025-04-26T14:36:00,Mineral Water,1
2025-04-26T14:36:00,Crema Catalana,1
2025-04-26T14:36:00,Crema Catalana,1
2025-04-26T14:37:00,Patatas Bravas,1
2025-04-26T14:37:00,Patatas Bravas,1
2025-04-26T14:37:00,Patatas Bravas,1
2025-04-26T14:37:00,Mineral Water,1
2025-04-26T14:37:00,House Red Wine,1
2025-04-26T14:38:00,Tortilla Española,1
2025-04-26T14:38:00,Patatas Bravas,1
2025-04-26T14:38:00,Patatas Bravas,1
2025-04-26T14:38:00,Mineral Water,1
2025-04-26T14:38:00,House Red Wine,1
2025-04-26T14:38:00,Crema Catalana,1
2025-04-26T14:38:00,Crema Catalana,1
2025-04-26T14:39:00,Patatas Bravas,1
2025-04-26T14:39:00,Tortilla Española,1
2025-04-26T14:39:00,Tortilla Española,1
2025-04-26T14:39:00,Mineral Water,1
2025-04-26T14:39:00,House Red Wine,1
2025-04-26T14:39:00,Crema Catalana,1
2025-04-26T14:40:00,Patatas Bravas,1
2025-04-26T14:40:00,Tortilla Española,1
2025-04-26T14:40:00,Patatas Bravas,1
2025-04-26T14:40:00,Seafood Paella (for 2),1
2025-04-26T14:40:00,House Red Wine,1
2025-04-26T14:40:00,Mineral Water,1
2025-04-26T14:40:00,Crema Catalana,1
2025-04-26T14:40:00,Crema Catalana,1
2025-04-26T14:57:00,Tortilla Española,1
2025-04-26T14:57:00,Mineral Water,1
2025-04-27T13:03:00,Tortilla Española,1
2025-04-27T13:03:00,Patatas Bravas,1
2025-04-27T13:03:00,Patatas Bravas,1
2025-04-27T13:03:00,Patatas Bravas,1
2025-04-27T13:03:00,Tortilla Española,1
2025-04-27T13:03:00,Tortilla Española,1
2025-04-27T13:03:00,House Red Wine,1
2025-04-27T13:03:00,House Red Wine,1
2025-04-27T13:03:00,Mineral Water,1
2025-04-27T13:03:00,Mineral Water,1
2025-04-27T13:03:00,Crema Catalana,1
2025-04-27T13:03:00,Crema Catalana,1
2025-04-27T13:03:00,Crema Catalana,1
2025-04-27T13:03:00,Tortilla Española,1
2025-04-27T13:03:00,Mineral Water,1
2025-04-27T13:03:00,Crema Catalana,1
2025-04-27T13:07:00,Patatas Bravas,1
2025-04-27T13:07:00,Tortilla Española,1
2025-04-27T13:07:00,Patatas Bravas,1
2025-04-27T13:07:00,Patatas Bravas,1
2025-04-27T13:07:00,Mineral Water,1
2025-04-27T13:07:00,House Red Wine,1
2025-04-27T13:07:00,House Red Wine,1
2025-04-27T13:07:00,Crema Catalana,1
2025-04-27T13:07:00,Crema Catalana,1
2025-04-27T13:07:00,Crema Catalana,1
2025-04-27T13:08:00,Tortilla Española,1
2025-04-27T13:08:00,Tortilla Española,1
2025-04-27T13:08:00,Patatas Bravas,1
2025-04-27T13:08:00,House Red Wine,1
2025-04-27T13:08:00,Mineral Water,1
2025-04-27T13:08:00,Crema Catalana,1
2025-04-27T13:08:00,Crema Catalana,1
2025-04-27T13:10:00,Patatas Bravas,1
2025-04-27T13:10:00,Patatas Bravas,1
2025-04-27T13:10:00,Tortilla Española,1
2025-04-27T13:10:00,Mineral Water,1
2025-04-27T13:10:00,Mineral Water,1
2025-04-27T13:20:00,Patatas Bravas,1
2025-04-27T13:20:00,Tortilla Española,1
2025-04-27T13:20:00,Patatas Bravas,1
2025-04-27T13:20:00,Tortilla Española,1
2025-04-27T13:20:00,Tortilla Española,1
2025-04-27T13:20:00,Patatas Bravas,1
2025-04-27T13:20:00,House Red Wine,1
2025-04-27T13:20:00,Mineral Water,1
2025-04-27T13:20:00,Mineral Water,1
2025-04-27T13:20:00,Mineral Water,1
2025-04-27T13:21:00,Patatas Bravas,1
2025-04-27T13:21:00,Tortilla Española,1
2025-04-27T13:21:00,Patatas Bravas,1
2025-04-27T13:21:00,Tortilla Española,1
2025-04-27T13:21:00,Seafood Paella (for 2),1
2025-04-27T13:21:00,House Red Wine,1
2025-04-27T13:21:00,House Red Wine,1
2025-04-27T13:21:00,House Red Wine,1
2025-04-27T13:21:00,Tortilla Española,1
2025-04-27T13:21:00,Mineral Water,1
2025-04-27T13:21:00,Crema Catalana,1
2025-04-27T13:23:00,Patatas Bravas,1
2025-04-27T13:23:00,Tortilla Española,1
2025-04-27T13:23:00,Tortilla Española,1
2025-04-27T13:23:00,Mineral Water,1
2025-04-27T13:23:00,Mineral Water,1
2025-04-27T13:23:00,Crema Catalana,1
2025-04-27T13:23:00,Crema Catalana,1
2025-04-27T13:31:00,Tortilla Española,1
2025-04-27T13:31:00,Patatas Bravas,1
2025-04-27T13:31:00,Tortilla Española,1
2025-04-27T13:31:00,Patatas Bravas,1
2025-04-27T13:31:00,Seafood Paella (for 2),1
2025-04-27T13:31:00,Mineral Water,1
2025-04-27T13:31:00,Mineral Water,1
2025-04-27T13:31:00,House Red Wine,1
2025-04-27T13:43:00,Patatas Bravas,1
2025-04-27T13:43:00,Patatas Bravas,1
2025-04-27T13:43:00,Tortilla Española,1
2025-04-27T13:43:00,Tortilla Española,1
2025-04-27T13:43:00,Tortilla Española,1
2025-04-27T13:43:00,Patatas Bravas,1
2025-04-27T13:43:00,Seafood Paella (for 2),1
2025-04-27T13:43:00,House Red Wine,1
2025-04-27T13:43:00,Mineral Water,1
2025-04-27T13:43:00,Mineral Water,1
2025-04-27T13:43:00,House Red Wine,1
2025-04-27T13:45:00,Tortilla Española,1
2025-04-27T13:45:00,Tortilla Española,1
2025-04-27T13:45:00,Tortilla Española,1
2025-04-27T13:45:00,Tortilla Española,1
2025-04-27T13:45:00,House Red Wine,1
2025-04-27T13:45:00,Mineral Water,1
2025-04-27T13:45:00,Mineral Water,1
2025-04-27T13:53:00,Patatas Bravas,1
2025-04-27T13:53:00,Patatas Bravas,1
2025-04-27T13:53:00,Patatas Bravas,1
2025-04-27T13:53:00,Tortilla Española,1
2025-04-27T13:53:00,Tortilla Española,1
2025-04-27T13:53:00,Tortilla Española,1
2025-04-27T13:53:00,House Red Wine,1
2025-04-27T13:53:00,House Red Wine,1
2025-04-27T13:53:00,House Red Wine,1
2025-04-27T13:53:00,House Red Wine,1
2025-04-27T13:53:00,Crema Catalana,1
2025-04-27T13:53:00,Crema Catalana,1
2025-04-27T13:53:00,Crema Catalana,1
2025-04-27T13:54:00,Tortilla Española,1
2025-04-27T13:54:00,Tortilla Española,1
2025-04-27T13:54:00,Tortilla Española,1
2025-04-27T13:54:00,Tortilla Española,1
2025-04-27T13:54:00,House Red Wine,1
2025-04-27T13:54:00,Mineral Water,1
2025-04-27T13:54:00,Mineral Water,1
2025-04-27T13:54:00,Patatas Bravas,1
2025-04-27T13:54:00,Tortilla Española,1
2025-04-27T13:54:00,Tortilla Española,1
2025-04-27T13:54:00,Patatas Bravas,1
2025-04-27T13:54:00,Seafood Paella (for 2),1
2025-04-27T13:54:00,House Red Wine,1
2025-04-27T13:54:00,House Red Wine,1
2025-04-27T13:54:00,Mineral Water,1
2025-04-27T13:59:00,Patatas Bravas,1
2025-04-27T13:59:00,Patatas Bravas,1
2025-04-27T13:59:00,Patatas Bravas,1
2025-04-27T13:59:00,Seafood Paella (for 2),1
2025-04-27T13:59:00,Mineral Water,1
2025-04-27T13:59:00,House Red Wine,1
2025-04-27T13:59:00,Crema Catalana,1
2025-04-27T13:59:00,Crema Catalana,1
2025-04-27T14:02:00,Tortilla Española,1
2025-04-27T14:02:00,Patatas Bravas,1
2025-04-27T14:02:00,Tortilla Española,1
2025-04-27T14:02:00,House Red Wine,1
2025-04-27T14:02:00,Mineral Water,1
2025-04-27T14:03:00,Patatas Bravas,1
2025-04-27T14:03:00,Tortilla Española,1
2025-04-27T14:03:00,Patatas Bravas,1
2025-04-27T14:03:00,House Red Wine,1
2025-04-27T14:03:00,Mineral Water,1
2025-04-27T14:03:00,Crema Catalana,1
2025-04-27T14:07:00,Patatas Bravas,1
2025-04-27T14:07:00,Tortilla Española,1
2025-04-27T14:07:00,Tortilla Española,1
2025-04-27T14:07:00,Patatas Bravas,1
2025-04-27T14:07:00,Tortilla Española,1
2025-04-27T14:07:00,Patatas Bravas,1
2025-04-27T14:07:00,Seafood Paella (for 2),1
2025-04-27T14:07:00,Mineral Water,1
2025-04-27T14:07:00,Mineral Water,1
2025-04-27T14:07:00,Mineral Water,1
2025-04-27T14:07:00,House Red Wine,1
2025-04-27T14:07:00,Crema Catalana,1
2025-04-27T14:07:00,Patatas Bravas,1
2025-04-27T14:07:00,Tortilla Española,1
2025-04-27T14:07:00,Tortilla Española,1
2025-04-27T14:07:00,House Red Wine,1
2025-04-27T14:07:00,House Red Wine,1
2025-04-27T14:07:00,Crema Catalana,1
2025-04-27T14:08:00,Tortilla Española,1
2025-04-27T14:08:00,Patatas Bravas,1
2025-04-27T14:08:00,Tortilla Española,1
2025-04-27T14:08:00,House Red Wine,1
2025-04-27T14:08:00,House Red Wine,1
2025-04-27T14:08:00,Crema Catalana,1
2025-04-27T14:08:00,Crema Catalana,1
2025-04-27T14:09:00,Patatas Bravas,1
2025-04-27T14:09:00,Tortilla Española,1
2025-04-27T14:09:00,Tortilla Española,1
2025-04-27T14:09:00,House Red Wine,1
2025-04-27T14:09:00,House Red Wine,1
2025-04-27T14:11:00,Patatas Bravas,1
2025-04-27T14:11:00,Tortilla Española,1
2025-04-27T14:11:00,Patatas Bravas,1
2025-04-27T14:11:00,Patatas Bravas,1
2025-04-27T14:11:00,Patatas Bravas,1
2025-04-27T14:11:00,Patatas Bravas,1
2025-04-27T14:11:00,Seafood Paella (for 2),1
2025-04-27T14:11:00,House Red Wine,1
2025-04-27T14:11:00,Mineral Water,1
2025-04-27T14:11:00,House Red Wine,1
2025-04-27T14:11:00,Mineral Water,1
2025-04-27T14:11:00,Crema Catalana,1
2025-04-27T14:11:00,Crema Catalana,1
2025-04-27T14:11:00,Tortilla Española,1
2025-04-27T14:11:00,Patatas Bravas,1
2025-04-27T14:11:00,Tortilla Española,1
2025-04-27T14:11:00,Seafood Paella (for 2),1
2025-04-27T14:11:00,Mineral Water,1
2025-04-27T14:11:00,Mineral Water,1
2025-04-27T14:11:00,Crema Catalana,1
2025-04-27T14:11:00,Crema Catalana,1
2025-04-27T14:13:00,Tortilla Española,1
2025-04-27T14:13:00,Patatas Bravas,1
2025-04-27T14:13:00,Patatas Bravas,1
2025-04-27T14:13:00,Seafood Paella (for 2),1
2025-04-27T14:13:00,House Red Wine,1
2025-04-27T14:13:00,Mineral Water,1
2025-04-27T14:18:00,Tortilla Española,1
2025-04-27T14:18:00,Patatas Bravas,1
2025-04-27T14:18:00,Patatas Bravas,1
2025-04-27T14:18:00,Seafood Paella (for 2),1
2025-04-27T14:18:00,Mineral Water,1
2025-04-27T14:18:00,Mineral Water,1
2025-04-27T14:21:00,Tortilla Española,1
2025-04-27T14:21:00,House Red Wine,1
2025-04-27T14:21:00,Crema Catalana,1
2025-04-27T14:22:00,Patatas Bravas,1
2025-04-27T14:22:00,Tortilla Española,1
2025-04-27T14:22:00,Tortilla Española,1
2025-04-27T14:22:00,Tortilla Española,1
2025-04-27T14:22:00,Tortilla Española,1
2025-04-27T14:22:00,Tortilla Española,1
2025-04-27T14:22:00,House Red Wine,1
2025-04-27T14:22:00,House Red Wine,1
2025-04-27T14:22:00,Mineral Water,1
2025-04-27T14:22:00,House Red Wine,1
2025-04-28T13:00:00,Menu del Día,2
2025-04-28T13:00:00,Seafood Paella (for 2),1
2025-04-28T13:29:00,Menu del Día,2
2025-04-28T13:32:00,Menu del Día,1
2025-04-28T13:32:00,Seafood Paella (for 2),1
2025-04-28T13:32:00,Seafood Paella (for 2),1
2025-04-28T13:42:00,Menu del Día,3
2025-04-28T13:43:00,Menu del Día,1
2025-04-28T13:54:00,Menu del Día,1
2025-04-28T14:05:00,Menu del Día,1
2025-04-28T14:05:00,Seafood Paella (for 2),1
2025-04-28T14:07:00,Menu del Día,1
2025-04-28T14:07:00,Seafood Paella (for 2),1
2025-04-28T14:07:00,Seafood Paella (for 2),1
2025-04-28T14:08:00,Menu del Día,2
2025-04-28T14:08:00,Seafood Paella (for 2),1
2025-04-28T14:08:00,Seafood Paella (for 2),1
2025-04-28T14:08:00,Seafood Paella (for 2),1
2025-04-28T14:08:00,Menu del Día,1
2025-04-28T14:08:00,Seafood Paella (for 2),1
2025-04-28T14:08:00,Menu del Día,2
2025-04-28T14:08:00,Seafood Paella (for 2),1
2025-04-28T14:09:00,Menu del Día,2
2025-04-28T14:11:00,Menu del Día,1
2025-04-28T14:11:00,Seafood Paella (for 2),1
2025-04-28T14:11:00,Menu del Día,1
2025-04-28T14:11:00,Menu del Día,1
2025-04-28T14:11:00,Seafood Paella (for 2),1
2025-04-28T14:12:00,Menu del Día,3
2025-04-28T14:13:00,Seafood Paella (for 2),1
2025-04-28T14:15:00,Menu del Día,2
2025-04-28T14:15:00,Seafood Paella (for 2),1
2025-04-28T14:17:00,Menu del Día,3
2025-04-28T14:17:00,Seafood Paella (for 2),1
2025-04-28T14:20:00,Menu del Día,3
2025-04-28T14:22:00,Menu del Día,2
2025-04-28T14:27:00,Menu del Día,1
2025-04-28T14:30:00,Menu del Día,1
2025-04-28T14:33:00,Menu del Día,1
2025-04-28T14:33:00,Seafood Paella (for 2),1
2025-04-28T14:35:00,Menu del Día,1
2025-04-28T14:35:00,Seafood Paella (for 2),1
2025-04-28T14:35:00,Menu del Día,1
2025-04-28T14:38:00,Menu del Día,1
2025-04-28T14:39:00,Menu del Día,2
2025-04-28T14:40:00,Menu del Día,1
2025-04-28T14:40:00,Seafood Paella (for 2),1
2025-04-28T14:41:00,Menu del Día,3
2025-04-28T14:41:00,Seafood Paella (for 2),1
2025-04-28T14:43:00,Menu del Día,1
2025-04-28T14:46:00,Menu del Día,3
2025-04-28T14:46:00,Menu del Día,1
2025-04-28T14:46:00,Seafood Paella (for 2),1
2025-04-28T14:58:00,Menu del Día,1
2025-04-28T14:58:00,Seafood Paella (for 2),1
2025-04-28T14:58:00,Menu del Día,1
2025-04-28T14:58:00,Seafood Paella (for 2),1
2025-04-28T14:58:00,Menu del Día,2
2025-04-28T15:01:00,Seafood Paella (for 2),1
2025-04-28T15:02:00,Menu del Día,1
2025-04-28T15:05:00,Menu del Día,3
2025-04-28T15:05:00,Seafood Paella (for 2),1
2025-04-28T15:09:00,Menu del Día,1
2025-04-28T15:11:00,Menu del Día,1
2025-04-28T15:11:00,Seafood Paella (for 2),1
2025-04-28T15:29:00,Menu del Día,3
2025-04-28T15:38:00,Menu del Día,2
2025-04-28T15:39:00,Menu del Día,2
2025-04-28T15:45:00,Menu del Día,2
2025-04-28T15:47:00,Menu del Día,2
2025-04-28T15:57:00,Menu del Día,2
2025-04-28T16:13:00,Menu del Día,2
2025-04-28T16:15:00,Menu del Día,2
2025-04-28T16:29:00,Menu del Día,1
2025-04-28T16:29:00,Seafood Paella (for 2),1
2025-04-28T16:29:00,Seafood Paella (for 2),1
2025-04-28T16:29:00,Menu del Día,3
2025-04-28T16:29:00,Seafood Paella (for 2),1
2025-04-28T16:45:00,Menu del Día,1
2025-04-28T16:51:00,Menu del Día,1
2025-04-28T16:51:00,Seafood Paella (for 2),1
2025-04-28T20:00:00,Patatas Bravas,1
2025-04-28T20:00:00,Patatas Bravas,1
2025-04-28T20:00:00,Patatas Bravas,1
2025-04-28T20:00:00,Patatas Bravas,1
2025-04-28T20:00:00,Patatas Bravas,1
2025-04-28T20:00:00,Tortilla Española,1
2025-04-28T20:00:00,Seafood Paella (for 2),1
2025-04-28T20:00:00,Mineral Water,1
2025-04-28T20:00:00,Mineral Water,1
2025-04-28T20:00:00,Mineral Water,1
2025-04-28T20:00:00,House Red Wine,1
2025-04-28T20:00:00,Crema Catalana,1
2025-04-28T20:00:00,Crema Catalana,1
2025-04-28T20:00:00,Crema Catalana,1
2025-04-28T20:13:00,Patatas Bravas,1
2025-04-28T20:13:00,Tortilla Española,1
2025-04-28T20:13:00,Patatas Bravas,1
2025-04-28T20:13:00,Patatas Bravas,1
2025-04-28T20:13:00,House Red Wine,1
2025-04-28T20:13:00,House Red Wine,1
2025-04-28T20:13:00,House Red Wine,1
2025-04-28T20:22:00,Patatas Bravas,1
2025-04-28T20:22:00,House Red Wine,1
2025-04-28T20:22:00,Crema Catalana,1
2025-04-28T20:54:00,Tortilla Española,1
2025-04-28T20:54:00,Tortilla Española,1
2025-04-28T20:54:00,Tortilla Española,1
2025-04-28T20:54:00,Mineral Water,1
2025-04-28T20:54:00,House Red Wine,1
2025-04-29T13:00:00,Menu del Día,1
2025-04-29T13:00:00,Seafood Paella (for 2),1
2025-04-29T13:07:00,Menu del Día,1
2025-04-29T13:07:00,Seafood Paella (for 2),1
2025-04-29T13:07:00,Seafood Paella (for 2),1
2025-04-29T13:07:00,Seafood Paella (for 2),1
2025-04-29T13:14:00,Menu del Día,1
2025-04-29T13:14:00,Seafood Paella (for 2),1
2025-04-29T13:20:00,Seafood Paella (for 2),1
2025-04-29T13:20:00,Seafood Paella (for 2),1
2025-04-29T13:25:00,Menu del Día,1
2025-04-29T13:25:00,Seafood Paella (for 2),1
2025-04-29T13:35:00,Menu del Día,2
2025-04-29T13:35:00,Menu del Día,1
2025-04-29T13:35:00,Seafood Paella (for 2),1
2025-04-29T13:41:00,Menu del Día,1
2025-04-29T13:41:00,Seafood Paella (for 2),1
2025-04-29T13:46:00,Menu del Día,1
2025-04-29T13:46:00,Seafood Paella (for 2),1
2025-04-29T13:47:00,Menu del Día,1
2025-04-29T13:47:00,Seafood Paella (for 2),1
2025-04-29T13:50:00,Menu del Día,1
2025-04-29T13:50:00,Seafood Paella (for 2),1
2025-04-29T13:54:00,Menu del Día,2
2025-04-29T13:55:00,Menu del Día,1
2025-04-29T13:57:00,Menu del Día,1
2025-04-29T13:57:00,Seafood Paella (for 2),1
2025-04-29T13:58:00,Menu del Día,3
2025-04-29T14:10:00,Menu del Día,3
2025-04-29T14:10:00,Seafood Paella (for 2),1
2025-04-29T14:13:00,Menu del Día,1
2025-04-29T14:13:00,Seafood Paella (for 2),1
2025-04-29T14:14:00,Menu del Día,1
2025-04-29T14:16:00,Menu del Día,1
2025-04-29T14:17:00,Menu del Día,1
2025-04-29T14:20:00,Menu del Día,4
2025-04-29T14:23:00,Menu del Día,1
2025-04-29T14:23:00,Seafood Paella (for 2),1
2025-04-29T14:42:00,Seafood Paella (for 2),1
2025-04-29T14:42:00,Seafood Paella (for 2),1
2025-04-29T14:44:00,Menu del Día,2
2025-04-29T14:51:00,Menu del Día,2
2025-04-29T15:01:00,Seafood Paella (for 2),1
2025-04-29T15:03:00,Menu del Día,1
2025-04-29T15:03:00,Seafood Paella (for 2),1
2025-04-29T15:03:00,Menu del Día,1
2025-04-29T15:03:00,Seafood Paella (for 2),1
2025-04-29T15:04:00,Menu del Día,1
2025-04-29T15:06:00,Menu del Día,1
2025-04-29T15:07:00,Seafood Paella (for 2),1
2025-04-29T15:15:00,Menu del Día,1
2025-04-29T15:15:00,Menu del Día,1
2025-04-29T15:16:00,Menu del Día,3
2025-04-29T15:16:00,Seafood Paella (for 2),1
2025-04-29T15:19:00,Menu del Día,1
2025-04-29T15:20:00,Seafood Paella (for 2),1
2025-04-29T15:20:00,Seafood Paella (for 2),1
2025-04-29T15:22:00,Menu del Día,1
2025-04-29T15:22:00,Seafood Paella (for 2),1
2025-04-29T15:24:00,Menu del Día,1
2025-04-29T15:24:00,Seafood Paella (for 2),1
2025-04-29T15:25:00,Menu del Día,2
2025-04-29T15:25:00,Menu del Día,2
2025-04-29T15:27:00,Menu del Día,1
2025-04-29T15:27:00,Menu del Día,2
2025-04-29T15:27:00,Seafood Paella (for 2),1
2025-04-29T15:27:00,Menu del Día,2
2025-04-29T15:28:00,Menu del Día,3
2025-04-29T15:28:00,Seafood Paella (for 2),1
2025-04-29T15:30:00,Menu del Día,1
2025-04-29T15:35:00,Menu del Día,1
2025-04-29T15:35:00,Seafood Paella (for 2),1
2025-04-29T15:36:00,Menu del Día,1
2025-04-29T15:36:00,Seafood Paella (for 2),1
2025-04-29T15:39:00,Menu del Día,2
2025-04-29T15:39:00,Seafood Paella (for 2),1
2025-04-29T15:45:00,Seafood Paella (for 2),1
2025-04-29T15:45:00,Seafood Paella (for 2),1
2025-04-29T15:46:00,Menu del Día,2
2025-04-29T15:47:00,Menu del Día,1
2025-04-29T15:47:00,Menu del Día,2
2025-04-29T15:54:00,Menu del Día,4
2025-04-29T15:54:00,Menu del Día,1
2025-04-29T15:55:00,Menu del Día,1
2025-04-29T15:55:00,Seafood Paella (for 2),1
2025-04-29T15:57:00,Menu del Día,2
2025-04-29T15:57:00,Seafood Paella (for 2),1
2025-04-29T16:24:00,Menu del Día,1
2025-04-29T16:24:00,Seafood Paella (for 2),1
2025-04-29T16:28:00,Seafood Paella (for 2),1
2025-04-29T16:35:00,Menu del Día,1
2025-04-29T20:00:00,Patatas Bravas,1
2025-04-29T20:00:00,Tortilla Española,1
2025-04-29T20:00:00,Tortilla Española,1
2025-04-29T20:00:00,Patatas Bravas,1
2025-04-29T20:00:00,Seafood Paella (for 2),1
2025-04-29T20:00:00,Mineral Water,1
2025-04-29T20:00:00,House Red Wine,1
2025-04-29T20:00:00,House Red Wine,1
2025-04-29T20:04:00,Patatas Bravas,1
2025-04-29T20:04:00,Patatas Bravas,1
2025-04-29T20:04:00,Tortilla Española,1
2025-04-29T20:04:00,Mineral Water,1
2025-04-29T20:04:00,House Red Wine,1
2025-04-29T20:08:00,Tortilla Española,1
2025-04-29T20:08:00,Patatas Bravas,1
2025-04-29T20:08:00,Patatas Bravas,1
2025-04-29T20:08:00,House Red Wine,1
2025-04-29T20:08:00,House Red Wine,1
2025-04-29T20:10:00,Tortilla Española,1
2025-04-29T20:10:00,Tortilla Española,1
2025-04-29T20:10:00,Patatas Bravas,1
2025-04-29T20:10:00,Mineral Water,1
2025-04-29T20:10:00,Mineral Water,1
2025-04-29T21:08:00,Patatas Bravas,1
2025-04-29T21:08:00,Mineral Water,1
2025-04-29T21:08:00,Crema Catalana,1
2025-04-30T13:01:00,Menu del Día,1
2025-04-30T13:01:00,Menu del Día,1
2025-04-30T13:01:00,Seafood Paella (for 2),1
2025-04-30T13:06:00,Menu del Día,2
2025-04-30T13:11:00,Menu del Día,2
2025-04-30T13:11:00,Seafood Paella (for 2),1
2025-04-30T13:20:00,Menu del Día,3
2025-04-30T13:20:00,Seafood Paella (for 2),1
2025-04-30T13:22:00,Menu del Día,1
2025-04-30T13:24:00,Menu del Día,1
2025-04-30T13:25:00,Menu del Día,2
2025-04-30T13:27:00,Seafood Paella (for 2),1
2025-04-30T13:41:00,Menu del Día,2
2025-04-30T13:41:00,Seafood Paella (for 2),1
2025-04-30T13:43:00,Menu del Día,2
2025-04-30T13:43:00,Seafood Paella (for 2),1
2025-04-30T14:07:00,Seafood Paella (for 2),1
2025-04-30T14:07:00,Menu del Día,1
2025-04-30T14:15:00,Menu del Día,1
2025-04-30T14:20:00,Menu del Día,1
2025-04-30T14:20:00,Seafood Paella (for 2),1
2025-04-30T14:26:00,Menu del Día,1
2025-04-30T14:31:00,Menu del Día,1
2025-04-30T14:31:00,Seafood Paella (for 2),1
2025-04-30T14:39:00,Menu del Día,1
2025-04-30T14:39:00,Seafood Paella (for 2),1
2025-04-30T14:49:00,Seafood Paella (for 2),1
2025-04-30T14:51:00,Menu del Día,2
2025-04-30T14:51:00,Menu del Día,2
2025-04-30T14:53:00,Menu del Día,1
2025-04-30T14:53:00,Seafood Paella (for 2),1
2025-04-30T15:01:00,Seafood Paella (for 2),1
2025-04-30T15:01:00,Menu del Día,1
2025-04-30T15:01:00,Seafood Paella (for 2),1
2025-04-30T15:03:00,Menu del Día,2
2025-04-30T15:03:00,Menu del Día,2
2025-04-30T15:03:00,Seafood Paella (for 2),1
2025-04-30T15:05:00,Menu del Día,3
2025-04-30T15:05:00,Seafood Paella (for 2),1
2025-04-30T15:05:00,Seafood Paella (for 2),1
2025-04-30T15:10:00,Seafood Paella (for 2),1
2025-04-30T15:12:00,Menu del Día,1
2025-04-30T15:12:00,Seafood Paella (for 2),1
2025-04-30T15:18:00,Menu del Día,4
2025-04-30T15:22:00,Menu del Día,1
2025-04-30T15:22:00,Menu del Día,2
2025-04-30T15:22:00,Menu del Día,2
2025-04-30T15:22:00,Seafood Paella (for 2),1
2025-04-30T15:26:00,Menu del Día,1
2025-04-30T15:27:00,Menu del Día,2
2025-04-30T15:28:00,Menu del Día,2
2025-04-30T15:28:00,Seafood Paella (for 2),1
2025-04-30T15:28:00,Menu del Día,1
2025-04-30T15:28:00,Seafood Paella (for 2),1
2025-04-30T15:29:00,Seafood Paella (for 2),1
2025-04-30T15:29:00,Seafood Paella (for 2),1
2025-04-30T15:33:00,Menu del Día,2
2025-04-30T15:33:00,Seafood Paella (for 2),1
2025-04-30T15:35:00,Menu del Día,4
2025-04-30T15:36:00,Menu del Día,2
2025-04-30T15:37:00,Menu del Día,1
2025-04-30T15:37:00,Seafood Paella (for 2),1
2025-04-30T15:47:00,Menu del Día,1
2025-04-30T15:47:00,Seafood Paella (for 2),1
2025-04-30T15:47:00,Menu del Día,2
2025-04-30T15:47:00,Seafood Paella (for 2),1
2025-04-30T15:47:00,Seafood Paella (for 2),1
2025-04-30T15:52:00,Menu del Día,2
2025-04-30T15:52:00,Seafood Paella (for 2),1
2025-04-30T15:54:00,Menu del Día,2
2025-04-30T15:54:00,Seafood Paella (for 2),1
2025-04-30T15:54:00,Menu del Día,1
2025-04-30T15:54:00,Seafood Paella (for 2),1
2025-04-30T16:00:00,Seafood Paella (for 2),1
2025-04-30T16:04:00,Menu del Día,1
2025-04-30T16:04:00,Seafood Paella (for 2),1
2025-04-30T16:23:00,Menu del Día,1
2025-04-30T16:23:00,Seafood Paella (for 2),1
2025-04-30T16:25:00,Menu del Día,3
2025-04-30T16:25:00,Seafood Paella (for 2),1
2025-04-30T16:31:00,Menu del Día,1
2025-04-30T16:31:00,Seafood Paella (for 2),1
2025-04-30T16:31:00,Seafood Paella (for 2),1
2025-04-30T16:36:00,Seafood Paella (for 2),1
2025-04-30T16:36:00,Seafood Paella (for 2),1
2025-04-30T16:53:00,Menu del Día,1
2025-04-30T16:56:00,Menu del Día,3
2025-04-30T16:56:00,Seafood Paella (for 2),1
2025-04-30T16:59:00,Menu del Día,1
2025-04-30T16:59:00,Seafood Paella (for 2),1
2025-04-30T20:02:00,Patatas Bravas,1
2025-04-30T20:02:00,Patatas Bravas,1
2025-04-30T20:02:00,Patatas Bravas,1
2025-04-30T20:02:00,Mineral Water,1
2025-04-30T20:02:00,Mineral Water,1
2025-04-30T20:21:00,Patatas Bravas,1
2025-04-30T20:21:00,Tortilla Española,1
2025-04-30T20:21:00,Patatas Bravas,1
2025-04-30T20:21:00,Mineral Water,1
2025-04-30T20:21:00,Mineral Water,1
2025-04-30T20:25:00,Patatas Bravas,1
2025-04-30T20:25:00,Tortilla Española,1
2025-04-30T20:25:00,Patatas Bravas,1
2025-04-30T20:25:00,Seafood Paella (for 2),1
2025-04-30T20:25:00,Mineral Water,1
2025-04-30T20:25:00,Mineral Water,1
2025-04-30T20:25:00,Crema Catalana,1
2025-04-30T20:25:00,Crema Catalana,1
2025-04-30T21:01:00,Patatas Bravas,1
2025-04-30T21:01:00,House Red Wine,1
2025-04-30T21:14:00,Patatas Bravas,1
2025-04-30T21:14:00,Mineral Water,1
