date,menu_item,quantity
2025-01-01,Chicken Roast,2
2025-01-01,Cortado,107
2025-01-01,Estrella Damm (Caña),96
2025-01-01,Gambas al Ajillo,20
2025-01-01,Glass of Rioja,102
2025-01-01,Grilled Steak,3
2025-01-01,Menu del Dia,36
2025-01-01,Patatas Bravas,20
2025-01-01,Sangria Jug,79
2025-01-01,Seafood Paella,398
2025-01-01,Tortilla Espanola,20
2025-01-02,Chicken Roast,4
2025-01-02,Cortado,107
2025-01-02,Estrella Damm (Caña),104
2025-01-02,Gambas al Ajillo,22
2025-01-02,Glass of Rioja,93
2025-01-02,Grilled Steak,2
2025-01-02,Menu del Dia,27
2025-01-02,Patatas Bravas,19
2025-01-02,Sangria Jug,105
2025-01-02,Seafood Paella,424
2025-01-02,Tortilla Espanola,18
2025-01-03,Chicken Roast,4
2025-01-03,Cortado,108
2025-01-03,Estrella Damm (Caña),115
2025-01-03,Gambas al Ajillo,24
2025-01-03,Glass of Rioja,133
2025-01-03,Menu del Dia,26
2025-01-03,Patatas Bravas,13
2025-01-03,Sangria Jug,105
2025-01-03,Seafood Paella,436
2025-01-03,Tortilla Espanola,18
2025-01-04,Chicken Roast,4
2025-01-04,Cortado,105
2025-01-04,Estrella Damm (Caña),107
2025-01-04,Gambas al Ajillo,22
2025-01-04,Glass of Rioja,106
2025-01-04,Grilled Steak,3
2025-01-04,Menu del Dia,31
2025-01-04,Patatas Bravas,19
2025-01-04,Sangria Jug,106
2025-01-04,Seafood Paella,441
2025-01-04,Tortilla Espanola,21
2025-01-05,Chicken Roast,2
2025-01-05,Cortado,112
2025-01-05,Estrella Damm (Caña),97
2025-01-05,Gambas al Ajillo,23
2025-01-05,Glass of Rioja,131
2025-01-05,Grilled Steak,2
2025-01-05,Menu del Dia,31
2025-01-05,Patatas Bravas,20
2025-01-05,Sangria Jug,104
2025-01-05,Seafood Paella,427
2025-01-05,Tortilla Espanola,17
2025-01-06,Cortado,93
2025-01-06,Estrella Damm (Caña),89
2025-01-06,Gambas al Ajillo,24
2025-01-06,Glass of Rioja,79
2025-01-06,Grilled Steak,2
2025-01-06,Menu del Dia,18
2025-01-06,Patatas Bravas,14
2025-01-06,Sangria Jug,84
2025-01-06,Seafood Paella,308
2025-01-06,Tortilla Espanola,16
2025-01-07,Chicken Roast,1
2025-01-07,Cortado,61
2025-01-07,Estrella Damm (Caña),53
2025-01-07,Gambas al Ajillo,11
2025-01-07,Glass of Rioja,56
2025-01-07,Menu del Dia,18
2025-01-07,Patatas Bravas,14
2025-01-07,Sangria Jug,53
2025-01-07,Seafood Paella,221
2025-01-07,Tortilla Espanola,10
2025-01-08,Chicken Roast,1
2025-01-08,Cortado,70
2025-01-08,Estrella Damm (Caña),109
2025-01-08,Gambas al Ajillo,10
2025-01-08,Glass of Rioja,93
2025-01-08,Grilled Steak,3
2025-01-08,Menu del Dia,27
2025-01-08,Patatas Bravas,9
2025-01-08,Sangria Jug,99
2025-01-08,Seafood Paella,366
2025-01-08,Tortilla Espanola,13
2025-01-09,Chicken Roast,3
2025-01-09,Cortado,113
2025-01-09,Estrella Damm (Caña),114
2025-01-09,Gambas al Ajillo,18
2025-01-09,Glass of Rioja,102
2025-01-09,Grilled Steak,3
2025-01-09,Menu del Dia,27
2025-01-09,Patatas Bravas,20
2025-01-09,Sangria Jug,117
2025-01-09,Seafood Paella,389
2025-01-09,Tortilla Espanola,21
2025-01-10,Chicken Roast,1
2025-01-10,Cortado,131
2025-01-10,Estrella Damm (Caña),104
2025-01-10,Gambas al Ajillo,20
2025-01-10,Glass of Rioja,112
2025-01-10,Grilled Steak,3
2025-01-10,Menu del Dia,20
2025-01-10,Patatas Bravas,25
2025-01-10,Sangria Jug,109
2025-01-10,Seafood Paella,412
2025-01-10,Tortilla Espanola,33
2025-01-11,Chicken Roast,5
2025-01-11,Cortado,124
2025-01-11,Estrella Damm (Caña),127
2025-01-11,Gambas al Ajillo,16
2025-01-11,Glass of Rioja,92
2025-01-11,Grilled Steak,1
2025-01-11,Menu del Dia,23
2025-01-11,Patatas Bravas,20
2025-01-11,Sangria Jug,111
2025-01-11,Seafood Paella,418
2025-01-11,Tortilla Espanola,21
2025-01-12,Chicken Roast,2
2025-01-12,Cortado,122
2025-01-12,Estrella Damm (Caña),111
2025-01-12,Gambas al Ajillo,15
2025-01-12,Glass of Rioja,96
2025-01-12,Grilled Steak,2
2025-01-12,Menu del Dia,29
2025-01-12,Patatas Bravas,18
2025-01-12,Sangria Jug,127
2025-01-12,Seafood Paella,420
2025-01-12,Tortilla Espanola,22
2025-01-13,Chicken Roast,3
2025-01-13,Cortado,83
2025-01-13,Estrella Damm (Caña),100
2025-01-13,Gambas al Ajillo,17
2025-01-13,Glass of Rioja,94
2025-01-13,Grilled Steak,4
2025-01-13,Menu del Dia,22
2025-01-13,Patatas Bravas,16
2025-01-13,Sangria Jug,101
2025-01-13,Seafood Paella,392
2025-01-13,Tortilla Espanola,19
2025-01-14,Chicken Roast,3
2025-01-14,Cortado,98
2025-01-14,Estrella Damm (Caña),127
2025-01-14,Gambas al Ajillo,27
2025-01-14,Glass of Rioja,119
2025-01-14,Grilled Steak,4
2025-01-14,Menu del Dia,31
2025-01-14,Patatas Bravas,16
2025-01-14,Sangria Jug,111
2025-01-14,Seafood Paella,461
2025-01-14,Tortilla Espanola,21
2025-01-15,Chicken Roast,3
2025-01-15,Cortado,107
2025-01-15,Estrella Damm (Caña),126
2025-01-15,Gambas al Ajillo,16
2025-01-15,Glass of Rioja,112
2025-01-15,Grilled Steak,3
2025-01-15,Menu del Dia,26
2025-01-15,Patatas Bravas,25
2025-01-15,Sangria Jug,96
2025-01-15,Seafood Paella,432
2025-01-15,Tortilla Espanola,18
2025-01-16,Cortado,98
2025-01-16,Estrella Damm (Caña),95
2025-01-16,Gambas al Ajillo,15
2025-01-16,Glass of Rioja,82
2025-01-16,Grilled Steak,1
2025-01-16,Menu del Dia,21
2025-01-16,Patatas Bravas,12
2025-01-16,Sangria Jug,91
2025-01-16,Seafood Paella,340
2025-01-16,Tortilla Espanola,20
2025-01-17,Chicken Roast,2
2025-01-17,Cortado,87
2025-01-17,Estrella Damm (Caña),97
2025-01-17,Gambas al Ajillo,19
2025-01-17,Glass of Rioja,88
2025-01-17,Grilled Steak,5
2025-01-17,Menu del Dia,19
2025-01-17,Patatas Bravas,18
2025-01-17,Sangria Jug,99
2025-01-17,Seafood Paella,375
2025-01-17,Tortilla Espanola,14
2025-01-18,Chicken Roast,1
2025-01-18,Cortado,95
2025-01-18,Estrella Damm (Caña),98
2025-01-18,Gambas al Ajillo,21
2025-01-18,Glass of Rioja,94
2025-01-18,Grilled Steak,2
2025-01-18,Menu del Dia,18
2025-01-18,Patatas Bravas,13
2025-01-18,Sangria Jug,75
2025-01-18,Seafood Paella,344
2025-01-18,Tortilla Espanola,20
2025-01-19,Chicken Roast,2
2025-01-19,Cortado,101
2025-01-19,Estrella Damm (Caña),96
2025-01-19,Gambas al Ajillo,20
2025-01-19,Glass of Rioja,103
2025-01-19,Grilled Steak,1
2025-01-19,Menu del Dia,28
2025-01-19,Patatas Bravas,18
2025-01-19,Sangria Jug,100
2025-01-19,Seafood Paella,390
2025-01-19,Tortilla Espanola,16
2025-01-20,Chicken Roast,1
2025-01-20,Cortado,114
2025-01-20,Estrella Damm (Caña),115
2025-01-20,Gambas al Ajillo,13
2025-01-20,Glass of Rioja,109
2025-01-20,Grilled Steak,3
2025-01-20,Menu del Dia,23
2025-01-20,Patatas Bravas,15
2025-01-20,Sangria Jug,104
2025-01-20,Seafood Paella,369
2025-01-20,Tortilla Espanola,12
2025-01-21,Chicken Roast,4
2025-01-21,Cortado,75
2025-01-21,Estrella Damm (Caña),101
2025-01-21,Gambas al Ajillo,17
2025-01-21,Glass of Rioja,82
2025-01-21,Menu del Dia,17
2025-01-21,Patatas Bravas,16
2025-01-21,Sangria Jug,91
2025-01-21,Seafood Paella,335
2025-01-21,Tortilla Espanola,12
2025-01-22,Chicken Roast,5
2025-01-22,Cortado,92
2025-01-22,Estrella Damm (Caña),78
2025-01-22,Gambas al Ajillo,24
2025-01-22,Glass of Rioja,109
2025-01-22,Grilled Steak,3
2025-01-22,Menu del Dia,16
2025-01-22,Patatas Bravas,28
2025-01-22,Sangria Jug,105
2025-01-22,Seafood Paella,425
2025-01-22,Tortilla Espanola,19
2025-01-23,Chicken Roast,1
2025-01-23,Cortado,78
2025-01-23,Estrella Damm (Caña),68
2025-01-23,Gambas al Ajillo,9
2025-01-23,Glass of Rioja,57
2025-01-23,Grilled Steak,3
2025-01-23,Menu del Dia,18
2025-01-23,Patatas Bravas,6
2025-01-23,Sangria Jug,57
2025-01-23,Seafood Paella,268
2025-01-23,Tortilla Espanola,12
2025-01-24,Chicken Roast,4
2025-01-24,Cortado,104
2025-01-24,Estrella Damm (Caña),112
2025-01-24,Gambas al Ajillo,19
2025-01-24,Glass of Rioja,119
2025-01-24,Grilled Steak,2
2025-01-24,Menu del Dia,30
2025-01-24,Patatas Bravas,16
2025-01-24,Sangria Jug,131
2025-01-24,Seafood Paella,430
2025-01-24,Tortilla Espanola,16
2025-01-25,Chicken Roast,1
2025-01-25,Cortado,122
2025-01-25,Estrella Damm (Caña),96
2025-01-25,Gambas al Ajillo,20
2025-01-25,Glass of Rioja,107
2025-01-25,Grilled Steak,3
2025-01-25,Menu del Dia,37
2025-01-25,Patatas Bravas,20
2025-01-25,Sangria Jug,101
2025-01-25,Seafood Paella,386
2025-01-25,Tortilla Espanola,27
2025-01-26,Chicken Roast,3
2025-01-26,Cortado,119
2025-01-26,Estrella Damm (Caña),143
2025-01-26,Gambas al Ajillo,31
2025-01-26,Glass of Rioja,100
2025-01-26,Grilled Steak,3
2025-01-26,Menu del Dia,20
2025-01-26,Patatas Bravas,26
2025-01-26,Sangria Jug,118
2025-01-26,Seafood Paella,484
2025-01-26,Tortilla Espanola,21
2025-01-27,Chicken Roast,2
2025-01-27,Cortado,55
2025-01-27,Estrella Damm (Caña),54
2025-01-27,Gambas al Ajillo,17
2025-01-27,Glass of Rioja,47
2025-01-27,Grilled Steak,4
2025-01-27,Menu del Dia,12
2025-01-27,Patatas Bravas,21
2025-01-27,Sangria Jug,59
2025-01-27,Seafood Paella,224
2025-01-27,Tortilla Espanola,16
2025-01-28,Chicken Roast,2
2025-01-28,Cortado,110
2025-01-28,Estrella Damm (Caña),100
2025-01-28,Gambas al Ajillo,19
2025-01-28,Glass of Rioja,109
2025-01-28,Grilled Steak,2
2025-01-28,Menu del Dia,28
2025-01-28,Patatas Bravas,20
2025-01-28,Sangria Jug,106
2025-01-28,Seafood Paella,420
2025-01-28,Tortilla Espanola,18
2025-01-29,Chicken Roast,5
2025-01-29,Cortado,124
2025-01-29,Estrella Damm (Caña),105
2025-01-29,Gambas al Ajillo,30
2025-01-29,Glass of Rioja,114
2025-01-29,Grilled Steak,2
2025-01-29,Menu del Dia,24
2025-01-29,Patatas Bravas,25
2025-01-29,Sangria Jug,123
2025-01-29,Seafood Paella,424
2025-01-29,Tortilla Espanola,30
2025-01-30,Chicken Roast,2
2025-01-30,Cortado,86
2025-01-30,Estrella Damm (Caña),94
2025-01-30,Gambas al Ajillo,15
2025-01-30,Glass of Rioja,103
2025-01-30,Grilled Steak,2
2025-01-30,Menu del Dia,24
2025-01-30,Patatas Bravas,15
2025-01-30,Sangria Jug,108
2025-01-30,Seafood Paella,396
2025-01-30,Tortilla Espanola,16
2025-01-31,Chicken Roast,1
2025-01-31,Cortado,105
2025-01-31,Estrella Damm (Caña),89
2025-01-31,Gambas al Ajillo,23
2025-01-31,Glass of Rioja,77
2025-01-31,Grilled Steak,4
2025-01-31,Menu del Dia,24
2025-01-31,Patatas Bravas,26
2025-01-31,Sangria Jug,106
2025-01-31,Seafood Paella,365
2025-01-31,Tortilla Espanola,22
2025-02-01,Chicken Roast,6
2025-02-01,Cortado,113
2025-02-01,Estrella Damm (Caña),120
2025-02-01,Gambas al Ajillo,22
2025-02-01,Glass of Rioja,100
2025-02-01,Grilled Steak,3
2025-02-01,Menu del Dia,25
2025-02-01,Patatas Bravas,33
2025-02-01,Sangria Jug,110
2025-02-01,Seafood Paella,448
2025-02-01,Tortilla Espanola,28
2025-02-02,Chicken Roast,4
2025-02-02,Cortado,88
2025-02-02,Estrella Damm (Caña),93
2025-02-02,Gambas al Ajillo,13
2025-02-02,Glass of Rioja,72
2025-02-02,Grilled Steak,4
2025-02-02,Menu del Dia,32
2025-02-02,Patatas Bravas,15
2025-02-02,Sangria Jug,109
2025-02-02,Seafood Paella,362
2025-02-02,Tortilla Espanola,15
2025-02-03,Chicken Roast,3
2025-02-03,Cortado,99
2025-02-03,Estrella Damm (Caña),102
2025-02-03,Gambas al Ajillo,29
2025-02-03,Glass of Rioja,107
2025-02-03,Grilled Steak,1
2025-02-03,Menu del Dia,25
2025-02-03,Patatas Bravas,17
2025-02-03,Sangria Jug,114
2025-02-03,Seafood Paella,401
2025-02-03,Tortilla Espanola,23
2025-02-04,Chicken Roast,2
2025-02-04,Cortado,54
2025-02-04,Estrella Damm (Caña),65
2025-02-04,Gambas al Ajillo,13
2025-02-04,Glass of Rioja,61
2025-02-04,Grilled Steak,2
2025-02-04,Menu del Dia,12
2025-02-04,Patatas Bravas,19
2025-02-04,Sangria Jug,74
2025-02-04,Seafood Paella,226
2025-02-04,Tortilla Espanola,13
2025-02-05,Chicken Roast,3
2025-02-05,Cortado,123
2025-02-05,Estrella Damm (Caña),116
2025-02-05,Gambas al Ajillo,14
2025-02-05,Glass of Rioja,100
2025-02-05,Grilled Steak,5
2025-02-05,Menu del Dia,13
2025-02-05,Patatas Bravas,15
2025-02-05,Sangria Jug,98
2025-02-05,Seafood Paella,371
2025-02-05,Tortilla Espanola,23
2025-02-06,Chicken Roast,1
2025-02-06,Cortado,54
2025-02-06,Estrella Damm (Caña),63
2025-02-06,Gambas al Ajillo,12
2025-02-06,Glass of Rioja,59
2025-02-06,Grilled Steak,2
2025-02-06,Menu del Dia,17
2025-02-06,Patatas Bravas,8
2025-02-06,Sangria Jug,43
2025-02-06,Seafood Paella,224
2025-02-06,Tortilla Espanola,13
2025-02-07,Chicken Roast,4
2025-02-07,Cortado,115
2025-02-07,Estrella Damm (Caña),109
2025-02-07,Gambas al Ajillo,20
2025-02-07,Glass of Rioja,106
2025-02-07,Menu del Dia,26
2025-02-07,Patatas Bravas,19
2025-02-07,Sangria Jug,106
2025-02-07,Seafood Paella,401
2025-02-07,Tortilla Espanola,12
2025-02-08,Chicken Roast,3
2025-02-08,Cortado,112
2025-02-08,Estrella Damm (Caña),138
2025-02-08,Gambas al Ajillo,19
2025-02-08,Glass of Rioja,136
2025-02-08,Grilled Steak,7
2025-02-08,Menu del Dia,23
2025-02-08,Patatas Bravas,16
2025-02-08,Sangria Jug,96
2025-02-08,Seafood Paella,411
2025-02-08,Tortilla Espanola,16
2025-02-09,Chicken Roast,3
2025-02-09,Cortado,95
2025-02-09,Estrella Damm (Caña),85
2025-02-09,Gambas al Ajillo,25
2025-02-09,Glass of Rioja,98
2025-02-09,Grilled Steak,2
2025-02-09,Menu del Dia,26
2025-02-09,Patatas Bravas,14
2025-02-09,Sangria Jug,103
2025-02-09,Seafood Paella,382
2025-02-09,Tortilla Espanola,19
2025-02-10,Chicken Roast,2
2025-02-10,Cortado,98
2025-02-10,Estrella Damm (Caña),95
2025-02-10,Gambas al Ajillo,16
2025-02-10,Glass of Rioja,85
2025-02-10,Grilled Steak,4
2025-02-10,Menu del Dia,30
2025-02-10,Patatas Bravas,18
2025-02-10,Sangria Jug,101
2025-02-10,Seafood Paella,412
2025-02-10,Tortilla Espanola,15
2025-02-11,Chicken Roast,1
2025-02-11,Cortado,68
2025-02-11,Estrella Damm (Caña),62
2025-02-11,Gambas al Ajillo,13
2025-02-11,Glass of Rioja,54
2025-02-11,Grilled Steak,1
2025-02-11,Menu del Dia,14
2025-02-11,Patatas Bravas,20
2025-02-11,Sangria Jug,67
2025-02-11,Seafood Paella,235
2025-02-11,Tortilla Espanola,20
2025-02-12,Chicken Roast,1
2025-02-12,Cortado,106
2025-02-12,Estrella Damm (Caña),106
2025-02-12,Gambas al Ajillo,14
2025-02-12,Glass of Rioja,120
2025-02-12,Grilled Steak,4
2025-02-12,Menu del Dia,34
2025-02-12,Patatas Bravas,9
2025-02-12,Sangria Jug,101
2025-02-12,Seafood Paella,441
2025-02-12,Tortilla Espanola,16
2025-02-13,Chicken Roast,5
2025-02-13,Cortado,95
2025-02-13,Estrella Damm (Caña),113
2025-02-13,Gambas al Ajillo,22
2025-02-13,Glass of Rioja,124
2025-02-13,Grilled Steak,2
2025-02-13,Menu del Dia,19
2025-02-13,Patatas Bravas,32
2025-02-13,Sangria Jug,105
2025-02-13,Seafood Paella,385
2025-02-13,Tortilla Espanola,30
2025-02-14,Chicken Roast,1
2025-02-14,Cortado,135
2025-02-14,Estrella Damm (Caña),107
2025-02-14,Gambas al Ajillo,38
2025-02-14,Glass of Rioja,119
2025-02-14,Grilled Steak,8
2025-02-14,Menu del Dia,33
2025-02-14,Patatas Bravas,29
2025-02-14,Sangria Jug,114
2025-02-14,Seafood Paella,412
2025-02-14,Tortilla Espanola,18
2025-02-15,Chicken Roast,2
2025-02-15,Cortado,60
2025-02-15,Estrella Damm (Caña),51
2025-02-15,Gambas al Ajillo,12
2025-02-15,Glass of Rioja,63
2025-02-15,Menu del Dia,9
2025-02-15,Patatas Bravas,12
2025-02-15,Sangria Jug,47
2025-02-15,Seafood Paella,239
2025-02-15,Tortilla Espanola,11
2025-02-16,Chicken Roast,2
2025-02-16,Cortado,89
2025-02-16,Estrella Damm (Caña),127
2025-02-16,Gambas al Ajillo,27
2025-02-16,Glass of Rioja,106
2025-02-16,Grilled Steak,6
2025-02-16,Menu del Dia,22
2025-02-16,Patatas Bravas,28
2025-02-16,Sangria Jug,121
2025-02-16,Seafood Paella,410
2025-02-16,Tortilla Espanola,25
2025-02-17,Chicken Roast,5
2025-02-17,Cortado,107
2025-02-17,Estrella Damm (Caña),124
2025-02-17,Gambas al Ajillo,13
2025-02-17,Glass of Rioja,109
2025-02-17,Grilled Steak,2
2025-02-17,Menu del Dia,21
2025-02-17,Patatas Bravas,14
2025-02-17,Sangria Jug,100
2025-02-17,Seafood Paella,423
2025-02-17,Tortilla Espanola,13
2025-02-18,Chicken Roast,3
2025-02-18,Cortado,65
2025-02-18,Estrella Damm (Caña),56
2025-02-18,Gambas al Ajillo,13
2025-02-18,Glass of Rioja,65
2025-02-18,Grilled Steak,1
2025-02-18,Menu del Dia,16
2025-02-18,Patatas Bravas,16
2025-02-18,Sangria Jug,54
2025-02-18,Seafood Paella,216
2025-02-18,Tortilla Espanola,8
2025-02-19,Cortado,94
2025-02-19,Estrella Damm (Caña),89
2025-02-19,Gambas al Ajillo,19
2025-02-19,Glass of Rioja,99
2025-02-19,Grilled Steak,1
2025-02-19,Menu del Dia,20
2025-02-19,Patatas Bravas,18
2025-02-19,Sangria Jug,94
2025-02-19,Seafood Paella,342
2025-02-19,Tortilla Espanola,11
2025-02-20,Chicken Roast,2
2025-02-20,Cortado,63
2025-02-20,Estrella Damm (Caña),65
2025-02-20,Gambas al Ajillo,13
2025-02-20,Glass of Rioja,67
2025-02-20,Menu del Dia,11
2025-02-20,Patatas Bravas,7
2025-02-20,Sangria Jug,61
2025-02-20,Seafood Paella,283
2025-02-20,Tortilla Espanola,11
2025-02-21,Chicken Roast,4
2025-02-21,Cortado,102
2025-02-21,Estrella Damm (Caña),138
2025-02-21,Gambas al Ajillo,20
2025-02-21,Glass of Rioja,125
2025-02-21,Grilled Steak,4
2025-02-21,Menu del Dia,16
2025-02-21,Patatas Bravas,21
2025-02-21,Sangria Jug,93
2025-02-21,Seafood Paella,385
2025-02-21,Tortilla Espanola,28
2025-02-22,Chicken Roast,2
2025-02-22,Cortado,104
2025-02-22,Estrella Damm (Caña),98
2025-02-22,Gambas al Ajillo,21
2025-02-22,Glass of Rioja,123
2025-02-22,Grilled Steak,2
2025-02-22,Menu del Dia,18
2025-02-22,Patatas Bravas,17
2025-02-22,Sangria Jug,93
2025-02-22,Seafood Paella,405
2025-02-22,Tortilla Espanola,19
2025-02-23,Cortado,102
2025-02-23,Estrella Damm (Caña),91
2025-02-23,Gambas al Ajillo,13
2025-02-23,Glass of Rioja,98
2025-02-23,Grilled Steak,2
2025-02-23,Menu del Dia,23
2025-02-23,Patatas Bravas,20
2025-02-23,Sangria Jug,108
2025-02-23,Seafood Paella,389
2025-02-23,Tortilla Espanola,18
2025-02-24,Chicken Roast,4
2025-02-24,Cortado,110
2025-02-24,Estrella Damm (Caña),90
2025-02-24,Gambas al Ajillo,21
2025-02-24,Glass of Rioja,94
2025-02-24,Grilled Steak,3
2025-02-24,Menu del Dia,27
2025-02-24,Patatas Bravas,12
2025-02-24,Sangria Jug,92
2025-02-24,Seafood Paella,403
2025-02-24,Tortilla Espanola,12
2025-02-25,Chicken Roast,3
2025-02-25,Cortado,95
2025-02-25,Estrella Damm (Caña),104
2025-02-25,Gambas al Ajillo,18
2025-02-25,Glass of Rioja,106
2025-02-25,Menu del Dia,20
2025-02-25,Patatas Bravas,20
2025-02-25,Sangria Jug,126
2025-02-25,Seafood Paella,418
2025-02-25,Tortilla Espanola,25
2025-02-26,Chicken Roast,5
2025-02-26,Cortado,88
2025-02-26,Estrella Damm (Caña),82
2025-02-26,Gambas al Ajillo,15
2025-02-26,Glass of Rioja,98
2025-02-26,Grilled Steak,2
2025-02-26,Menu del Dia,24
2025-02-26,Patatas Bravas,24
2025-02-26,Sangria Jug,83
2025-02-26,Seafood Paella,344
2025-02-26,Tortilla Espanola,15
2025-02-27,Chicken Roast,2
2025-02-27,Cortado,109
2025-02-27,Estrella Damm (Caña),105
2025-02-27,Gambas al Ajillo,16
2025-02-27,Glass of Rioja,129
2025-02-27,Grilled Steak,2
2025-02-27,Menu del Dia,30
2025-02-27,Patatas Bravas,16
2025-02-27,Sangria Jug,128
2025-02-27,Seafood Paella,420
2025-02-27,Tortilla Espanola,15
2025-02-28,Chicken Roast,3
2025-02-28,Cortado,122
2025-02-28,Estrella Damm (Caña),121
2025-02-28,Gambas al Ajillo,29
2025-02-28,Glass of Rioja,91
2025-02-28,Grilled Steak,1
2025-02-28,Menu del Dia,25
2025-02-28,Patatas Bravas,29
2025-02-28,Sangria Jug,110
2025-02-28,Seafood Paella,459
2025-02-28,Tortilla Espanola,32
2025-03-01,Chicken Roast,2
2025-03-01,Cortado,83
2025-03-01,Estrella Damm (Caña),77
2025-03-01,Gambas al Ajillo,26
2025-03-01,Glass of Rioja,112
2025-03-01,Grilled Steak,1
2025-03-01,Menu del Dia,24
2025-03-01,Patatas Bravas,18
2025-03-01,Sangria Jug,102
2025-03-01,Seafood Paella,355
2025-03-01,Tortilla Espanola,18
2025-03-02,Chicken Roast,1
2025-03-02,Cortado,57
2025-03-02,Estrella Damm (Caña),50
2025-03-02,Gambas al Ajillo,8
2025-03-02,Glass of Rioja,65
2025-03-02,Grilled Steak,3
2025-03-02,Menu del Dia,9
2025-03-02,Patatas Bravas,15
2025-03-02,Sangria Jug,64
2025-03-02,Seafood Paella,244
2025-03-02,Tortilla Espanola,11
2025-03-03,Chicken Roast,1
2025-03-03,Cortado,89
2025-03-03,Estrella Damm (Caña),80
2025-03-03,Gambas al Ajillo,12
2025-03-03,Glass of Rioja,104
2025-03-03,Grilled Steak,2
2025-03-03,Menu del Dia,14
2025-03-03,Patatas Bravas,17
2025-03-03,Sangria Jug,81
2025-03-03,Seafood Paella,329
2025-03-03,Tortilla Espanola,19
2025-03-04,Chicken Roast,4
2025-03-04,Cortado,115
2025-03-04,Estrella Damm (Caña),117
2025-03-04,Gambas al Ajillo,20
2025-03-04,Glass of Rioja,116
2025-03-04,Grilled Steak,6
2025-03-04,Menu del Dia,31
2025-03-04,Patatas Bravas,23
2025-03-04,Sangria Jug,106
2025-03-04,Seafood Paella,425
2025-03-04,Tortilla Espanola,20
2025-03-05,Chicken Roast,2
2025-03-05,Cortado,99
2025-03-05,Estrella Damm (Caña),117
2025-03-05,Gambas al Ajillo,23
2025-03-05,Glass of Rioja,95
2025-03-05,Grilled Steak,3
2025-03-05,Menu del Dia,23
2025-03-05,Patatas Bravas,25
2025-03-05,Sangria Jug,106
2025-03-05,Seafood Paella,374
2025-03-05,Tortilla Espanola,22
2025-03-06,Chicken Roast,5
2025-03-06,Cortado,109
2025-03-06,Estrella Damm (Caña),106
2025-03-06,Gambas al Ajillo,17
2025-03-06,Glass of Rioja,114
2025-03-06,Grilled Steak,5
2025-03-06,Menu del Dia,24
2025-03-06,Patatas Bravas,15
2025-03-06,Sangria Jug,107
2025-03-06,Seafood Paella,423
2025-03-06,Tortilla Espanola,21
2025-03-07,Chicken Roast,2
2025-03-07,Cortado,92
2025-03-07,Estrella Damm (Caña),84
2025-03-07,Gambas al Ajillo,25
2025-03-07,Glass of Rioja,97
2025-03-07,Grilled Steak,3
2025-03-07,Menu del Dia,23
2025-03-07,Patatas Bravas,14
2025-03-07,Sangria Jug,72
2025-03-07,Seafood Paella,333
2025-03-07,Tortilla Espanola,14
2025-03-08,Cortado,54
2025-03-08,Estrella Damm (Caña),67
2025-03-08,Gambas al Ajillo,6
2025-03-08,Glass of Rioja,65
2025-03-08,Grilled Steak,3
2025-03-08,Menu del Dia,15
2025-03-08,Patatas Bravas,8
2025-03-08,Sangria Jug,53
2025-03-08,Seafood Paella,266
2025-03-08,Tortilla Espanola,14
2025-03-09,Chicken Roast,2
2025-03-09,Cortado,71
2025-03-09,Estrella Damm (Caña),98
2025-03-09,Gambas al Ajillo,18
2025-03-09,Glass of Rioja,83
2025-03-09,Grilled Steak,3
2025-03-09,Menu del Dia,21
2025-03-09,Patatas Bravas,14
2025-03-09,Sangria Jug,93
2025-03-09,Seafood Paella,316
2025-03-09,Tortilla Espanola,14
2025-03-10,Chicken Roast,2
2025-03-10,Cortado,112
2025-03-10,Estrella Damm (Caña),108
2025-03-10,Gambas al Ajillo,18
2025-03-10,Glass of Rioja,91
2025-03-10,Grilled Steak,2
2025-03-10,Menu del Dia,29
2025-03-10,Patatas Bravas,12
2025-03-10,Sangria Jug,102
2025-03-10,Seafood Paella,388
2025-03-10,Tortilla Espanola,28
2025-03-11,Chicken Roast,1
2025-03-11,Cortado,100
2025-03-11,Estrella Damm (Caña),86
2025-03-11,Gambas al Ajillo,14
2025-03-11,Glass of Rioja,89
2025-03-11,Grilled Steak,1
2025-03-11,Menu del Dia,30
2025-03-11,Patatas Bravas,16
2025-03-11,Sangria Jug,91
2025-03-11,Seafood Paella,391
2025-03-11,Tortilla Espanola,13
2025-03-12,Chicken Roast,2
2025-03-12,Cortado,87
2025-03-12,Estrella Damm (Caña),88
2025-03-12,Gambas al Ajillo,15
2025-03-12,Glass of Rioja,92
2025-03-12,Grilled Steak,1
2025-03-12,Menu del Dia,19
2025-03-12,Patatas Bravas,11
2025-03-12,Sangria Jug,84
2025-03-12,Seafood Paella,378
2025-03-12,Tortilla Espanola,18
2025-03-13,Chicken Roast,1
2025-03-13,Cortado,51
2025-03-13,Estrella Damm (Caña),56
2025-03-13,Gambas al Ajillo,15
2025-03-13,Glass of Rioja,51
2025-03-13,Grilled Steak,1
2025-03-13,Menu del Dia,10
2025-03-13,Patatas Bravas,11
2025-03-13,Sangria Jug,54
2025-03-13,Seafood Paella,222
2025-03-13,Tortilla Espanola,11
2025-03-14,Chicken Roast,4
2025-03-14,Cortado,133
2025-03-14,Estrella Damm (Caña),97
2025-03-14,Gambas al Ajillo,9
2025-03-14,Glass of Rioja,109
2025-03-14,Grilled Steak,5
2025-03-14,Menu del Dia,33
2025-03-14,Patatas Bravas,24
2025-03-14,Sangria Jug,125
2025-03-14,Seafood Paella,465
2025-03-14,Tortilla Espanola,15
2025-03-15,Cortado,73
2025-03-15,Estrella Damm (Caña),65
2025-03-15,Gambas al Ajillo,10
2025-03-15,Glass of Rioja,64
2025-03-15,Grilled Steak,1
2025-03-15,Menu del Dia,11
2025-03-15,Patatas Bravas,9
2025-03-15,Sangria Jug,54
2025-03-15,Seafood Paella,244
2025-03-15,Tortilla Espanola,6
2025-03-16,Chicken Roast,2
2025-03-16,Cortado,84
2025-03-16,Estrella Damm (Caña),89
2025-03-16,Gambas al Ajillo,20
2025-03-16,Glass of Rioja,106
2025-03-16,Grilled Steak,2
2025-03-16,Menu del Dia,20
2025-03-16,Patatas Bravas,17
2025-03-16,Sangria Jug,81
2025-03-16,Seafood Paella,311
2025-03-16,Tortilla Espanola,14
2025-03-17,Chicken Roast,3
2025-03-17,Cortado,111
2025-03-17,Estrella Damm (Caña),92
2025-03-17,Gambas al Ajillo,6
2025-03-17,Glass of Rioja,130
2025-03-17,Menu del Dia,30
2025-03-17,Patatas Bravas,20
2025-03-17,Sangria Jug,95
2025-03-17,Seafood Paella,442
2025-03-17,Tortilla Espanola,15
2025-03-18,Chicken Roast,4
2025-03-18,Cortado,102
2025-03-18,Estrella Damm (Caña),103
2025-03-18,Gambas al Ajillo,35
2025-03-18,Glass of Rioja,115
2025-03-18,Grilled Steak,2
2025-03-18,Menu del Dia,27
2025-03-18,Patatas Bravas,26
2025-03-18,Sangria Jug,120
2025-03-18,Seafood Paella,500
2025-03-18,Tortilla Espanola,19
2025-03-19,Chicken Roast,3
2025-03-19,Cortado,127
2025-03-19,Estrella Damm (Caña),133
2025-03-19,Gambas al Ajillo,17
2025-03-19,Glass of Rioja,121
2025-03-19,Grilled Steak,9
2025-03-19,Menu del Dia,23
2025-03-19,Patatas Bravas,24
2025-03-19,Sangria Jug,121
2025-03-19,Seafood Paella,440
2025-03-19,Tortilla Espanola,17
2025-03-20,Chicken Roast,5
2025-03-20,Cortado,72
2025-03-20,Estrella Damm (Caña),74
2025-03-20,Gambas al Ajillo,15
2025-03-20,Glass of Rioja,68
2025-03-20,Grilled Steak,3
2025-03-20,Menu del Dia,19
2025-03-20,Patatas Bravas,23
2025-03-20,Sangria Jug,83
2025-03-20,Seafood Paella,323
2025-03-20,Tortilla Espanola,9
2025-03-21,Chicken Roast,2
2025-03-21,Cortado,96
2025-03-21,Estrella Damm (Caña),68
2025-03-21,Gambas al Ajillo,12
2025-03-21,Glass of Rioja,77
2025-03-21,Grilled Steak,2
2025-03-21,Menu del Dia,19
2025-03-21,Patatas Bravas,20
2025-03-21,Sangria Jug,86
2025-03-21,Seafood Paella,347
2025-03-21,Tortilla Espanola,15
2025-03-22,Chicken Roast,3
2025-03-22,Cortado,95
2025-03-22,Estrella Damm (Caña),108
2025-03-22,Gambas al Ajillo,11
2025-03-22,Glass of Rioja,84
2025-03-22,Grilled Steak,1
2025-03-22,Menu del Dia,25
2025-03-22,Patatas Bravas,22
2025-03-22,Sangria Jug,107
2025-03-22,Seafood Paella,374
2025-03-22,Tortilla Espanola,29
2025-03-23,Chicken Roast,4
2025-03-23,Cortado,97
2025-03-23,Estrella Damm (Caña),114
2025-03-23,Gambas al Ajillo,17
2025-03-23,Glass of Rioja,124
2025-03-23,Grilled Steak,2
2025-03-23,Menu del Dia,25
2025-03-23,Patatas Bravas,18
2025-03-23,Sangria Jug,125
2025-03-23,Seafood Paella,452
2025-03-23,Tortilla Espanola,13
2025-03-24,Chicken Roast,1
2025-03-24,Cortado,93
2025-03-24,Estrella Damm (Caña),102
2025-03-24,Gambas al Ajillo,13
2025-03-24,Glass of Rioja,90
2025-03-24,Grilled Steak,2
2025-03-24,Menu del Dia,23
2025-03-24,Patatas Bravas,8
2025-03-24,Sangria Jug,89
2025-03-24,Seafood Paella,311
2025-03-24,Tortilla Espanola,15
2025-03-25,Chicken Roast,2
2025-03-25,Cortado,89
2025-03-25,Estrella Damm (Caña),117
2025-03-25,Gambas al Ajillo,12
2025-03-25,Glass of Rioja,121
2025-03-25,Grilled Steak,2
2025-03-25,Menu del Dia,25
2025-03-25,Patatas Bravas,15
2025-03-25,Sangria Jug,105
2025-03-25,Seafood Paella,427
2025-03-25,Tortilla Espanola,12
2025-03-26,Chicken Roast,4
2025-03-26,Cortado,93
2025-03-26,Estrella Damm (Caña),94
2025-03-26,Gambas al Ajillo,13
2025-03-26,Glass of Rioja,81
2025-03-26,Menu del Dia,23
2025-03-26,Patatas Bravas,12
2025-03-26,Sangria Jug,100
2025-03-26,Seafood Paella,422
2025-03-26,Tortilla Espanola,19
2025-03-27,Chicken Roast,3
2025-03-27,Cortado,100
2025-03-27,Estrella Damm (Caña),113
2025-03-27,Gambas al Ajillo,31
2025-03-27,Glass of Rioja,107
2025-03-27,Grilled Steak,1
2025-03-27,Menu del Dia,24
2025-03-27,Patatas Bravas,16
2025-03-27,Sangria Jug,111
2025-03-27,Seafood Paella,382
2025-03-27,Tortilla Espanola,13
2025-03-28,Chicken Roast,2
2025-03-28,Cortado,105
2025-03-28,Estrella Damm (Caña),88
2025-03-28,Gambas al Ajillo,28
2025-03-28,Glass of Rioja,110
2025-03-28,Grilled Steak,5
2025-03-28,Menu del Dia,23
2025-03-28,Patatas Bravas,24
2025-03-28,Sangria Jug,93
2025-03-28,Seafood Paella,389
2025-03-28,Tortilla Espanola,27
2025-03-29,Chicken Roast,1
2025-03-29,Cortado,88
2025-03-29,Estrella Damm (Caña),62
2025-03-29,Gambas al Ajillo,13
2025-03-29,Glass of Rioja,104
2025-03-29,Grilled Steak,2
2025-03-29,Menu del Dia,23
2025-03-29,Patatas Bravas,15
2025-03-29,Sangria Jug,80
2025-03-29,Seafood Paella,336
2025-03-29,Tortilla Espanola,12
2025-03-30,Chicken Roast,3
2025-03-30,Cortado,136
2025-03-30,Estrella Damm (Caña),103
2025-03-30,Gambas al Ajillo,17
2025-03-30,Glass of Rioja,116
2025-03-30,Grilled Steak,4
2025-03-30,Menu del Dia,35
2025-03-30,Patatas Bravas,19
2025-03-30,Sangria Jug,122
2025-03-30,Seafood Paella,462
2025-03-30,Tortilla Espanola,29
2025-03-31,Chicken Roast,1
2025-03-31,Cortado,92
2025-03-31,Estrella Damm (Caña),90
2025-03-31,Gambas al Ajillo,11
2025-03-31,Glass of Rioja,85
2025-03-31,Grilled Steak,2
2025-03-31,Menu del Dia,19
2025-03-31,Patatas Bravas,26
2025-03-31,Sangria Jug,86
2025-03-31,Seafood Paella,400
2025-03-31,Tortilla Espanola,24
2025-04-01,Chicken Roast,3
2025-04-01,Cortado,56
2025-04-01,Estrella Damm (Caña),54
2025-04-01,Gambas al Ajillo,15
2025-04-01,Glass of Rioja,72
2025-04-01,Menu del Dia,15
2025-04-01,Patatas Bravas,9
2025-04-01,Sangria Jug,64
2025-04-01,Seafood Paella,228
2025-04-01,Tortilla Espanola,8
2025-04-02,Chicken Roast,3
2025-04-02,Cortado,110
2025-04-02,Estrella Damm (Caña),104
2025-04-02,Gambas al Ajillo,14
2025-04-02,Glass of Rioja,93
2025-04-02,Grilled Steak,2
2025-04-02,Menu del Dia,22
2025-04-02,Patatas Bravas,15
2025-04-02,Sangria Jug,99
2025-04-02,Seafood Paella,407
2025-04-02,Tortilla Espanola,19
2025-04-03,Chicken Roast,1
2025-04-03,Cortado,41
2025-04-03,Estrella Damm (Caña),42
2025-04-03,Gambas al Ajillo,15
2025-04-03,Glass of Rioja,52
2025-04-03,Grilled Steak,3
2025-04-03,Menu del Dia,11
2025-04-03,Patatas Bravas,6
2025-04-03,Sangria Jug,51
2025-04-03,Seafood Paella,180
2025-04-03,Tortilla Espanola,12
2025-04-04,Chicken Roast,5
2025-04-04,Cortado,112
2025-04-04,Estrella Damm (Caña),116
2025-04-04,Gambas al Ajillo,14
2025-04-04,Glass of Rioja,117
2025-04-04,Grilled Steak,5
2025-04-04,Menu del Dia,29
2025-04-04,Patatas Bravas,16
2025-04-04,Sangria Jug,111
2025-04-04,Seafood Paella,435
2025-04-04,Tortilla Espanola,25
2025-04-05,Chicken Roast,1
2025-04-05,Cortado,79
2025-04-05,Estrella Damm (Caña),67
2025-04-05,Gambas al Ajillo,18
2025-04-05,Glass of Rioja,79
2025-04-05,Grilled Steak,5
2025-04-05,Menu del Dia,14
2025-04-05,Patatas Bravas,10
2025-04-05,Sangria Jug,65
2025-04-05,Seafood Paella,259
2025-04-05,Tortilla Espanola,13
2025-04-06,Chicken Roast,3
2025-04-06,Cortado,58
2025-04-06,Estrella Damm (Caña),68
2025-04-06,Gambas al Ajillo,14
2025-04-06,Glass of Rioja,62
2025-04-06,Grilled Steak,3
2025-04-06,Menu del Dia,9
2025-04-06,Patatas Bravas,6
2025-04-06,Sangria Jug,49
2025-04-06,Seafood Paella,261
2025-04-06,Tortilla Espanola,14
2025-04-07,Chicken Roast,3
2025-04-07,Cortado,94
2025-04-07,Estrella Damm (Caña),89
2025-04-07,Gambas al Ajillo,22
2025-04-07,Glass of Rioja,99
2025-04-07,Grilled Steak,5
2025-04-07,Menu del Dia,28
2025-04-07,Patatas Bravas,26
2025-04-07,Sangria Jug,126
2025-04-07,Seafood Paella,414
2025-04-07,Tortilla Espanola,33
2025-04-08,Chicken Roast,8
2025-04-08,Cortado,66
2025-04-08,Estrella Damm (Caña),58
2025-04-08,Gambas al Ajillo,11
2025-04-08,Glass of Rioja,65
2025-04-08,Grilled Steak,5
2025-04-08,Menu del Dia,26
2025-04-08,Patatas Bravas,14
2025-04-08,Sangria Jug,71
2025-04-08,Seafood Paella,223
2025-04-08,Tortilla Espanola,17
2025-04-09,Chicken Roast,3
2025-04-09,Cortado,96
2025-04-09,Estrella Damm (Caña),90
2025-04-09,Gambas al Ajillo,19
2025-04-09,Glass of Rioja,84
2025-04-09,Grilled Steak,1
2025-04-09,Menu del Dia,26
2025-04-09,Patatas Bravas,23
2025-04-09,Sangria Jug,91
2025-04-09,Seafood Paella,352
2025-04-09,Tortilla Espanola,19
2025-04-10,Chicken Roast,4
2025-04-10,Cortado,103
2025-04-10,Estrella Damm (Caña),107
2025-04-10,Gambas al Ajillo,24
2025-04-10,Glass of Rioja,93
2025-04-10,Grilled Steak,2
2025-04-10,Menu del Dia,31
2025-04-10,Patatas Bravas,24
2025-04-10,Sangria Jug,77
2025-04-10,Seafood Paella,377
2025-04-10,Tortilla Espanola,16
2025-04-11,Chicken Roast,2
2025-04-11,Cortado,125
2025-04-11,Estrella Damm (Caña),126
2025-04-11,Gambas al Ajillo,20
2025-04-11,Glass of Rioja,119
2025-04-11,Grilled Steak,1
2025-04-11,Menu del Dia,27
2025-04-11,Patatas Bravas,20
2025-04-11,Sangria Jug,120
2025-04-11,Seafood Paella,468
2025-04-11,Tortilla Espanola,23
2025-04-12,Cortado,49
2025-04-12,Estrella Damm (Caña),64
2025-04-12,Gambas al Ajillo,12
2025-04-12,Glass of Rioja,69
2025-04-12,Grilled Steak,1
2025-04-12,Menu del Dia,16
2025-04-12,Patatas Bravas,9
2025-04-12,Sangria Jug,67
2025-04-12,Seafood Paella,209
2025-04-12,Tortilla Espanola,16
2025-04-13,Chicken Roast,3
2025-04-13,Cortado,106
2025-04-13,Estrella Damm (Caña),90
2025-04-13,Gambas al Ajillo,18
2025-04-13,Glass of Rioja,102
2025-04-13,Grilled Steak,3
2025-04-13,Menu del Dia,16
2025-04-13,Patatas Bravas,25
2025-04-13,Sangria Jug,111
2025-04-13,Seafood Paella,364
2025-04-13,Tortilla Espanola,24
2025-04-14,Cortado,108
2025-04-14,Estrella Damm (Caña),74
2025-04-14,Gambas al Ajillo,14
2025-04-14,Glass of Rioja,110
2025-04-14,Menu del Dia,23
2025-04-14,Patatas Bravas,22
2025-04-14,Sangria Jug,99
2025-04-14,Seafood Paella,353
2025-04-14,Tortilla Espanola,17
2025-04-15,Chicken Roast,4
2025-04-15,Cortado,103
2025-04-15,Estrella Damm (Caña),89
2025-04-15,Gambas al Ajillo,15
2025-04-15,Glass of Rioja,96
2025-04-15,Menu del Dia,22
2025-04-15,Patatas Bravas,19
2025-04-15,Sangria Jug,86
2025-04-15,Seafood Paella,352
2025-04-15,Tortilla Espanola,27
2025-04-16,Chicken Roast,5
2025-04-16,Cortado,98
2025-04-16,Estrella Damm (Caña),88
2025-04-16,Gambas al Ajillo,20
2025-04-16,Glass of Rioja,87
2025-04-16,Grilled Steak,4
2025-04-16,Menu del Dia,21
2025-04-16,Patatas Bravas,13
2025-04-16,Sangria Jug,98
2025-04-16,Seafood Paella,385
2025-04-16,Tortilla Espanola,14
2025-04-17,Cortado,46
2025-04-17,Estrella Damm (Caña),41
2025-04-17,Gambas al Ajillo,10
2025-04-17,Glass of Rioja,63
2025-04-17,Grilled Steak,6
2025-04-17,Menu del Dia,22
2025-04-17,Patatas Bravas,7
2025-04-17,Sangria Jug,59
2025-04-17,Seafood Paella,195
2025-04-17,Tortilla Espanola,16
2025-04-18,Chicken Roast,2
2025-04-18,Cortado,67
2025-04-18,Estrella Damm (Caña),51
2025-04-18,Gambas al Ajillo,11
2025-04-18,Glass of Rioja,62
2025-04-18,Grilled Steak,4
2025-04-18,Menu del Dia,21
2025-04-18,Patatas Bravas,10
2025-04-18,Sangria Jug,51
2025-04-18,Seafood Paella,257
2025-04-18,Tortilla Espanola,11
2025-04-19,Chicken Roast,3
2025-04-19,Cortado,100
2025-04-19,Estrella Damm (Caña),119
2025-04-19,Gambas al Ajillo,11
2025-04-19,Glass of Rioja,117
2025-04-19,Grilled Steak,2
2025-04-19,Menu del Dia,25
2025-04-19,Patatas Bravas,14
2025-04-19,Sangria Jug,111
2025-04-19,Seafood Paella,413
2025-04-19,Tortilla Espanola,20
2025-04-20,Chicken Roast,5
2025-04-20,Cortado,106
2025-04-20,Estrella Damm (Caña),98
2025-04-20,Gambas al Ajillo,20
2025-04-20,Glass of Rioja,110
2025-04-20,Grilled Steak,5
2025-04-20,Menu del Dia,22
2025-04-20,Patatas Bravas,14
2025-04-20,Sangria Jug,86
2025-04-20,Seafood Paella,408
2025-04-20,Tortilla Espanola,20
2025-04-21,Cortado,54
2025-04-21,Estrella Damm (Caña),46
2025-04-21,Gambas al Ajillo,14
2025-04-21,Glass of Rioja,66
2025-04-21,Grilled Steak,2
2025-04-21,Menu del Dia,11
2025-04-21,Patatas Bravas,19
2025-04-21,Sangria Jug,48
2025-04-21,Seafood Paella,258
2025-04-21,Tortilla Espanola,15
2025-04-22,Chicken Roast,3
2025-04-22,Cortado,106
2025-04-22,Estrella Damm (Caña),90
2025-04-22,Gambas al Ajillo,29
2025-04-22,Glass of Rioja,104
2025-04-22,Grilled Steak,7
2025-04-22,Menu del Dia,24
2025-04-22,Patatas Bravas,19
2025-04-22,Sangria Jug,100
2025-04-22,Seafood Paella,430
2025-04-22,Tortilla Espanola,19
2025-04-23,Cortado,184
2025-04-23,Estrella Damm (Caña),183
2025-04-23,Gambas al Ajillo,15
2025-04-23,Glass of Rioja,176
2025-04-23,Menu del Dia,38
2025-04-23,Patatas Bravas,20
2025-04-23,Sangria Jug,166
2025-04-23,Seafood Paella,716
2025-04-23,Tortilla Espanola,21
2025-04-24,Chicken Roast,4
2025-04-24,Cortado,95
2025-04-24,Estrella Damm (Caña),90
2025-04-24,Gambas al Ajillo,13
2025-04-24,Glass of Rioja,84
2025-04-24,Menu del Dia,13
2025-04-24,Patatas Bravas,14
2025-04-24,Sangria Jug,89
2025-04-24,Seafood Paella,338
2025-04-24,Tortilla Espanola,11
2025-04-25,Chicken Roast,4
2025-04-25,Cortado,91
2025-04-25,Estrella Damm (Caña),106
2025-04-25,Gambas al Ajillo,16
2025-04-25,Glass of Rioja,107
2025-04-25,Grilled Steak,2
2025-04-25,Menu del Dia,28
2025-04-25,Patatas Bravas,17
2025-04-25,Sangria Jug,114
2025-04-25,Seafood Paella,419
2025-04-25,Tortilla Espanola,21
2025-04-26,Chicken Roast,6
2025-04-26,Cortado,85
2025-04-26,Estrella Damm (Caña),95
2025-04-26,Gambas al Ajillo,13
2025-04-26,Glass of Rioja,112
2025-04-26,Grilled Steak,1
2025-04-26,Menu del Dia,27
2025-04-26,Patatas Bravas,18
2025-04-26,Sangria Jug,90
2025-04-26,Seafood Paella,365
2025-04-26,Tortilla Espanola,20
2025-04-27,Chicken Roast,4
2025-04-27,Cortado,99
2025-04-27,Estrella Damm (Caña),87
2025-04-27,Gambas al Ajillo,20
2025-04-27,Glass of Rioja,98
2025-04-27,Grilled Steak,3
2025-04-27,Menu del Dia,28
2025-04-27,Patatas Bravas,18
2025-04-27,Sangria Jug,90
2025-04-27,Seafood Paella,412
2025-04-27,Tortilla Espanola,19
2025-04-28,Chicken Roast,2
2025-04-28,Cortado,56
2025-04-28,Estrella Damm (Caña),58
2025-04-28,Gambas al Ajillo,12
2025-04-28,Glass of Rioja,65
2025-04-28,Menu del Dia,11
2025-04-28,Patatas Bravas,7
2025-04-28,Sangria Jug,57
2025-04-28,Seafood Paella,220
2025-04-28,Tortilla Espanola,13
2025-04-29,Chicken Roast,4
2025-04-29,Cortado,98
2025-04-29,Estrella Damm (Caña),105
2025-04-29,Gambas al Ajillo,9
2025-04-29,Glass of Rioja,93
2025-04-29,Grilled Steak,2
2025-04-29,Menu del Dia,15
2025-04-29,Patatas Bravas,16
2025-04-29,Sangria Jug,94
2025-04-29,Seafood Paella,354
2025-04-29,Tortilla Espanola,12
2025-04-30,Chicken Roast,2
2025-04-30,Cortado,143
2025-04-30,Estrella Damm (Caña),126
2025-04-30,Gambas al Ajillo,23
2025-04-30,Glass of Rioja,126
2025-04-30,Grilled Steak,1
2025-04-30,Menu del Dia,34
2025-04-30,Patatas Bravas,22
2025-04-30,Sangria Jug,133
2025-04-30,Seafood Paella,503
2025-04-30,Tortilla Espanola,25
2025-05-01,Chicken Roast,1
2025-05-01,Cortado,69
2025-05-01,Estrella Damm (Caña),77
2025-05-01,Gambas al Ajillo,10
2025-05-01,Glass of Rioja,52
2025-05-01,Grilled Steak,1
2025-05-01,Menu del Dia,14
2025-05-01,Patatas Bravas,9
2025-05-01,Sangria Jug,57
2025-05-01,Seafood Paella,263
2025-05-01,Tortilla Espanola,5
2025-05-02,Chicken Roast,2
2025-05-02,Cortado,82
2025-05-02,Estrella Damm (Caña),56
2025-05-02,Gambas al Ajillo,11
2025-05-02,Glass of Rioja,68
2025-05-02,Menu del Dia,18
2025-05-02,Patatas Bravas,14
2025-05-02,Sangria Jug,61
2025-05-02,Seafood Paella,282
2025-05-02,Tortilla Espanola,16
2025-05-03,Chicken Roast,2
2025-05-03,Cortado,86
2025-05-03,Estrella Damm (Caña),104
2025-05-03,Gambas al Ajillo,14
2025-05-03,Glass of Rioja,82
2025-05-03,Grilled Steak,2
2025-05-03,Menu del Dia,21
2025-05-03,Patatas Bravas,12
2025-05-03,Sangria Jug,94
2025-05-03,Seafood Paella,363
2025-05-03,Tortilla Espanola,14
2025-05-04,Chicken Roast,6
2025-05-04,Cortado,99
2025-05-04,Estrella Damm (Caña),92
2025-05-04,Gambas al Ajillo,22
2025-05-04,Glass of Rioja,93
2025-05-04,Grilled Steak,1
2025-05-04,Menu del Dia,26
2025-05-04,Patatas Bravas,25
2025-05-04,Sangria Jug,90
2025-05-04,Seafood Paella,384
2025-05-04,Tortilla Espanola,29
2025-05-05,Chicken Roast,4
2025-05-05,Cortado,117
2025-05-05,Estrella Damm (Caña),115
2025-05-05,Gambas al Ajillo,29
2025-05-05,Glass of Rioja,108
2025-05-05,Grilled Steak,3
2025-05-05,Menu del Dia,31
2025-05-05,Patatas Bravas,28
2025-05-05,Sangria Jug,101
2025-05-05,Seafood Paella,366
2025-05-05,Tortilla Espanola,19
2025-05-06,Chicken Roast,2
2025-05-06,Cortado,130
2025-05-06,Estrella Damm (Caña),99
2025-05-06,Gambas al Ajillo,20
2025-05-06,Glass of Rioja,129
2025-05-06,Grilled Steak,3
2025-05-06,Menu del Dia,31
2025-05-06,Patatas Bravas,30
2025-05-06,Sangria Jug,95
2025-05-06,Seafood Paella,497
2025-05-06,Tortilla Espanola,31
2025-05-07,Chicken Roast,3
2025-05-07,Cortado,92
2025-05-07,Estrella Damm (Caña),96
2025-05-07,Gambas al Ajillo,26
2025-05-07,Glass of Rioja,98
2025-05-07,Grilled Steak,3
2025-05-07,Menu del Dia,13
2025-05-07,Patatas Bravas,22
2025-05-07,Sangria Jug,96
2025-05-07,Seafood Paella,385
2025-05-07,Tortilla Espanola,29
2025-05-08,Cortado,115
2025-05-08,Estrella Damm (Caña),121
2025-05-08,Gambas al Ajillo,27
2025-05-08,Glass of Rioja,120
2025-05-08,Grilled Steak,7
2025-05-08,Menu del Dia,28
2025-05-08,Patatas Bravas,25
2025-05-08,Sangria Jug,128
2025-05-08,Seafood Paella,465
2025-05-08,Tortilla Espanola,18
2025-05-09,Chicken Roast,3
2025-05-09,Cortado,86
2025-05-09,Estrella Damm (Caña),94
2025-05-09,Gambas al Ajillo,8
2025-05-09,Glass of Rioja,84
2025-05-09,Grilled Steak,1
2025-05-09,Menu del Dia,22
2025-05-09,Patatas Bravas,15
2025-05-09,Sangria Jug,80
2025-05-09,Seafood Paella,355
2025-05-09,Tortilla Espanola,14
2025-05-10,Chicken Roast,2
2025-05-10,Cortado,100
2025-05-10,Estrella Damm (Caña),92
2025-05-10,Gambas al Ajillo,18
2025-05-10,Glass of Rioja,100
2025-05-10,Menu del Dia,16
2025-05-10,Patatas Bravas,12
2025-05-10,Sangria Jug,90
2025-05-10,Seafood Paella,397
2025-05-10,Tortilla Espanola,10
2025-05-11,Chicken Roast,3
2025-05-11,Cortado,85
2025-05-11,Estrella Damm (Caña),99
2025-05-11,Gambas al Ajillo,32
2025-05-11,Glass of Rioja,95
2025-05-11,Grilled Steak,3
2025-05-11,Menu del Dia,20
2025-05-11,Patatas Bravas,19
2025-05-11,Sangria Jug,93
2025-05-11,Seafood Paella,317
2025-05-11,Tortilla Espanola,22
2025-05-12,Chicken Roast,3
2025-05-12,Cortado,100
2025-05-12,Estrella Damm (Caña),108
2025-05-12,Gambas al Ajillo,17
2025-05-12,Glass of Rioja,106
2025-05-12,Menu del Dia,24
2025-05-12,Patatas Bravas,21
2025-05-12,Sangria Jug,112
2025-05-12,Seafood Paella,415
2025-05-12,Tortilla Espanola,24
2025-05-13,Chicken Roast,4
2025-05-13,Cortado,67
2025-05-13,Estrella Damm (Caña),64
2025-05-13,Gambas al Ajillo,8
2025-05-13,Glass of Rioja,56
2025-05-13,Grilled Steak,2
2025-05-13,Menu del Dia,16
2025-05-13,Patatas Bravas,12
2025-05-13,Sangria Jug,50
2025-05-13,Seafood Paella,242
2025-05-13,Tortilla Espanola,16
2025-05-14,Chicken Roast,4
2025-05-14,Cortado,105
2025-05-14,Estrella Damm (Caña),102
2025-05-14,Gambas al Ajillo,22
2025-05-14,Glass of Rioja,115
2025-05-14,Menu del Dia,27
2025-05-14,Patatas Bravas,22
2025-05-14,Sangria Jug,125
2025-05-14,Seafood Paella,438
2025-05-14,Tortilla Espanola,12
2025-05-15,Cortado,69
2025-05-15,Estrella Damm (Caña),68
2025-05-15,Gambas al Ajillo,15
2025-05-15,Glass of Rioja,45
2025-05-15,Grilled Steak,3
2025-05-15,Menu del Dia,14
2025-05-15,Patatas Bravas,12
2025-05-15,Sangria Jug,81
2025-05-15,Seafood Paella,258
2025-05-15,Tortilla Espanola,19
2025-05-16,Chicken Roast,5
2025-05-16,Cortado,97
2025-05-16,Estrella Damm (Caña),91
2025-05-16,Gambas al Ajillo,24
2025-05-16,Glass of Rioja,112
2025-05-16,Grilled Steak,3
2025-05-16,Menu del Dia,26
2025-05-16,Patatas Bravas,12
2025-05-16,Sangria Jug,94
2025-05-16,Seafood Paella,362
2025-05-16,Tortilla Espanola,23
2025-05-17,Chicken Roast,1
2025-05-17,Cortado,48
2025-05-17,Estrella Damm (Caña),58
2025-05-17,Gambas al Ajillo,16
2025-05-17,Glass of Rioja,38
2025-05-17,Grilled Steak,4
2025-05-17,Menu del Dia,13
2025-05-17,Patatas Bravas,9
2025-05-17,Sangria Jug,59
2025-05-17,Seafood Paella,196
2025-05-17,Tortilla Espanola,10
2025-05-18,Cortado,57
2025-05-18,Estrella Damm (Caña),62
2025-05-18,Gambas al Ajillo,10
2025-05-18,Glass of Rioja,64
2025-05-18,Menu del Dia,18
2025-05-18,Patatas Bravas,6
2025-05-18,Sangria Jug,62
2025-05-18,Seafood Paella,261
2025-05-18,Tortilla Espanola,10
2025-05-19,Chicken Roast,1
2025-05-19,Cortado,115
2025-05-19,Estrella Damm (Caña),120
2025-05-19,Gambas al Ajillo,9
2025-05-19,Glass of Rioja,112
2025-05-19,Menu del Dia,20
2025-05-19,Patatas Bravas,13
2025-05-19,Sangria Jug,100
2025-05-19,Seafood Paella,418
2025-05-19,Tortilla Espanola,16
2025-05-20,Chicken Roast,2
2025-05-20,Cortado,82
2025-05-20,Estrella Damm (Caña),87
2025-05-20,Gambas al Ajillo,20
2025-05-20,Glass of Rioja,93
2025-05-20,Grilled Steak,2
2025-05-20,Menu del Dia,20
2025-05-20,Patatas Bravas,17
2025-05-20,Sangria Jug,80
2025-05-20,Seafood Paella,356
2025-05-20,Tortilla Espanola,20
2025-05-21,Chicken Roast,1
2025-05-21,Cortado,56
2025-05-21,Estrella Damm (Caña),56
2025-05-21,Gambas al Ajillo,19
2025-05-21,Glass of Rioja,47
2025-05-21,Grilled Steak,2
2025-05-21,Menu del Dia,12
2025-05-21,Patatas Bravas,13
2025-05-21,Sangria Jug,78
2025-05-21,Seafood Paella,248
2025-05-21,Tortilla Espanola,4
2025-05-22,Chicken Roast,4
2025-05-22,Cortado,123
2025-05-22,Estrella Damm (Caña),118
2025-05-22,Gambas al Ajillo,21
2025-05-22,Glass of Rioja,110
2025-05-22,Grilled Steak,1
2025-05-22,Menu del Dia,35
2025-05-22,Patatas Bravas,21
2025-05-22,Sangria Jug,116
2025-05-22,Seafood Paella,435
2025-05-22,Tortilla Espanola,22
2025-05-23,Chicken Roast,1
2025-05-23,Cortado,103
2025-05-23,Estrella Damm (Caña),78
2025-05-23,Gambas al Ajillo,28
2025-05-23,Glass of Rioja,85
2025-05-23,Grilled Steak,4
2025-05-23,Menu del Dia,17
2025-05-23,Patatas Bravas,24
2025-05-23,Sangria Jug,108
2025-05-23,Seafood Paella,428
2025-05-23,Tortilla Espanola,25
2025-05-24,Cortado,100
2025-05-24,Estrella Damm (Caña),102
2025-05-24,Gambas al Ajillo,21
2025-05-24,Glass of Rioja,98
2025-05-24,Menu del Dia,27
2025-05-24,Patatas Bravas,25
2025-05-24,Sangria Jug,95
2025-05-24,Seafood Paella,377
2025-05-24,Tortilla Espanola,22
2025-05-25,Chicken Roast,2
2025-05-25,Cortado,102
2025-05-25,Estrella Damm (Caña),94
2025-05-25,Gambas al Ajillo,17
2025-05-25,Glass of Rioja,96
2025-05-25,Grilled Steak,4
2025-05-25,Menu del Dia,27
2025-05-25,Patatas Bravas,21
2025-05-25,Sangria Jug,80
2025-05-25,Seafood Paella,353
2025-05-25,Tortilla Espanola,21
2025-05-26,Chicken Roast,2
2025-05-26,Cortado,98
2025-05-26,Estrella Damm (Caña),107
2025-05-26,Gambas al Ajillo,19
2025-05-26,Glass of Rioja,95
2025-05-26,Grilled Steak,2
2025-05-26,Menu del Dia,29
2025-05-26,Patatas Bravas,19
2025-05-26,Sangria Jug,101
2025-05-26,Seafood Paella,428
2025-05-26,Tortilla Espanola,21
2025-05-27,Chicken Roast,5
2025-05-27,Cortado,105
2025-05-27,Estrella Damm (Caña),85
2025-05-27,Gambas al Ajillo,15
2025-05-27,Glass of Rioja,114
2025-05-27,Grilled Steak,6
2025-05-27,Menu del Dia,29
2025-05-27,Patatas Bravas,24
2025-05-27,Sangria Jug,116
2025-05-27,Seafood Paella,414
2025-05-27,Tortilla Espanola,22
2025-05-28,Chicken Roast,2
2025-05-28,Cortado,125
2025-05-28,Estrella Damm (Caña),102
2025-05-28,Gambas al Ajillo,22
2025-05-28,Glass of Rioja,108
2025-05-28,Grilled Steak,4
2025-05-28,Menu del Dia,27
2025-05-28,Patatas Bravas,24
2025-05-28,Sangria Jug,111
2025-05-28,Seafood Paella,441
2025-05-28,Tortilla Espanola,19
2025-05-29,Cortado,88
2025-05-29,Estrella Damm (Caña),80
2025-05-29,Gambas al Ajillo,20
2025-05-29,Glass of Rioja,79
2025-05-29,Grilled Steak,4
2025-05-29,Menu del Dia,28
2025-05-29,Patatas Bravas,12
2025-05-29,Sangria Jug,70
2025-05-29,Seafood Paella,338
2025-05-29,Tortilla Espanola,15
2025-05-30,Chicken Roast,2
2025-05-30,Cortado,115
2025-05-30,Estrella Damm (Caña),76
2025-05-30,Gambas al Ajillo,23
2025-05-30,Glass of Rioja,119
2025-05-30,Grilled Steak,1
2025-05-30,Menu del Dia,28
2025-05-30,Patatas Bravas,22
2025-05-30,Sangria Jug,111
2025-05-30,Seafood Paella,418
2025-05-30,Tortilla Espanola,31
2025-05-31,Chicken Roast,3
2025-05-31,Cortado,129
2025-05-31,Estrella Damm (Caña),130
2025-05-31,Gambas al Ajillo,24
2025-05-31,Glass of Rioja,153
2025-05-31,Grilled Steak,2
2025-05-31,Menu del Dia,18
2025-05-31,Patatas Bravas,22
2025-05-31,Sangria Jug,117
2025-05-31,Seafood Paella,461
2025-05-31,Tortilla Espanola,34
2025-06-01,Chicken Roast,1
2025-06-01,Cortado,94
2025-06-01,Estrella Damm (Caña),74
2025-06-01,Gambas al Ajillo,14
2025-06-01,Glass of Rioja,110
2025-06-01,Grilled Steak,3
2025-06-01,Menu del Dia,25
2025-06-01,Patatas Bravas,15
2025-06-01,Sangria Jug,113
2025-06-01,Seafood Paella,344
2025-06-01,Tortilla Espanola,18
2025-06-02,Chicken Roast,4
2025-06-02,Cortado,87
2025-06-02,Estrella Damm (Caña),89
2025-06-02,Gambas al Ajillo,16
2025-06-02,Glass of Rioja,93
2025-06-02,Grilled Steak,3
2025-06-02,Menu del Dia,24
2025-06-02,Patatas Bravas,14
2025-06-02,Sangria Jug,99
2025-06-02,Seafood Paella,337
2025-06-02,Tortilla Espanola,9
2025-06-03,Cortado,91
2025-06-03,Estrella Damm (Caña),96
2025-06-03,Gambas al Ajillo,22
2025-06-03,Glass of Rioja,103
2025-06-03,Grilled Steak,2
2025-06-03,Menu del Dia,25
2025-06-03,Patatas Bravas,17
2025-06-03,Sangria Jug,107
2025-06-03,Seafood Paella,432
2025-06-03,Tortilla Espanola,23
2025-06-04,Chicken Roast,4
2025-06-04,Cortado,92
2025-06-04,Estrella Damm (Caña),107
2025-06-04,Gambas al Ajillo,29
2025-06-04,Glass of Rioja,96
2025-06-04,Grilled Steak,1
2025-06-04,Menu del Dia,22
2025-06-04,Patatas Bravas,33
2025-06-04,Sangria Jug,105
2025-06-04,Seafood Paella,399
2025-06-04,Tortilla Espanola,19
2025-06-05,Chicken Roast,3
2025-06-05,Cortado,102
2025-06-05,Estrella Damm (Caña),105
2025-06-05,Gambas al Ajillo,16
2025-06-05,Glass of Rioja,113
2025-06-05,Grilled Steak,6
2025-06-05,Menu del Dia,35
2025-06-05,Patatas Bravas,19
2025-06-05,Sangria Jug,110
2025-06-05,Seafood Paella,431
2025-06-05,Tortilla Espanola,19
2025-06-06,Chicken Roast,7
2025-06-06,Cortado,107
2025-06-06,Estrella Damm (Caña),94
2025-06-06,Gambas al Ajillo,32
2025-06-06,Glass of Rioja,116
2025-06-06,Grilled Steak,4
2025-06-06,Menu del Dia,24
2025-06-06,Patatas Bravas,22
2025-06-06,Sangria Jug,99
2025-06-06,Seafood Paella,405
2025-06-06,Tortilla Espanola,17
2025-06-07,Chicken Roast,4
2025-06-07,Cortado,56
2025-06-07,Estrella Damm (Caña),57
2025-06-07,Gambas al Ajillo,7
2025-06-07,Glass of Rioja,62
2025-06-07,Menu del Dia,17
2025-06-07,Patatas Bravas,10
2025-06-07,Sangria Jug,64
2025-06-07,Seafood Paella,256
2025-06-07,Tortilla Espanola,8
2025-06-08,Chicken Roast,1
2025-06-08,Cortado,45
2025-06-08,Estrella Damm (Caña),50
2025-06-08,Gambas al Ajillo,12
2025-06-08,Glass of Rioja,48
2025-06-08,Grilled Steak,1
2025-06-08,Menu del Dia,15
2025-06-08,Patatas Bravas,15
2025-06-08,Sangria Jug,48
2025-06-08,Seafood Paella,195
2025-06-08,Tortilla Espanola,16
2025-06-09,Cortado,96
2025-06-09,Estrella Damm (Caña),89
2025-06-09,Gambas al Ajillo,23
2025-06-09,Glass of Rioja,97
2025-06-09,Grilled Steak,6
2025-06-09,Menu del Dia,23
2025-06-09,Patatas Bravas,23
2025-06-09,Sangria Jug,96
2025-06-09,Seafood Paella,377
2025-06-09,Tortilla Espanola,24
2025-06-10,Chicken Roast,1
2025-06-10,Cortado,95
2025-06-10,Estrella Damm (Caña),99
2025-06-10,Gambas al Ajillo,8
2025-06-10,Glass of Rioja,112
2025-06-10,Grilled Steak,2
2025-06-10,Menu del Dia,28
2025-06-10,Patatas Bravas,7
2025-06-10,Sangria Jug,85
2025-06-10,Seafood Paella,332
2025-06-10,Tortilla Espanola,10
2025-06-11,Cortado,104
2025-06-11,Estrella Damm (Caña),109
2025-06-11,Gambas al Ajillo,25
2025-06-11,Glass of Rioja,119
2025-06-11,Grilled Steak,1
2025-06-11,Menu del Dia,17
2025-06-11,Patatas Bravas,19
2025-06-11,Sangria Jug,107
2025-06-11,Seafood Paella,416
2025-06-11,Tortilla Espanola,21
2025-06-12,Chicken Roast,2
2025-06-12,Cortado,75
2025-06-12,Estrella Damm (Caña),92
2025-06-12,Gambas al Ajillo,14
2025-06-12,Glass of Rioja,99
2025-06-12,Grilled Steak,2
2025-06-12,Menu del Dia,19
2025-06-12,Patatas Bravas,21
2025-06-12,Sangria Jug,97
2025-06-12,Seafood Paella,392
2025-06-12,Tortilla Espanola,22
2025-06-13,Chicken Roast,2
2025-06-13,Cortado,95
2025-06-13,Estrella Damm (Caña),101
2025-06-13,Gambas al Ajillo,13
2025-06-13,Glass of Rioja,86
2025-06-13,Menu del Dia,17
2025-06-13,Patatas Bravas,22
2025-06-13,Sangria Jug,114
2025-06-13,Seafood Paella,381
2025-06-13,Tortilla Espanola,15
2025-06-14,Chicken Roast,1
2025-06-14,Cortado,120
2025-06-14,Estrella Damm (Caña),100
2025-06-14,Gambas al Ajillo,12
2025-06-14,Glass of Rioja,105
2025-06-14,Grilled Steak,2
2025-06-14,Menu del Dia,27
2025-06-14,Patatas Bravas,13
2025-06-14,Sangria Jug,98
2025-06-14,Seafood Paella,459
2025-06-14,Tortilla Espanola,14
2025-06-15,Chicken Roast,4
2025-06-15,Cortado,112
2025-06-15,Estrella Damm (Caña),104
2025-06-15,Gambas al Ajillo,20
2025-06-15,Glass of Rioja,88
2025-06-15,Grilled Steak,6
2025-06-15,Menu del Dia,25
2025-06-15,Patatas Bravas,22
2025-06-15,Sangria Jug,112
2025-06-15,Seafood Paella,399
2025-06-15,Tortilla Espanola,24
2025-06-16,Chicken Roast,6
2025-06-16,Cortado,110
2025-06-16,Estrella Damm (Caña),123
2025-06-16,Gambas al Ajillo,16
2025-06-16,Glass of Rioja,89
2025-06-16,Grilled Steak,2
2025-06-16,Menu del Dia,28
2025-06-16,Patatas Bravas,29
2025-06-16,Sangria Jug,97
2025-06-16,Seafood Paella,382
2025-06-16,Tortilla Espanola,20
2025-06-17,Chicken Roast,2
2025-06-17,Cortado,112
2025-06-17,Estrella Damm (Caña),138
2025-06-17,Gambas al Ajillo,21
2025-06-17,Glass of Rioja,108
2025-06-17,Grilled Steak,3
2025-06-17,Menu del Dia,30
2025-06-17,Patatas Bravas,26
2025-06-17,Sangria Jug,132
2025-06-17,Seafood Paella,473
2025-06-17,Tortilla Espanola,23
2025-06-18,Chicken Roast,2
2025-06-18,Cortado,107
2025-06-18,Estrella Damm (Caña),80
2025-06-18,Gambas al Ajillo,28
2025-06-18,Glass of Rioja,97
2025-06-18,Grilled Steak,6
2025-06-18,Menu del Dia,19
2025-06-18,Patatas Bravas,34
2025-06-18,Sangria Jug,128
2025-06-18,Seafood Paella,431
2025-06-18,Tortilla Espanola,18
2025-06-19,Chicken Roast,1
2025-06-19,Cortado,85
2025-06-19,Estrella Damm (Caña),115
2025-06-19,Gambas al Ajillo,13
2025-06-19,Glass of Rioja,91
2025-06-19,Grilled Steak,3
2025-06-19,Menu del Dia,27
2025-06-19,Patatas Bravas,12
2025-06-19,Sangria Jug,109
2025-06-19,Seafood Paella,374
2025-06-19,Tortilla Espanola,17
2025-06-20,Chicken Roast,5
2025-06-20,Cortado,81
2025-06-20,Estrella Damm (Caña),103
2025-06-20,Gambas al Ajillo,10
2025-06-20,Glass of Rioja,77
2025-06-20,Menu del Dia,12
2025-06-20,Patatas Bravas,26
2025-06-20,Sangria Jug,71
2025-06-20,Seafood Paella,308
2025-06-20,Tortilla Espanola,9
2025-06-21,Chicken Roast,1
2025-06-21,Cortado,80
2025-06-21,Estrella Damm (Caña),76
2025-06-21,Gambas al Ajillo,9
2025-06-21,Glass of Rioja,59
2025-06-21,Grilled Steak,2
2025-06-21,Menu del Dia,16
2025-06-21,Patatas Bravas,7
2025-06-21,Sangria Jug,99
2025-06-21,Seafood Paella,314
2025-06-21,Tortilla Espanola,5
2025-06-22,Chicken Roast,2
2025-06-22,Cortado,88
2025-06-22,Estrella Damm (Caña),78
2025-06-22,Gambas al Ajillo,9
2025-06-22,Glass of Rioja,85
2025-06-22,Grilled Steak,5
2025-06-22,Menu del Dia,20
2025-06-22,Patatas Bravas,16
2025-06-22,Sangria Jug,85
2025-06-22,Seafood Paella,318
2025-06-22,Tortilla Espanola,11
2025-06-23,Chicken Roast,6
2025-06-23,Cortado,113
2025-06-23,Estrella Damm (Caña),92
2025-06-23,Gambas al Ajillo,20
2025-06-23,Glass of Rioja,100
2025-06-23,Grilled Steak,2
2025-06-23,Menu del Dia,45
2025-06-23,Patatas Bravas,23
2025-06-23,Sangria Jug,113
2025-06-23,Seafood Paella,430
2025-06-23,Tortilla Espanola,30
2025-06-24,Chicken Roast,6
2025-06-24,Cortado,128
2025-06-24,Estrella Damm (Caña),110
2025-06-24,Gambas al Ajillo,19
2025-06-24,Glass of Rioja,118
2025-06-24,Grilled Steak,3
2025-06-24,Menu del Dia,30
2025-06-24,Patatas Bravas,27
2025-06-24,Sangria Jug,94
2025-06-24,Seafood Paella,459
2025-06-24,Tortilla Espanola,32
2025-06-25,Chicken Roast,2
2025-06-25,Cortado,59
2025-06-25,Estrella Damm (Caña),84
2025-06-25,Gambas al Ajillo,12
2025-06-25,Glass of Rioja,63
2025-06-25,Grilled Steak,1
2025-06-25,Menu del Dia,16
2025-06-25,Patatas Bravas,16
2025-06-25,Sangria Jug,53
2025-06-25,Seafood Paella,261
2025-06-25,Tortilla Espanola,15
2025-06-26,Chicken Roast,1
2025-06-26,Cortado,99
2025-06-26,Estrella Damm (Caña),93
2025-06-26,Gambas al Ajillo,17
2025-06-26,Glass of Rioja,98
2025-06-26,Grilled Steak,3
2025-06-26,Menu del Dia,27
2025-06-26,Patatas Bravas,14
2025-06-26,Sangria Jug,111
2025-06-26,Seafood Paella,436
2025-06-26,Tortilla Espanola,12
2025-06-27,Chicken Roast,3
2025-06-27,Cortado,95
2025-06-27,Estrella Damm (Caña),97
2025-06-27,Gambas al Ajillo,21
2025-06-27,Glass of Rioja,81
2025-06-27,Grilled Steak,3
2025-06-27,Menu del Dia,26
2025-06-27,Patatas Bravas,13
2025-06-27,Sangria Jug,95
2025-06-27,Seafood Paella,357
2025-06-27,Tortilla Espanola,10
2025-06-28,Chicken Roast,1
2025-06-28,Cortado,124
2025-06-28,Estrella Damm (Caña),100
2025-06-28,Gambas al Ajillo,29
2025-06-28,Glass of Rioja,114
2025-06-28,Grilled Steak,3
2025-06-28,Menu del Dia,32
2025-06-28,Patatas Bravas,25
2025-06-28,Sangria Jug,114
2025-06-28,Seafood Paella,444
2025-06-28,Tortilla Espanola,12
2025-06-29,Chicken Roast,5
2025-06-29,Cortado,111
2025-06-29,Estrella Damm (Caña),81
2025-06-29,Gambas al Ajillo,24
2025-06-29,Glass of Rioja,93
2025-06-29,Grilled Steak,1
2025-06-29,Menu del Dia,23
2025-06-29,Patatas Bravas,21
2025-06-29,Sangria Jug,111
2025-06-29,Seafood Paella,373
2025-06-29,Tortilla Espanola,25
2025-06-30,Chicken Roast,1
2025-06-30,Cortado,97
2025-06-30,Estrella Damm (Caña),113
2025-06-30,Gambas al Ajillo,26
2025-06-30,Glass of Rioja,85
2025-06-30,Grilled Steak,7
2025-06-30,Menu del Dia,19
2025-06-30,Patatas Bravas,23
2025-06-30,Sangria Jug,109
2025-06-30,Seafood Paella,403
2025-06-30,Tortilla Espanola,25
2025-07-01,Chicken Roast,5
2025-07-01,Cortado,67
2025-07-01,Estrella Damm (Caña),97
2025-07-01,Gambas al Ajillo,20
2025-07-01,Glass of Rioja,77
2025-07-01,Grilled Steak,2
2025-07-01,Menu del Dia,30
2025-07-01,Patatas Bravas,11
2025-07-01,Sangria Jug,100
2025-07-01,Seafood Paella,358
2025-07-01,Tortilla Espanola,18
2025-07-02,Chicken Roast,2
2025-07-02,Cortado,79
2025-07-02,Estrella Damm (Caña),113
2025-07-02,Gambas al Ajillo,20
2025-07-02,Glass of Rioja,97
2025-07-02,Menu del Dia,24
2025-07-02,Patatas Bravas,23
2025-07-02,Sangria Jug,79
2025-07-02,Seafood Paella,363
2025-07-02,Tortilla Espanola,33
2025-07-03,Chicken Roast,7
2025-07-03,Cortado,70
2025-07-03,Estrella Damm (Caña),68
2025-07-03,Gambas al Ajillo,20
2025-07-03,Glass of Rioja,87
2025-07-03,Grilled Steak,3
2025-07-03,Menu del Dia,23
2025-07-03,Patatas Bravas,22
2025-07-03,Sangria Jug,76
2025-07-03,Seafood Paella,309
2025-07-03,Tortilla Espanola,16
2025-07-04,Chicken Roast,2
2025-07-04,Cortado,94
2025-07-04,Estrella Damm (Caña),105
2025-07-04,Gambas al Ajillo,24
2025-07-04,Glass of Rioja,114
2025-07-04,Grilled Steak,2
2025-07-04,Menu del Dia,20
2025-07-04,Patatas Bravas,28
2025-07-04,Sangria Jug,106
2025-07-04,Seafood Paella,399
2025-07-04,Tortilla Espanola,12
2025-07-05,Chicken Roast,2
2025-07-05,Cortado,93
2025-07-05,Estrella Damm (Caña),86
2025-07-05,Gambas al Ajillo,25
2025-07-05,Glass of Rioja,101
2025-07-05,Grilled Steak,5
2025-07-05,Menu del Dia,25
2025-07-05,Patatas Bravas,24
2025-07-05,Sangria Jug,114
2025-07-05,Seafood Paella,398
2025-07-05,Tortilla Espanola,12
2025-07-06,Chicken Roast,1
2025-07-06,Cortado,126
2025-07-06,Estrella Damm (Caña),116
2025-07-06,Gambas al Ajillo,19
2025-07-06,Glass of Rioja,124
2025-07-06,Grilled Steak,4
2025-07-06,Menu del Dia,18
2025-07-06,Patatas Bravas,17
2025-07-06,Sangria Jug,116
2025-07-06,Seafood Paella,412
2025-07-06,Tortilla Espanola,22
2025-07-07,Chicken Roast,6
2025-07-07,Cortado,109
2025-07-07,Estrella Damm (Caña),113
2025-07-07,Gambas al Ajillo,20
2025-07-07,Glass of Rioja,97
2025-07-07,Grilled Steak,8
2025-07-07,Menu del Dia,28
2025-07-07,Patatas Bravas,19
2025-07-07,Sangria Jug,99
2025-07-07,Seafood Paella,424
2025-07-07,Tortilla Espanola,15
2025-07-08,Cortado,107
2025-07-08,Estrella Damm (Caña),94
2025-07-08,Gambas al Ajillo,13
2025-07-08,Glass of Rioja,104
2025-07-08,Grilled Steak,3
2025-07-08,Menu del Dia,23
2025-07-08,Patatas Bravas,19
2025-07-08,Sangria Jug,98
2025-07-08,Seafood Paella,331
2025-07-08,Tortilla Espanola,17
2025-07-09,Chicken Roast,5
2025-07-09,Cortado,112
2025-07-09,Estrella Damm (Caña),115
2025-07-09,Gambas al Ajillo,20
2025-07-09,Glass of Rioja,127
2025-07-09,Grilled Steak,1
2025-07-09,Menu del Dia,35
2025-07-09,Patatas Bravas,29
2025-07-09,Sangria Jug,108
2025-07-09,Seafood Paella,442
2025-07-09,Tortilla Espanola,20
2025-07-10,Chicken Roast,4
2025-07-10,Cortado,97
2025-07-10,Estrella Damm (Caña),83
2025-07-10,Gambas al Ajillo,12
2025-07-10,Glass of Rioja,92
2025-07-10,Grilled Steak,5
2025-07-10,Menu del Dia,23
2025-07-10,Patatas Bravas,10
2025-07-10,Sangria Jug,100
2025-07-10,Seafood Paella,327
2025-07-10,Tortilla Espanola,19
2025-07-11,Chicken Roast,4
2025-07-11,Cortado,108
2025-07-11,Estrella Damm (Caña),106
2025-07-11,Gambas al Ajillo,27
2025-07-11,Glass of Rioja,109
2025-07-11,Grilled Steak,3
2025-07-11,Menu del Dia,20
2025-07-11,Patatas Bravas,26
2025-07-11,Sangria Jug,102
2025-07-11,Seafood Paella,425
2025-07-11,Tortilla Espanola,27
2025-07-12,Chicken Roast,4
2025-07-12,Cortado,112
2025-07-12,Estrella Damm (Caña),113
2025-07-12,Gambas al Ajillo,13
2025-07-12,Glass of Rioja,98
2025-07-12,Grilled Steak,4
2025-07-12,Menu del Dia,22
2025-07-12,Patatas Bravas,17
2025-07-12,Sangria Jug,99
2025-07-12,Seafood Paella,389
2025-07-12,Tortilla Espanola,17
2025-07-13,Chicken Roast,2
2025-07-13,Cortado,99
2025-07-13,Estrella Damm (Caña),107
2025-07-13,Gambas al Ajillo,26
2025-07-13,Glass of Rioja,89
2025-07-13,Grilled Steak,2
2025-07-13,Menu del Dia,15
2025-07-13,Patatas Bravas,29
2025-07-13,Sangria Jug,89
2025-07-13,Seafood Paella,415
2025-07-13,Tortilla Espanola,28
2025-07-14,Chicken Roast,5
2025-07-14,Cortado,98
2025-07-14,Estrella Damm (Caña),89
2025-07-14,Gambas al Ajillo,19
2025-07-14,Glass of Rioja,101
2025-07-14,Grilled Steak,3
2025-07-14,Menu del Dia,29
2025-07-14,Patatas Bravas,15
2025-07-14,Sangria Jug,88
2025-07-14,Seafood Paella,398
2025-07-14,Tortilla Espanola,25
2025-07-15,Chicken Roast,1
2025-07-15,Cortado,66
2025-07-15,Estrella Damm (Caña),52
2025-07-15,Gambas al Ajillo,16
2025-07-15,Glass of Rioja,52
2025-07-15,Grilled Steak,1
2025-07-15,Menu del Dia,8
2025-07-15,Patatas Bravas,13
2025-07-15,Sangria Jug,55
2025-07-15,Seafood Paella,239
2025-07-15,Tortilla Espanola,12
2025-07-16,Chicken Roast,4
2025-07-16,Cortado,102
2025-07-16,Estrella Damm (Caña),117
2025-07-16,Gambas al Ajillo,23
2025-07-16,Glass of Rioja,103
2025-07-16,Menu del Dia,19
2025-07-16,Patatas Bravas,19
2025-07-16,Sangria Jug,112
2025-07-16,Seafood Paella,359
2025-07-16,Tortilla Espanola,23
2025-07-17,Chicken Roast,2
2025-07-17,Cortado,101
2025-07-17,Estrella Damm (Caña),116
2025-07-17,Gambas al Ajillo,21
2025-07-17,Glass of Rioja,108
2025-07-17,Grilled Steak,2
2025-07-17,Menu del Dia,19
2025-07-17,Patatas Bravas,17
2025-07-17,Sangria Jug,112
2025-07-17,Seafood Paella,398
2025-07-17,Tortilla Espanola,20
2025-07-18,Chicken Roast,2
2025-07-18,Cortado,72
2025-07-18,Estrella Damm (Caña),81
2025-07-18,Gambas al Ajillo,21
2025-07-18,Glass of Rioja,86
2025-07-18,Grilled Steak,3
2025-07-18,Menu del Dia,21
2025-07-18,Patatas Bravas,13
2025-07-18,Sangria Jug,86
2025-07-18,Seafood Paella,324
2025-07-18,Tortilla Espanola,19
2025-07-19,Chicken Roast,5
2025-07-19,Cortado,106
2025-07-19,Estrella Damm (Caña),116
2025-07-19,Gambas al Ajillo,22
2025-07-19,Glass of Rioja,100
2025-07-19,Grilled Steak,4
2025-07-19,Menu del Dia,29
2025-07-19,Patatas Bravas,27
2025-07-19,Sangria Jug,93
2025-07-19,Seafood Paella,425
2025-07-19,Tortilla Espanola,24
2025-07-20,Chicken Roast,5
2025-07-20,Cortado,137
2025-07-20,Estrella Damm (Caña),84
2025-07-20,Gambas al Ajillo,11
2025-07-20,Glass of Rioja,126
2025-07-20,Grilled Steak,3
2025-07-20,Menu del Dia,36
2025-07-20,Patatas Bravas,16
2025-07-20,Sangria Jug,114
2025-07-20,Seafood Paella,405
2025-07-20,Tortilla Espanola,14
2025-07-21,Chicken Roast,2
2025-07-21,Cortado,80
2025-07-21,Estrella Damm (Caña),76
2025-07-21,Gambas al Ajillo,15
2025-07-21,Glass of Rioja,85
2025-07-21,Grilled Steak,1
2025-07-21,Menu del Dia,14
2025-07-21,Patatas Bravas,14
2025-07-21,Sangria Jug,96
2025-07-21,Seafood Paella,349
2025-07-21,Tortilla Espanola,9
2025-07-22,Chicken Roast,2
2025-07-22,Cortado,106
2025-07-22,Estrella Damm (Caña),108
2025-07-22,Gambas al Ajillo,15
2025-07-22,Glass of Rioja,118
2025-07-22,Grilled Steak,4
2025-07-22,Menu del Dia,22
2025-07-22,Patatas Bravas,17
2025-07-22,Sangria Jug,134
2025-07-22,Seafood Paella,447
2025-07-22,Tortilla Espanola,21
2025-07-23,Chicken Roast,4
2025-07-23,Cortado,83
2025-07-23,Estrella Damm (Caña),74
2025-07-23,Gambas al Ajillo,17
2025-07-23,Glass of Rioja,111
2025-07-23,Grilled Steak,3
2025-07-23,Menu del Dia,18
2025-07-23,Patatas Bravas,20
2025-07-23,Sangria Jug,94
2025-07-23,Seafood Paella,338
2025-07-23,Tortilla Espanola,17
2025-07-24,Chicken Roast,2
2025-07-24,Cortado,95
2025-07-24,Estrella Damm (Caña),89
2025-07-24,Gambas al Ajillo,19
2025-07-24,Glass of Rioja,113
2025-07-24,Menu del Dia,25
2025-07-24,Patatas Bravas,12
2025-07-24,Sangria Jug,108
2025-07-24,Seafood Paella,413
2025-07-24,Tortilla Espanola,16
2025-07-25,Chicken Roast,4
2025-07-25,Cortado,123
2025-07-25,Estrella Damm (Caña),103
2025-07-25,Gambas al Ajillo,17
2025-07-25,Glass of Rioja,104
2025-07-25,Grilled Steak,2
2025-07-25,Menu del Dia,29
2025-07-25,Patatas Bravas,33
2025-07-25,Sangria Jug,101
2025-07-25,Seafood Paella,397
2025-07-25,Tortilla Espanola,23
2025-07-26,Chicken Roast,1
2025-07-26,Cortado,77
2025-07-26,Estrella Damm (Caña),96
2025-07-26,Gambas al Ajillo,15
2025-07-26,Glass of Rioja,94
2025-07-26,Grilled Steak,3
2025-07-26,Menu del Dia,26
2025-07-26,Patatas Bravas,19
2025-07-26,Sangria Jug,113
2025-07-26,Seafood Paella,400
2025-07-26,Tortilla Espanola,28
2025-07-27,Chicken Roast,2
2025-07-27,Cortado,104
2025-07-27,Estrella Damm (Caña),142
2025-07-27,Gambas al Ajillo,22
2025-07-27,Glass of Rioja,114
2025-07-27,Grilled Steak,2
2025-07-27,Menu del Dia,28
2025-07-27,Patatas Bravas,24
2025-07-27,Sangria Jug,126
2025-07-27,Seafood Paella,467
2025-07-27,Tortilla Espanola,34
2025-07-28,Chicken Roast,1
2025-07-28,Cortado,84
2025-07-28,Estrella Damm (Caña),72
2025-07-28,Gambas al Ajillo,13
2025-07-28,Glass of Rioja,85
2025-07-28,Grilled Steak,2
2025-07-28,Menu del Dia,24
2025-07-28,Patatas Bravas,17
2025-07-28,Sangria Jug,97
2025-07-28,Seafood Paella,345
2025-07-28,Tortilla Espanola,11
2025-07-29,Chicken Roast,3
2025-07-29,Cortado,128
2025-07-29,Estrella Damm (Caña),111
2025-07-29,Gambas al Ajillo,23
2025-07-29,Glass of Rioja,106
2025-07-29,Grilled Steak,4
2025-07-29,Menu del Dia,23
2025-07-29,Patatas Bravas,24
2025-07-29,Sangria Jug,109
2025-07-29,Seafood Paella,411
2025-07-29,Tortilla Espanola,29
2025-07-30,Chicken Roast,4
2025-07-30,Cortado,108
2025-07-30,Estrella Damm (Caña),119
2025-07-30,Gambas al Ajillo,12
2025-07-30,Glass of Rioja,82
2025-07-30,Grilled Steak,2
2025-07-30,Menu del Dia,21
2025-07-30,Patatas Bravas,17
2025-07-30,Sangria Jug,108
2025-07-30,Seafood Paella,397
2025-07-30,Tortilla Espanola,16
2025-07-31,Chicken Roast,4
2025-07-31,Cortado,102
2025-07-31,Estrella Damm (Caña),129
2025-07-31,Gambas al Ajillo,28
2025-07-31,Glass of Rioja,91
2025-07-31,Grilled Steak,2
2025-07-31,Menu del Dia,21
2025-07-31,Patatas Bravas,25
2025-07-31,Sangria Jug,102
2025-07-31,Seafood Paella,421
2025-07-31,Tortilla Espanola,33
2025-08-01,Chicken Roast,1
2025-08-01,Cortado,94
2025-08-01,Estrella Damm (Caña),94
2025-08-01,Gambas al Ajillo,21
2025-08-01,Glass of Rioja,104
2025-08-01,Menu del Dia,16
2025-08-01,Patatas Bravas,18
2025-08-01,Sangria Jug,102
2025-08-01,Seafood Paella,352
2025-08-01,Tortilla Espanola,21
2025-08-02,Chicken Roast,2
2025-08-02,Cortado,83
2025-08-02,Estrella Damm (Caña),82
2025-08-02,Gambas al Ajillo,23
2025-08-02,Glass of Rioja,82
2025-08-02,Grilled Steak,3
2025-08-02,Menu del Dia,18
2025-08-02,Patatas Bravas,24
2025-08-02,Sangria Jug,85
2025-08-02,Seafood Paella,331
2025-08-02,Tortilla Espanola,12
2025-08-03,Chicken Roast,1
2025-08-03,Cortado,113
2025-08-03,Estrella Damm (Caña),125
2025-08-03,Gambas al Ajillo,17
2025-08-03,Glass of Rioja,99
2025-08-03,Grilled Steak,2
2025-08-03,Menu del Dia,31
2025-08-03,Patatas Bravas,16
2025-08-03,Sangria Jug,100
2025-08-03,Seafood Paella,420
2025-08-03,Tortilla Espanola,17
2025-08-04,Chicken Roast,3
2025-08-04,Cortado,90
2025-08-04,Estrella Damm (Caña),125
2025-08-04,Gambas al Ajillo,27
2025-08-04,Glass of Rioja,116
2025-08-04,Grilled Steak,5
2025-08-04,Menu del Dia,26
2025-08-04,Patatas Bravas,29
2025-08-04,Sangria Jug,121
2025-08-04,Seafood Paella,462
2025-08-04,Tortilla Espanola,25
2025-08-05,Chicken Roast,3
2025-08-05,Cortado,95
2025-08-05,Estrella Damm (Caña),83
2025-08-05,Gambas al Ajillo,25
2025-08-05,Glass of Rioja,100
2025-08-05,Grilled Steak,1
2025-08-05,Menu del Dia,29
2025-08-05,Patatas Bravas,24
2025-08-05,Sangria Jug,79
2025-08-05,Seafood Paella,339
2025-08-05,Tortilla Espanola,32
2025-08-06,Chicken Roast,3
2025-08-06,Cortado,77
2025-08-06,Estrella Damm (Caña),89
2025-08-06,Gambas al Ajillo,19
2025-08-06,Glass of Rioja,87
2025-08-06,Grilled Steak,3
2025-08-06,Menu del Dia,24
2025-08-06,Patatas Bravas,15
2025-08-06,Sangria Jug,96
2025-08-06,Seafood Paella,322
2025-08-06,Tortilla Espanola,17
2025-08-07,Chicken Roast,3
2025-08-07,Cortado,104
2025-08-07,Estrella Damm (Caña),104
2025-08-07,Gambas al Ajillo,24
2025-08-07,Glass of Rioja,96
2025-08-07,Grilled Steak,3
2025-08-07,Menu del Dia,20
2025-08-07,Patatas Bravas,18
2025-08-07,Sangria Jug,103
2025-08-07,Seafood Paella,383
2025-08-07,Tortilla Espanola,15
2025-08-08,Chicken Roast,5
2025-08-08,Cortado,100
2025-08-08,Estrella Damm (Caña),103
2025-08-08,Gambas al Ajillo,25
2025-08-08,Glass of Rioja,112
2025-08-08,Grilled Steak,4
2025-08-08,Menu del Dia,23
2025-08-08,Patatas Bravas,18
2025-08-08,Sangria Jug,100
2025-08-08,Seafood Paella,431
2025-08-08,Tortilla Espanola,24
2025-08-09,Chicken Roast,2
2025-08-09,Cortado,105
2025-08-09,Estrella Damm (Caña),107
2025-08-09,Gambas al Ajillo,29
2025-08-09,Glass of Rioja,107
2025-08-09,Grilled Steak,1
2025-08-09,Menu del Dia,35
2025-08-09,Patatas Bravas,23
2025-08-09,Sangria Jug,102
2025-08-09,Seafood Paella,396
2025-08-09,Tortilla Espanola,27
2025-08-10,Chicken Roast,2
2025-08-10,Cortado,83
2025-08-10,Estrella Damm (Caña),82
2025-08-10,Gambas al Ajillo,19
2025-08-10,Glass of Rioja,77
2025-08-10,Menu del Dia,25
2025-08-10,Patatas Bravas,13
2025-08-10,Sangria Jug,87
2025-08-10,Seafood Paella,322
2025-08-10,Tortilla Espanola,18
2025-08-11,Cortado,113
2025-08-11,Estrella Damm (Caña),125
2025-08-11,Gambas al Ajillo,20
2025-08-11,Glass of Rioja,118
2025-08-11,Grilled Steak,3
2025-08-11,Menu del Dia,32
2025-08-11,Patatas Bravas,20
2025-08-11,Sangria Jug,111
2025-08-11,Seafood Paella,461
2025-08-11,Tortilla Espanola,20
2025-08-12,Chicken Roast,1
2025-08-12,Cortado,102
2025-08-12,Estrella Damm (Caña),122
2025-08-12,Gambas al Ajillo,27
2025-08-12,Glass of Rioja,125
2025-08-12,Grilled Steak,1
2025-08-12,Menu del Dia,31
2025-08-12,Patatas Bravas,28
2025-08-12,Sangria Jug,80
2025-08-12,Seafood Paella,407
2025-08-12,Tortilla Espanola,25
2025-08-13,Chicken Roast,1
2025-08-13,Cortado,85
2025-08-13,Estrella Damm (Caña),84
2025-08-13,Gambas al Ajillo,16
2025-08-13,Glass of Rioja,88
2025-08-13,Grilled Steak,2
2025-08-13,Menu del Dia,37
2025-08-13,Patatas Bravas,16
2025-08-13,Sangria Jug,90
2025-08-13,Seafood Paella,361
2025-08-13,Tortilla Espanola,9
2025-08-14,Chicken Roast,1
2025-08-14,Cortado,122
2025-08-14,Estrella Damm (Caña),108
2025-08-14,Gambas al Ajillo,17
2025-08-14,Glass of Rioja,114
2025-08-14,Grilled Steak,3
2025-08-14,Menu del Dia,30
2025-08-14,Patatas Bravas,31
2025-08-14,Sangria Jug,101
2025-08-14,Seafood Paella,428
2025-08-14,Tortilla Espanola,21
2025-08-15,Chicken Roast,2
2025-08-15,Cortado,112
2025-08-15,Estrella Damm (Caña),104
2025-08-15,Gambas al Ajillo,17
2025-08-15,Glass of Rioja,106
2025-08-15,Grilled Steak,3
2025-08-15,Menu del Dia,23
2025-08-15,Patatas Bravas,15
2025-08-15,Sangria Jug,116
2025-08-15,Seafood Paella,396
2025-08-15,Tortilla Espanola,18
2025-08-16,Chicken Roast,2
2025-08-16,Cortado,81
2025-08-16,Estrella Damm (Caña),89
2025-08-16,Gambas al Ajillo,23
2025-08-16,Glass of Rioja,107
2025-08-16,Grilled Steak,5
2025-08-16,Menu del Dia,19
2025-08-16,Patatas Bravas,26
2025-08-16,Sangria Jug,87
2025-08-16,Seafood Paella,382
2025-08-16,Tortilla Espanola,13
2025-08-17,Chicken Roast,6
2025-08-17,Cortado,99
2025-08-17,Estrella Damm (Caña),91
2025-08-17,Gambas al Ajillo,24
2025-08-17,Glass of Rioja,81
2025-08-17,Grilled Steak,2
2025-08-17,Menu del Dia,21
2025-08-17,Patatas Bravas,26
2025-08-17,Sangria Jug,87
2025-08-17,Seafood Paella,326
2025-08-17,Tortilla Espanola,20
2025-08-18,Chicken Roast,1
2025-08-18,Cortado,119
2025-08-18,Estrella Damm (Caña),120
2025-08-18,Gambas al Ajillo,22
2025-08-18,Glass of Rioja,105
2025-08-18,Grilled Steak,4
2025-08-18,Menu del Dia,21
2025-08-18,Patatas Bravas,16
2025-08-18,Sangria Jug,102
2025-08-18,Seafood Paella,453
2025-08-18,Tortilla Espanola,18
2025-08-19,Chicken Roast,3
2025-08-19,Cortado,116
2025-08-19,Estrella Damm (Caña),140
2025-08-19,Gambas al Ajillo,19
2025-08-19,Glass of Rioja,146
2025-08-19,Grilled Steak,2
2025-08-19,Menu del Dia,19
2025-08-19,Patatas Bravas,19
2025-08-19,Sangria Jug,112
2025-08-19,Seafood Paella,485
2025-08-19,Tortilla Espanola,28
2025-08-20,Chicken Roast,3
2025-08-20,Cortado,103
2025-08-20,Estrella Damm (Caña),96
2025-08-20,Gambas al Ajillo,16
2025-08-20,Glass of Rioja,113
2025-08-20,Grilled Steak,4
2025-08-20,Menu del Dia,16
2025-08-20,Patatas Bravas,15
2025-08-20,Sangria Jug,99
2025-08-20,Seafood Paella,453
2025-08-20,Tortilla Espanola,24
2025-08-21,Chicken Roast,1
2025-08-21,Cortado,101
2025-08-21,Estrella Damm (Caña),96
2025-08-21,Gambas al Ajillo,19
2025-08-21,Glass of Rioja,92
2025-08-21,Grilled Steak,2
2025-08-21,Menu del Dia,28
2025-08-21,Patatas Bravas,25
2025-08-21,Sangria Jug,100
2025-08-21,Seafood Paella,401
2025-08-21,Tortilla Espanola,21
2025-08-22,Chicken Roast,2
2025-08-22,Cortado,103
2025-08-22,Estrella Damm (Caña),91
2025-08-22,Gambas al Ajillo,19
2025-08-22,Glass of Rioja,113
2025-08-22,Menu del Dia,27
2025-08-22,Patatas Bravas,23
2025-08-22,Sangria Jug,121
2025-08-22,Seafood Paella,349
2025-08-22,Tortilla Espanola,18
2025-08-23,Cortado,99
2025-08-23,Estrella Damm (Caña),102
2025-08-23,Gambas al Ajillo,17
2025-08-23,Glass of Rioja,113
2025-08-23,Grilled Steak,2
2025-08-23,Menu del Dia,21
2025-08-23,Patatas Bravas,17
2025-08-23,Sangria Jug,102
2025-08-23,Seafood Paella,403
2025-08-23,Tortilla Espanola,14
2025-08-24,Chicken Roast,2
2025-08-24,Cortado,116
2025-08-24,Estrella Damm (Caña),83
2025-08-24,Gambas al Ajillo,16
2025-08-24,Glass of Rioja,106
2025-08-24,Grilled Steak,3
2025-08-24,Menu del Dia,22
2025-08-24,Patatas Bravas,13
2025-08-24,Sangria Jug,83
2025-08-24,Seafood Paella,343
2025-08-24,Tortilla Espanola,13
2025-08-25,Chicken Roast,5
2025-08-25,Cortado,118
2025-08-25,Estrella Damm (Caña),107
2025-08-25,Gambas al Ajillo,22
2025-08-25,Glass of Rioja,137
2025-08-25,Grilled Steak,1
2025-08-25,Menu del Dia,27
2025-08-25,Patatas Bravas,21
2025-08-25,Sangria Jug,121
2025-08-25,Seafood Paella,444
2025-08-25,Tortilla Espanola,18
2025-08-26,Cortado,103
2025-08-26,Estrella Damm (Caña),104
2025-08-26,Gambas al Ajillo,20
2025-08-26,Glass of Rioja,99
2025-08-26,Grilled Steak,6
2025-08-26,Menu del Dia,31
2025-08-26,Patatas Bravas,18
2025-08-26,Sangria Jug,103
2025-08-26,Seafood Paella,415
2025-08-26,Tortilla Espanola,24
2025-08-27,Chicken Roast,4
2025-08-27,Cortado,108
2025-08-27,Estrella Damm (Caña),95
2025-08-27,Gambas al Ajillo,23
2025-08-27,Glass of Rioja,102
2025-08-27,Grilled Steak,4
2025-08-27,Menu del Dia,17
2025-08-27,Patatas Bravas,23
2025-08-27,Sangria Jug,96
2025-08-27,Seafood Paella,419
2025-08-27,Tortilla Espanola,23
2025-08-28,Chicken Roast,2
2025-08-28,Cortado,90
2025-08-28,Estrella Damm (Caña),104
2025-08-28,Gambas al Ajillo,16
2025-08-28,Glass of Rioja,90
2025-08-28,Grilled Steak,1
2025-08-28,Menu del Dia,21
2025-08-28,Patatas Bravas,16
2025-08-28,Sangria Jug,94
2025-08-28,Seafood Paella,370
2025-08-28,Tortilla Espanola,21
2025-08-29,Chicken Roast,2
2025-08-29,Cortado,113
2025-08-29,Estrella Damm (Caña),108
2025-08-29,Gambas al Ajillo,19
2025-08-29,Glass of Rioja,105
2025-08-29,Grilled Steak,4
2025-08-29,Menu del Dia,23
2025-08-29,Patatas Bravas,26
2025-08-29,Sangria Jug,101
2025-08-29,Seafood Paella,406
2025-08-29,Tortilla Espanola,21
2025-08-30,Chicken Roast,1
2025-08-30,Cortado,95
2025-08-30,Estrella Damm (Caña),93
2025-08-30,Gambas al Ajillo,13
2025-08-30,Glass of Rioja,85
2025-08-30,Grilled Steak,3
2025-08-30,Menu del Dia,26
2025-08-30,Patatas Bravas,10
2025-08-30,Sangria Jug,101
2025-08-30,Seafood Paella,332
2025-08-30,Tortilla Espanola,16
2025-08-31,Cortado,92
2025-08-31,Estrella Damm (Caña),91
2025-08-31,Gambas al Ajillo,12
2025-08-31,Glass of Rioja,107
2025-08-31,Grilled Steak,2
2025-08-31,Menu del Dia,24
2025-08-31,Patatas Bravas,22
2025-08-31,Sangria Jug,112
2025-08-31,Seafood Paella,385
2025-08-31,Tortilla Espanola,12
2025-09-01,Chicken Roast,1
2025-09-01,Cortado,103
2025-09-01,Estrella Damm (Caña),110
2025-09-01,Gambas al Ajillo,26
2025-09-01,Glass of Rioja,95
2025-09-01,Grilled Steak,3
2025-09-01,Menu del Dia,17
2025-09-01,Patatas Bravas,28
2025-09-01,Sangria Jug,102
2025-09-01,Seafood Paella,411
2025-09-01,Tortilla Espanola,18
2025-09-02,Chicken Roast,2
2025-09-02,Cortado,102
2025-09-02,Estrella Damm (Caña),80
2025-09-02,Gambas al Ajillo,20
2025-09-02,Glass of Rioja,100
2025-09-02,Grilled Steak,1
2025-09-02,Menu del Dia,32
2025-09-02,Patatas Bravas,19
2025-09-02,Sangria Jug,101
2025-09-02,Seafood Paella,361
2025-09-02,Tortilla Espanola,19
2025-09-03,Chicken Roast,1
2025-09-03,Cortado,62
2025-09-03,Estrella Damm (Caña),70
2025-09-03,Gambas al Ajillo,21
2025-09-03,Glass of Rioja,54
2025-09-03,Menu del Dia,9
2025-09-03,Patatas Bravas,12
2025-09-03,Sangria Jug,63
2025-09-03,Seafood Paella,254
2025-09-03,Tortilla Espanola,14
2025-09-04,Chicken Roast,1
2025-09-04,Cortado,137
2025-09-04,Estrella Damm (Caña),119
2025-09-04,Gambas al Ajillo,25
2025-09-04,Glass of Rioja,100
2025-09-04,Menu del Dia,18
2025-09-04,Patatas Bravas,20
2025-09-04,Sangria Jug,115
2025-09-04,Seafood Paella,477
2025-09-04,Tortilla Espanola,24
2025-09-05,Chicken Roast,4
2025-09-05,Cortado,46
2025-09-05,Estrella Damm (Caña),59
2025-09-05,Gambas al Ajillo,19
2025-09-05,Glass of Rioja,48
2025-09-05,Menu del Dia,22
2025-09-05,Patatas Bravas,18
2025-09-05,Sangria Jug,54
2025-09-05,Seafood Paella,215
2025-09-05,Tortilla Espanola,15
2025-09-06,Chicken Roast,2
2025-09-06,Cortado,75
2025-09-06,Estrella Damm (Caña),59
2025-09-06,Gambas al Ajillo,15
2025-09-06,Glass of Rioja,36
2025-09-06,Grilled Steak,1
2025-09-06,Menu del Dia,25
2025-09-06,Patatas Bravas,14
2025-09-06,Sangria Jug,53
2025-09-06,Seafood Paella,215
2025-09-06,Tortilla Espanola,14
2025-09-07,Chicken Roast,3
2025-09-07,Cortado,41
2025-09-07,Estrella Damm (Caña),55
2025-09-07,Gambas al Ajillo,7
2025-09-07,Glass of Rioja,61
2025-09-07,Grilled Steak,3
2025-09-07,Menu del Dia,18
2025-09-07,Patatas Bravas,10
2025-09-07,Sangria Jug,51
2025-09-07,Seafood Paella,156
2025-09-07,Tortilla Espanola,19
2025-09-08,Chicken Roast,3
2025-09-08,Cortado,80
2025-09-08,Estrella Damm (Caña),54
2025-09-08,Gambas al Ajillo,5
2025-09-08,Glass of Rioja,65
2025-09-08,Grilled Steak,1
2025-09-08,Menu del Dia,11
2025-09-08,Patatas Bravas,15
2025-09-08,Sangria Jug,59
2025-09-08,Seafood Paella,267
2025-09-08,Tortilla Espanola,9
2025-09-09,Chicken Roast,4
2025-09-09,Cortado,108
2025-09-09,Estrella Damm (Caña),120
2025-09-09,Gambas al Ajillo,21
2025-09-09,Glass of Rioja,109
2025-09-09,Grilled Steak,3
2025-09-09,Menu del Dia,34
2025-09-09,Patatas Bravas,20
2025-09-09,Sangria Jug,126
2025-09-09,Seafood Paella,473
2025-09-09,Tortilla Espanola,18
2025-09-10,Cortado,98
2025-09-10,Estrella Damm (Caña),98
2025-09-10,Gambas al Ajillo,23
2025-09-10,Glass of Rioja,118
2025-09-10,Grilled Steak,1
2025-09-10,Menu del Dia,23
2025-09-10,Patatas Bravas,24
2025-09-10,Sangria Jug,111
2025-09-10,Seafood Paella,432
2025-09-10,Tortilla Espanola,25
2025-09-11,Chicken Roast,4
2025-09-11,Cortado,137
2025-09-11,Estrella Damm (Caña),139
2025-09-11,Gambas al Ajillo,35
2025-09-11,Glass of Rioja,132
2025-09-11,Grilled Steak,7
2025-09-11,Menu del Dia,27
2025-09-11,Patatas Bravas,36
2025-09-11,Sangria Jug,123
2025-09-11,Seafood Paella,524
2025-09-11,Tortilla Espanola,38
2025-09-12,Chicken Roast,1
2025-09-12,Cortado,85
2025-09-12,Estrella Damm (Caña),95
2025-09-12,Gambas al Ajillo,19
2025-09-12,Glass of Rioja,106
2025-09-12,Grilled Steak,1
2025-09-12,Menu del Dia,28
2025-09-12,Patatas Bravas,20
2025-09-12,Sangria Jug,90
2025-09-12,Seafood Paella,382
2025-09-12,Tortilla Espanola,24
2025-09-13,Cortado,77
2025-09-13,Estrella Damm (Caña),73
2025-09-13,Gambas al Ajillo,14
2025-09-13,Glass of Rioja,90
2025-09-13,Grilled Steak,1
2025-09-13,Menu del Dia,20
2025-09-13,Patatas Bravas,11
2025-09-13,Sangria Jug,85
2025-09-13,Seafood Paella,365
2025-09-13,Tortilla Espanola,14
2025-09-14,Cortado,94
2025-09-14,Estrella Damm (Caña),77
2025-09-14,Gambas al Ajillo,28
2025-09-14,Glass of Rioja,97
2025-09-14,Grilled Steak,1
2025-09-14,Menu del Dia,30
2025-09-14,Patatas Bravas,17
2025-09-14,Sangria Jug,101
2025-09-14,Seafood Paella,414
2025-09-14,Tortilla Espanola,20
2025-09-15,Chicken Roast,3
2025-09-15,Cortado,76
2025-09-15,Estrella Damm (Caña),54
2025-09-15,Gambas al Ajillo,5
2025-09-15,Glass of Rioja,74
2025-09-15,Grilled Steak,2
2025-09-15,Menu del Dia,21
2025-09-15,Patatas Bravas,12
2025-09-15,Sangria Jug,67
2025-09-15,Seafood Paella,249
2025-09-15,Tortilla Espanola,8
2025-09-16,Chicken Roast,4
2025-09-16,Cortado,57
2025-09-16,Estrella Damm (Caña),79
2025-09-16,Gambas al Ajillo,7
2025-09-16,Glass of Rioja,60
2025-09-16,Grilled Steak,4
2025-09-16,Menu del Dia,18
2025-09-16,Patatas Bravas,12
2025-09-16,Sangria Jug,53
2025-09-16,Seafood Paella,246
2025-09-16,Tortilla Espanola,5
2025-09-17,Chicken Roast,3
2025-09-17,Cortado,139
2025-09-17,Estrella Damm (Caña),125
2025-09-17,Gambas al Ajillo,15
2025-09-17,Glass of Rioja,123
2025-09-17,Grilled Steak,3
2025-09-17,Menu del Dia,25
2025-09-17,Patatas Bravas,18
2025-09-17,Sangria Jug,136
2025-09-17,Seafood Paella,500
2025-09-17,Tortilla Espanola,20
2025-09-18,Chicken Roast,5
2025-09-18,Cortado,94
2025-09-18,Estrella Damm (Caña),99
2025-09-18,Gambas al Ajillo,18
2025-09-18,Glass of Rioja,87
2025-09-18,Grilled Steak,3
2025-09-18,Menu del Dia,21
2025-09-18,Patatas Bravas,24
2025-09-18,Sangria Jug,101
2025-09-18,Seafood Paella,346
2025-09-18,Tortilla Espanola,16
2025-09-19,Chicken Roast,2
2025-09-19,Cortado,62
2025-09-19,Estrella Damm (Caña),46
2025-09-19,Gambas al Ajillo,8
2025-09-19,Glass of Rioja,50
2025-09-19,Grilled Steak,1
2025-09-19,Menu del Dia,6
2025-09-19,Patatas Bravas,11
2025-09-19,Sangria Jug,39
2025-09-19,Seafood Paella,183
2025-09-19,Tortilla Espanola,9
2025-09-20,Cortado,80
2025-09-20,Estrella Damm (Caña),63
2025-09-20,Gambas al Ajillo,17
2025-09-20,Glass of Rioja,78
2025-09-20,Grilled Steak,3
2025-09-20,Menu del Dia,21
2025-09-20,Patatas Bravas,9
2025-09-20,Sangria Jug,75
2025-09-20,Seafood Paella,311
2025-09-20,Tortilla Espanola,14
2025-09-21,Cortado,96
2025-09-21,Estrella Damm (Caña),94
2025-09-21,Gambas al Ajillo,19
2025-09-21,Glass of Rioja,108
2025-09-21,Grilled Steak,3
2025-09-21,Menu del Dia,12
2025-09-21,Patatas Bravas,12
2025-09-21,Sangria Jug,87
2025-09-21,Seafood Paella,365
2025-09-21,Tortilla Espanola,21
2025-09-22,Chicken Roast,2
2025-09-22,Cortado,86
2025-09-22,Estrella Damm (Caña),109
2025-09-22,Gambas al Ajillo,19
2025-09-22,Glass of Rioja,92
2025-09-22,Grilled Steak,5
2025-09-22,Menu del Dia,23
2025-09-22,Patatas Bravas,19
2025-09-22,Sangria Jug,101
2025-09-22,Seafood Paella,388
2025-09-22,Tortilla Espanola,13
2025-09-23,Chicken Roast,1
2025-09-23,Cortado,94
2025-09-23,Estrella Damm (Caña),82
2025-09-23,Gambas al Ajillo,27
2025-09-23,Glass of Rioja,85
2025-09-23,Grilled Steak,3
2025-09-23,Menu del Dia,20
2025-09-23,Patatas Bravas,19
2025-09-23,Sangria Jug,94
2025-09-23,Seafood Paella,366
2025-09-23,Tortilla Espanola,18
2025-09-24,Chicken Roast,2
2025-09-24,Cortado,146
2025-09-24,Estrella Damm (Caña),115
2025-09-24,Gambas al Ajillo,21
2025-09-24,Glass of Rioja,113
2025-09-24,Grilled Steak,3
2025-09-24,Menu del Dia,23
2025-09-24,Patatas Bravas,21
2025-09-24,Sangria Jug,116
2025-09-24,Seafood Paella,488
2025-09-24,Tortilla Espanola,24
2025-09-25,Chicken Roast,4
2025-09-25,Cortado,131
2025-09-25,Estrella Damm (Caña),131
2025-09-25,Gambas al Ajillo,23
2025-09-25,Glass of Rioja,115
2025-09-25,Grilled Steak,5
2025-09-25,Menu del Dia,37
2025-09-25,Patatas Bravas,32
2025-09-25,Sangria Jug,120
2025-09-25,Seafood Paella,438
2025-09-25,Tortilla Espanola,19
2025-09-26,Chicken Roast,1
2025-09-26,Cortado,81
2025-09-26,Estrella Damm (Caña),83
2025-09-26,Gambas al Ajillo,8
2025-09-26,Glass of Rioja,73
2025-09-26,Menu del Dia,13
2025-09-26,Patatas Bravas,15
2025-09-26,Sangria Jug,78
2025-09-26,Seafood Paella,317
2025-09-26,Tortilla Espanola,11
2025-09-27,Chicken Roast,6
2025-09-27,Cortado,89
2025-09-27,Estrella Damm (Caña),105
2025-09-27,Gambas al Ajillo,13
2025-09-27,Glass of Rioja,123
2025-09-27,Grilled Steak,2
2025-09-27,Menu del Dia,24
2025-09-27,Patatas Bravas,16
2025-09-27,Sangria Jug,116
2025-09-27,Seafood Paella,412
2025-09-27,Tortilla Espanola,18
2025-09-28,Chicken Roast,2
2025-09-28,Cortado,91
2025-09-28,Estrella Damm (Caña),106
2025-09-28,Gambas al Ajillo,13
2025-09-28,Glass of Rioja,111
2025-09-28,Grilled Steak,3
2025-09-28,Menu del Dia,29
2025-09-28,Patatas Bravas,9
2025-09-28,Sangria Jug,102
2025-09-28,Seafood Paella,374
2025-09-28,Tortilla Espanola,14
2025-09-29,Chicken Roast,1
2025-09-29,Cortado,120
2025-09-29,Estrella Damm (Caña),130
2025-09-29,Gambas al Ajillo,19
2025-09-29,Glass of Rioja,115
2025-09-29,Grilled Steak,4
2025-09-29,Menu del Dia,30
2025-09-29,Patatas Bravas,23
2025-09-29,Sangria Jug,104
2025-09-29,Seafood Paella,456
2025-09-29,Tortilla Espanola,20
2025-09-30,Chicken Roast,4
2025-09-30,Cortado,84
2025-09-30,Estrella Damm (Caña),70
2025-09-30,Gambas al Ajillo,16
2025-09-30,Glass of Rioja,66
2025-09-30,Grilled Steak,3
2025-09-30,Menu del Dia,18
2025-09-30,Patatas Bravas,25
2025-09-30,Sangria Jug,76
2025-09-30,Seafood Paella,313
2025-09-30,Tortilla Espanola,17
2025-10-01,Chicken Roast,2
2025-10-01,Cortado,87
2025-10-01,Estrella Damm (Caña),107
2025-10-01,Gambas al Ajillo,27
2025-10-01,Glass of Rioja,113
2025-10-01,Grilled Steak,2
2025-10-01,Menu del Dia,25
2025-10-01,Patatas Bravas,26
2025-10-01,Sangria Jug,101
2025-10-01,Seafood Paella,387
2025-10-01,Tortilla Espanola,19
2025-10-02,Chicken Roast,1
2025-10-02,Cortado,108
2025-10-02,Estrella Damm (Caña),138
2025-10-02,Gambas al Ajillo,18
2025-10-02,Glass of Rioja,126
2025-10-02,Grilled Steak,3
2025-10-02,Menu del Dia,29
2025-10-02,Patatas Bravas,16
2025-10-02,Sangria Jug,123
2025-10-02,Seafood Paella,458
2025-10-02,Tortilla Espanola,13
2025-10-03,Cortado,45
2025-10-03,Estrella Damm (Caña),42
2025-10-03,Gambas al Ajillo,16
2025-10-03,Glass of Rioja,72
2025-10-03,Grilled Steak,2
2025-10-03,Menu del Dia,13
2025-10-03,Patatas Bravas,10
2025-10-03,Sangria Jug,51
2025-10-03,Seafood Paella,212
2025-10-03,Tortilla Espanola,11
2025-10-04,Chicken Roast,3
2025-10-04,Cortado,58
2025-10-04,Estrella Damm (Caña),68
2025-10-04,Gambas al Ajillo,7
2025-10-04,Glass of Rioja,53
2025-10-04,Menu del Dia,20
2025-10-04,Patatas Bravas,11
2025-10-04,Sangria Jug,55
2025-10-04,Seafood Paella,236
2025-10-04,Tortilla Espanola,15
2025-10-05,Chicken Roast,5
2025-10-05,Cortado,91
2025-10-05,Estrella Damm (Caña),99
2025-10-05,Gambas al Ajillo,15
2025-10-05,Glass of Rioja,87
2025-10-05,Grilled Steak,7
2025-10-05,Menu del Dia,24
2025-10-05,Patatas Bravas,21
2025-10-05,Sangria Jug,101
2025-10-05,Seafood Paella,428
2025-10-05,Tortilla Espanola,21
2025-10-06,Chicken Roast,2
2025-10-06,Cortado,55
2025-10-06,Estrella Damm (Caña),50
2025-10-06,Gambas al Ajillo,5
2025-10-06,Glass of Rioja,52
2025-10-06,Grilled Steak,3
2025-10-06,Menu del Dia,10
2025-10-06,Patatas Bravas,5
2025-10-06,Sangria Jug,63
2025-10-06,Seafood Paella,239
2025-10-06,Tortilla Espanola,8
2025-10-07,Chicken Roast,6
2025-10-07,Cortado,89
2025-10-07,Estrella Damm (Caña),90
2025-10-07,Gambas al Ajillo,26
2025-10-07,Glass of Rioja,110
2025-10-07,Grilled Steak,5
2025-10-07,Menu del Dia,19
2025-10-07,Patatas Bravas,24
2025-10-07,Sangria Jug,73
2025-10-07,Seafood Paella,340
2025-10-07,Tortilla Espanola,20
2025-10-08,Cortado,84
2025-10-08,Estrella Damm (Caña),99
2025-10-08,Gambas al Ajillo,11
2025-10-08,Glass of Rioja,85
2025-10-08,Menu del Dia,23
2025-10-08,Patatas Bravas,13
2025-10-08,Sangria Jug,85
2025-10-08,Seafood Paella,367
2025-10-08,Tortilla Espanola,27
2025-10-09,Chicken Roast,2
2025-10-09,Cortado,95
2025-10-09,Estrella Damm (Caña),93
2025-10-09,Gambas al Ajillo,17
2025-10-09,Glass of Rioja,90
2025-10-09,Grilled Steak,2
2025-10-09,Menu del Dia,28
2025-10-09,Patatas Bravas,18
2025-10-09,Sangria Jug,92
2025-10-09,Seafood Paella,345
2025-10-09,Tortilla Espanola,31
2025-10-10,Chicken Roast,3
2025-10-10,Cortado,65
2025-10-10,Estrella Damm (Caña),60
2025-10-10,Gambas al Ajillo,16
2025-10-10,Glass of Rioja,74
2025-10-10,Grilled Steak,4
2025-10-10,Menu del Dia,17
2025-10-10,Patatas Bravas,14
2025-10-10,Sangria Jug,54
2025-10-10,Seafood Paella,222
2025-10-10,Tortilla Espanola,9
2025-10-11,Chicken Roast,5
2025-10-11,Cortado,86
2025-10-11,Estrella Damm (Caña),65
2025-10-11,Gambas al Ajillo,17
2025-10-11,Glass of Rioja,86
2025-10-11,Grilled Steak,1
2025-10-11,Menu del Dia,19
2025-10-11,Patatas Bravas,13
2025-10-11,Sangria Jug,82
2025-10-11,Seafood Paella,324
2025-10-11,Tortilla Espanola,18
2025-10-12,Chicken Roast,5
2025-10-12,Cortado,114
2025-10-12,Estrella Damm (Caña),87
2025-10-12,Gambas al Ajillo,22
2025-10-12,Glass of Rioja,96
2025-10-12,Grilled Steak,3
2025-10-12,Menu del Dia,19
2025-10-12,Patatas Bravas,18
2025-10-12,Sangria Jug,90
2025-10-12,Seafood Paella,453
2025-10-12,Tortilla Espanola,9
2025-10-13,Chicken Roast,2
2025-10-13,Cortado,50
2025-10-13,Estrella Damm (Caña),51
2025-10-13,Gambas al Ajillo,16
2025-10-13,Glass of Rioja,62
2025-10-13,Grilled Steak,2
2025-10-13,Menu del Dia,10
2025-10-13,Patatas Bravas,24
2025-10-13,Sangria Jug,53
2025-10-13,Seafood Paella,215
2025-10-13,Tortilla Espanola,9
2025-10-14,Cortado,44
2025-10-14,Estrella Damm (Caña),53
2025-10-14,Gambas al Ajillo,10
2025-10-14,Glass of Rioja,55
2025-10-14,Grilled Steak,1
2025-10-14,Menu del Dia,18
2025-10-14,Patatas Bravas,8
2025-10-14,Sangria Jug,44
2025-10-14,Seafood Paella,188
2025-10-14,Tortilla Espanola,7
2025-10-15,Chicken Roast,3
2025-10-15,Cortado,57
2025-10-15,Estrella Damm (Caña),58
2025-10-15,Gambas al Ajillo,20
2025-10-15,Glass of Rioja,66
2025-10-15,Grilled Steak,4
2025-10-15,Menu del Dia,16
2025-10-15,Patatas Bravas,14
2025-10-15,Sangria Jug,52
2025-10-15,Seafood Paella,217
2025-10-15,Tortilla Espanola,8
2025-10-16,Chicken Roast,1
2025-10-16,Cortado,82
2025-10-16,Estrella Damm (Caña),79
2025-10-16,Gambas al Ajillo,22
2025-10-16,Glass of Rioja,100
2025-10-16,Grilled Steak,2
2025-10-16,Menu del Dia,22
2025-10-16,Patatas Bravas,16
2025-10-16,Sangria Jug,70
2025-10-16,Seafood Paella,305
2025-10-16,Tortilla Espanola,15
2025-10-17,Chicken Roast,4
2025-10-17,Cortado,121
2025-10-17,Estrella Damm (Caña),102
2025-10-17,Gambas al Ajillo,18
2025-10-17,Glass of Rioja,93
2025-10-17,Grilled Steak,1
2025-10-17,Menu del Dia,32
2025-10-17,Patatas Bravas,25
2025-10-17,Sangria Jug,111
2025-10-17,Seafood Paella,431
2025-10-17,Tortilla Espanola,22
2025-10-18,Chicken Roast,3
2025-10-18,Cortado,130
2025-10-18,Estrella Damm (Caña),127
2025-10-18,Gambas al Ajillo,17
2025-10-18,Glass of Rioja,111
2025-10-18,Grilled Steak,2
2025-10-18,Menu del Dia,20
2025-10-18,Patatas Bravas,18
2025-10-18,Sangria Jug,133
2025-10-18,Seafood Paella,443
2025-10-18,Tortilla Espanola,20
2025-10-19,Chicken Roast,4
2025-10-19,Cortado,90
2025-10-19,Estrella Damm (Caña),93
2025-10-19,Gambas al Ajillo,18
2025-10-19,Glass of Rioja,104
2025-10-19,Grilled Steak,1
2025-10-19,Menu del Dia,27
2025-10-19,Patatas Bravas,26
2025-10-19,Sangria Jug,98
2025-10-19,Seafood Paella,356
2025-10-19,Tortilla Espanola,24
2025-10-20,Chicken Roast,5
2025-10-20,Cortado,123
2025-10-20,Estrella Damm (Caña),125
2025-10-20,Gambas al Ajillo,23
2025-10-20,Glass of Rioja,107
2025-10-20,Grilled Steak,4
2025-10-20,Menu del Dia,27
2025-10-20,Patatas Bravas,27
2025-10-20,Sangria Jug,120
2025-10-20,Seafood Paella,453
2025-10-20,Tortilla Espanola,32
2025-10-21,Chicken Roast,1
2025-10-21,Cortado,45
2025-10-21,Estrella Damm (Caña),45
2025-10-21,Gambas al Ajillo,12
2025-10-21,Glass of Rioja,46
2025-10-21,Grilled Steak,1
2025-10-21,Menu del Dia,15
2025-10-21,Patatas Bravas,18
2025-10-21,Sangria Jug,56
2025-10-21,Seafood Paella,221
2025-10-21,Tortilla Espanola,10
2025-10-22,Chicken Roast,2
2025-10-22,Cortado,101
2025-10-22,Estrella Damm (Caña),100
2025-10-22,Gambas al Ajillo,17
2025-10-22,Glass of Rioja,107
2025-10-22,Grilled Steak,3
2025-10-22,Menu del Dia,28
2025-10-22,Patatas Bravas,24
2025-10-22,Sangria Jug,105
2025-10-22,Seafood Paella,432
2025-10-22,Tortilla Espanola,24
2025-10-23,Chicken Roast,1
2025-10-23,Cortado,78
2025-10-23,Estrella Damm (Caña),85
2025-10-23,Gambas al Ajillo,11
2025-10-23,Glass of Rioja,95
2025-10-23,Grilled Steak,1
2025-10-23,Menu del Dia,21
2025-10-23,Patatas Bravas,14
2025-10-23,Sangria Jug,80
2025-10-23,Seafood Paella,371
2025-10-23,Tortilla Espanola,18
2025-10-24,Chicken Roast,4
2025-10-24,Cortado,105
2025-10-24,Estrella Damm (Caña),108
2025-10-24,Gambas al Ajillo,16
2025-10-24,Glass of Rioja,110
2025-10-24,Grilled Steak,3
2025-10-24,Menu del Dia,20
2025-10-24,Patatas Bravas,22
2025-10-24,Sangria Jug,82
2025-10-24,Seafood Paella,439
2025-10-24,Tortilla Espanola,17
2025-10-25,Chicken Roast,1
2025-10-25,Cortado,71
2025-10-25,Estrella Damm (Caña),71
2025-10-25,Gambas al Ajillo,17
2025-10-25,Glass of Rioja,59
2025-10-25,Menu del Dia,16
2025-10-25,Patatas Bravas,8
2025-10-25,Sangria Jug,50
2025-10-25,Seafood Paella,246
2025-10-25,Tortilla Espanola,10
2025-10-26,Chicken Roast,1
2025-10-26,Cortado,99
2025-10-26,Estrella Damm (Caña),83
2025-10-26,Gambas al Ajillo,16
2025-10-26,Glass of Rioja,103
2025-10-26,Grilled Steak,2
2025-10-26,Menu del Dia,22
2025-10-26,Patatas Bravas,23
2025-10-26,Sangria Jug,102
2025-10-26,Seafood Paella,382
2025-10-26,Tortilla Espanola,13
2025-10-27,Chicken Roast,4
2025-10-27,Cortado,103
2025-10-27,Estrella Damm (Caña),101
2025-10-27,Gambas al Ajillo,19
2025-10-27,Glass of Rioja,89
2025-10-27,Grilled Steak,2
2025-10-27,Menu del Dia,19
2025-10-27,Patatas Bravas,12
2025-10-27,Sangria Jug,105
2025-10-27,Seafood Paella,379
2025-10-27,Tortilla Espanola,8
2025-10-28,Chicken Roast,3
2025-10-28,Cortado,104
2025-10-28,Estrella Damm (Caña),111
2025-10-28,Gambas al Ajillo,25
2025-10-28,Glass of Rioja,115
2025-10-28,Grilled Steak,3
2025-10-28,Menu del Dia,30
2025-10-28,Patatas Bravas,31
2025-10-28,Sangria Jug,131
2025-10-28,Seafood Paella,472
2025-10-28,Tortilla Espanola,24
2025-10-29,Chicken Roast,4
2025-10-29,Cortado,102
2025-10-29,Estrella Damm (Caña),97
2025-10-29,Gambas al Ajillo,18
2025-10-29,Glass of Rioja,101
2025-10-29,Grilled Steak,2
2025-10-29,Menu del Dia,24
2025-10-29,Patatas Bravas,18
2025-10-29,Sangria Jug,94
2025-10-29,Seafood Paella,337
2025-10-29,Tortilla Espanola,18
2025-10-30,Chicken Roast,2
2025-10-30,Cortado,90
2025-10-30,Estrella Damm (Caña),77
2025-10-30,Gambas al Ajillo,20
2025-10-30,Glass of Rioja,75
2025-10-30,Grilled Steak,2
2025-10-30,Menu del Dia,23
2025-10-30,Patatas Bravas,24
2025-10-30,Sangria Jug,95
2025-10-30,Seafood Paella,323
2025-10-30,Tortilla Espanola,25
2025-10-31,Cortado,70
2025-10-31,Estrella Damm (Caña),72
2025-10-31,Gambas al Ajillo,9
2025-10-31,Glass of Rioja,65
2025-10-31,Menu del Dia,15
2025-10-31,Patatas Bravas,11
2025-10-31,Sangria Jug,65
2025-10-31,Seafood Paella,226
2025-10-31,Tortilla Espanola,9
2025-11-01,Chicken Roast,2
2025-11-01,Cortado,105
2025-11-01,Estrella Damm (Caña),105
2025-11-01,Gambas al Ajillo,19
2025-11-01,Glass of Rioja,98
2025-11-01,Grilled Steak,1
2025-11-01,Menu del Dia,21
2025-11-01,Patatas Bravas,18
2025-11-01,Sangria Jug,110
2025-11-01,Seafood Paella,405
2025-11-01,Tortilla Espanola,19
2025-11-02,Chicken Roast,3
2025-11-02,Cortado,101
2025-11-02,Estrella Damm (Caña),110
2025-11-02,Gambas al Ajillo,17
2025-11-02,Glass of Rioja,101
2025-11-02,Grilled Steak,3
2025-11-02,Menu del Dia,23
2025-11-02,Patatas Bravas,19
2025-11-02,Sangria Jug,113
2025-11-02,Seafood Paella,376
2025-11-02,Tortilla Espanola,19
2025-11-03,Cortado,63
2025-11-03,Estrella Damm (Caña),70
2025-11-03,Gambas al Ajillo,28
2025-11-03,Glass of Rioja,59
2025-11-03,Grilled Steak,1
2025-11-03,Menu del Dia,19
2025-11-03,Patatas Bravas,14
2025-11-03,Sangria Jug,68
2025-11-03,Seafood Paella,267
2025-11-03,Tortilla Espanola,24
2025-11-04,Chicken Roast,2
2025-11-04,Cortado,93
2025-11-04,Estrella Damm (Caña),98
2025-11-04,Gambas al Ajillo,24
2025-11-04,Glass of Rioja,93
2025-11-04,Menu del Dia,18
2025-11-04,Patatas Bravas,19
2025-11-04,Sangria Jug,101
2025-11-04,Seafood Paella,416
2025-11-04,Tortilla Espanola,24
2025-11-05,Chicken Roast,2
2025-11-05,Cortado,99
2025-11-05,Estrella Damm (Caña),82
2025-11-05,Gambas al Ajillo,20
2025-11-05,Glass of Rioja,111
2025-11-05,Grilled Steak,1
2025-11-05,Menu del Dia,20
2025-11-05,Patatas Bravas,22
2025-11-05,Sangria Jug,109
2025-11-05,Seafood Paella,395
2025-11-05,Tortilla Espanola,34
2025-11-06,Chicken Roast,1
2025-11-06,Cortado,86
2025-11-06,Estrella Damm (Caña),92
2025-11-06,Gambas al Ajillo,15
2025-11-06,Glass of Rioja,97
2025-11-06,Grilled Steak,3
2025-11-06,Menu del Dia,12
2025-11-06,Patatas Bravas,20
2025-11-06,Sangria Jug,108
2025-11-06,Seafood Paella,380
2025-11-06,Tortilla Espanola,18
2025-11-07,Chicken Roast,1
2025-11-07,Cortado,77
2025-11-07,Estrella Damm (Caña),63
2025-11-07,Gambas al Ajillo,21
2025-11-07,Glass of Rioja,81
2025-11-07,Menu del Dia,13
2025-11-07,Patatas Bravas,10
2025-11-07,Sangria Jug,72
2025-11-07,Seafood Paella,273
2025-11-07,Tortilla Espanola,14
2025-11-08,Chicken Roast,5
2025-11-08,Cortado,97
2025-11-08,Estrella Damm (Caña),101
2025-11-08,Gambas al Ajillo,21
2025-11-08,Glass of Rioja,133
2025-11-08,Grilled Steak,2
2025-11-08,Menu del Dia,34
2025-11-08,Patatas Bravas,19
2025-11-08,Sangria Jug,119
2025-11-08,Seafood Paella,443
2025-11-08,Tortilla Espanola,12
2025-11-09,Cortado,102
2025-11-09,Estrella Damm (Caña),106
2025-11-09,Gambas al Ajillo,19
2025-11-09,Glass of Rioja,111
2025-11-09,Grilled Steak,1
2025-11-09,Menu del Dia,27
2025-11-09,Patatas Bravas,24
2025-11-09,Sangria Jug,103
2025-11-09,Seafood Paella,366
2025-11-09,Tortilla Espanola,18
2025-11-10,Chicken Roast,1
2025-11-10,Cortado,66
2025-11-10,Estrella Damm (Caña),45
2025-11-10,Gambas al Ajillo,8
2025-11-10,Glass of Rioja,53
2025-11-10,Menu del Dia,12
2025-11-10,Patatas Bravas,8
2025-11-10,Sangria Jug,80
2025-11-10,Seafood Paella,223
2025-11-10,Tortilla Espanola,13
2025-11-11,Chicken Roast,2
2025-11-11,Cortado,76
2025-11-11,Estrella Damm (Caña),65
2025-11-11,Gambas al Ajillo,15
2025-11-11,Glass of Rioja,72
2025-11-11,Grilled Steak,1
2025-11-11,Menu del Dia,24
2025-11-11,Patatas Bravas,12
2025-11-11,Sangria Jug,78
2025-11-11,Seafood Paella,330
2025-11-11,Tortilla Espanola,16
2025-11-12,Chicken Roast,4
2025-11-12,Cortado,111
2025-11-12,Estrella Damm (Caña),93
2025-11-12,Gambas al Ajillo,21
2025-11-12,Glass of Rioja,108
2025-11-12,Grilled Steak,5
2025-11-12,Menu del Dia,26
2025-11-12,Patatas Bravas,25
2025-11-12,Sangria Jug,106
2025-11-12,Seafood Paella,430
2025-11-12,Tortilla Espanola,19
2025-11-13,Chicken Roast,6
2025-11-13,Cortado,86
2025-11-13,Estrella Damm (Caña),94
2025-11-13,Gambas al Ajillo,12
2025-11-13,Glass of Rioja,95
2025-11-13,Grilled Steak,6
2025-11-13,Menu del Dia,28
2025-11-13,Patatas Bravas,13
2025-11-13,Sangria Jug,80
2025-11-13,Seafood Paella,381
2025-11-13,Tortilla Espanola,20
2025-11-14,Chicken Roast,3
2025-11-14,Cortado,106
2025-11-14,Estrella Damm (Caña),112
2025-11-14,Gambas al Ajillo,17
2025-11-14,Glass of Rioja,108
2025-11-14,Grilled Steak,1
2025-11-14,Menu del Dia,24
2025-11-14,Patatas Bravas,13
2025-11-14,Sangria Jug,113
2025-11-14,Seafood Paella,401
2025-11-14,Tortilla Espanola,21
2025-11-15,Chicken Roast,2
2025-11-15,Cortado,89
2025-11-15,Estrella Damm (Caña),114
2025-11-15,Gambas al Ajillo,22
2025-11-15,Glass of Rioja,112
2025-11-15,Grilled Steak,1
2025-11-15,Menu del Dia,29
2025-11-15,Patatas Bravas,22
2025-11-15,Sangria Jug,113
2025-11-15,Seafood Paella,431
2025-11-15,Tortilla Espanola,23
2025-11-16,Chicken Roast,1
2025-11-16,Cortado,50
2025-11-16,Estrella Damm (Caña),57
2025-11-16,Gambas al Ajillo,14
2025-11-16,Glass of Rioja,65
2025-11-16,Grilled Steak,3
2025-11-16,Menu del Dia,18
2025-11-16,Patatas Bravas,11
2025-11-16,Sangria Jug,50
2025-11-16,Seafood Paella,238
2025-11-16,Tortilla Espanola,10
2025-11-17,Cortado,84
2025-11-17,Estrella Damm (Caña),61
2025-11-17,Gambas al Ajillo,11
2025-11-17,Glass of Rioja,84
2025-11-17,Grilled Steak,3
2025-11-17,Menu del Dia,20
2025-11-17,Patatas Bravas,20
2025-11-17,Sangria Jug,88
2025-11-17,Seafood Paella,293
2025-11-17,Tortilla Espanola,19
2025-11-18,Chicken Roast,4
2025-11-18,Cortado,69
2025-11-18,Estrella Damm (Caña),69
2025-11-18,Gambas al Ajillo,26
2025-11-18,Glass of Rioja,77
2025-11-18,Grilled Steak,2
2025-11-18,Menu del Dia,23
2025-11-18,Patatas Bravas,22
2025-11-18,Sangria Jug,72
2025-11-18,Seafood Paella,306
2025-11-18,Tortilla Espanola,24
2025-11-19,Chicken Roast,3
2025-11-19,Cortado,90
2025-11-19,Estrella Damm (Caña),85
2025-11-19,Gambas al Ajillo,19
2025-11-19,Glass of Rioja,99
2025-11-19,Grilled Steak,6
2025-11-19,Menu del Dia,19
2025-11-19,Patatas Bravas,18
2025-11-19,Sangria Jug,88
2025-11-19,Seafood Paella,353
2025-11-19,Tortilla Espanola,16
2025-11-20,Chicken Roast,2
2025-11-20,Cortado,116
2025-11-20,Estrella Damm (Caña),108
2025-11-20,Gambas al Ajillo,19
2025-11-20,Glass of Rioja,96
2025-11-20,Grilled Steak,1
2025-11-20,Menu del Dia,20
2025-11-20,Patatas Bravas,21
2025-11-20,Sangria Jug,105
2025-11-20,Seafood Paella,442
2025-11-20,Tortilla Espanola,19
2025-11-21,Chicken Roast,2
2025-11-21,Cortado,82
2025-11-21,Estrella Damm (Caña),94
2025-11-21,Gambas al Ajillo,15
2025-11-21,Glass of Rioja,83
2025-11-21,Grilled Steak,4
2025-11-21,Menu del Dia,26
2025-11-21,Patatas Bravas,21
2025-11-21,Sangria Jug,88
2025-11-21,Seafood Paella,362
2025-11-21,Tortilla Espanola,21
2025-11-22,Chicken Roast,1
2025-11-22,Cortado,85
2025-11-22,Estrella Damm (Caña),103
2025-11-22,Gambas al Ajillo,13
2025-11-22,Glass of Rioja,100
2025-11-22,Grilled Steak,2
2025-11-22,Menu del Dia,18
2025-11-22,Patatas Bravas,13
2025-11-22,Sangria Jug,93
2025-11-22,Seafood Paella,385
2025-11-22,Tortilla Espanola,15
2025-11-23,Chicken Roast,3
2025-11-23,Cortado,80
2025-11-23,Estrella Damm (Caña),65
2025-11-23,Gambas al Ajillo,8
2025-11-23,Glass of Rioja,60
2025-11-23,Grilled Steak,4
2025-11-23,Menu del Dia,26
2025-11-23,Patatas Bravas,9
2025-11-23,Sangria Jug,75
2025-11-23,Seafood Paella,273
2025-11-23,Tortilla Espanola,10
2025-11-24,Chicken Roast,8
2025-11-24,Cortado,95
2025-11-24,Estrella Damm (Caña),98
2025-11-24,Gambas al Ajillo,24
2025-11-24,Glass of Rioja,96
2025-11-24,Grilled Steak,2
2025-11-24,Menu del Dia,28
2025-11-24,Patatas Bravas,23
2025-11-24,Sangria Jug,98
2025-11-24,Seafood Paella,373
2025-11-24,Tortilla Espanola,19
2025-11-25,Chicken Roast,1
2025-11-25,Cortado,92
2025-11-25,Estrella Damm (Caña),74
2025-11-25,Gambas al Ajillo,27
2025-11-25,Glass of Rioja,97
2025-11-25,Grilled Steak,4
2025-11-25,Menu del Dia,16
2025-11-25,Patatas Bravas,21
2025-11-25,Sangria Jug,91
2025-11-25,Seafood Paella,346
2025-11-25,Tortilla Espanola,17
2025-11-26,Chicken Roast,1
2025-11-26,Cortado,55
2025-11-26,Estrella Damm (Caña),68
2025-11-26,Gambas al Ajillo,12
2025-11-26,Glass of Rioja,55
2025-11-26,Menu del Dia,14
2025-11-26,Patatas Bravas,12
2025-11-26,Sangria Jug,62
2025-11-26,Seafood Paella,230
2025-11-26,Tortilla Espanola,12
2025-11-27,Chicken Roast,3
2025-11-27,Cortado,104
2025-11-27,Estrella Damm (Caña),114
2025-11-27,Gambas al Ajillo,20
2025-11-27,Glass of Rioja,111
2025-11-27,Grilled Steak,1
2025-11-27,Menu del Dia,28
2025-11-27,Patatas Bravas,20
2025-11-27,Sangria Jug,115
2025-11-27,Seafood Paella,447
2025-11-27,Tortilla Espanola,19
2025-11-28,Chicken Roast,5
2025-11-28,Cortado,115
2025-11-28,Estrella Damm (Caña),112
2025-11-28,Gambas al Ajillo,21
2025-11-28,Glass of Rioja,102
2025-11-28,Grilled Steak,5
2025-11-28,Menu del Dia,31
2025-11-28,Patatas Bravas,16
2025-11-28,Sangria Jug,103
2025-11-28,Seafood Paella,435
2025-11-28,Tortilla Espanola,21
2025-11-29,Chicken Roast,2
2025-11-29,Cortado,87
2025-11-29,Estrella Damm (Caña),98
2025-11-29,Gambas al Ajillo,17
2025-11-29,Glass of Rioja,110
2025-11-29,Grilled Steak,4
2025-11-29,Menu del Dia,24
2025-11-29,Patatas Bravas,25
2025-11-29,Sangria Jug,99
2025-11-29,Seafood Paella,365
2025-11-29,Tortilla Espanola,12
2025-11-30,Chicken Roast,2
2025-11-30,Cortado,66
2025-11-30,Estrella Damm (Caña),90
2025-11-30,Gambas al Ajillo,14
2025-11-30,Glass of Rioja,81
2025-11-30,Grilled Steak,2
2025-11-30,Menu del Dia,16
2025-11-30,Patatas Bravas,19
2025-11-30,Sangria Jug,79
2025-11-30,Seafood Paella,285
2025-11-30,Tortilla Espanola,18
2025-12-01,Chicken Roast,2
2025-12-01,Cortado,77
2025-12-01,Estrella Damm (Caña),72
2025-12-01,Gambas al Ajillo,12
2025-12-01,Glass of Rioja,73
2025-12-01,Grilled Steak,1
2025-12-01,Menu del Dia,17
2025-12-01,Patatas Bravas,25
2025-12-01,Sangria Jug,73
2025-12-01,Seafood Paella,337
2025-12-01,Tortilla Espanola,23
2025-12-02,Chicken Roast,5
2025-12-02,Cortado,96
2025-12-02,Estrella Damm (Caña),75
2025-12-02,Gambas al Ajillo,19
2025-12-02,Glass of Rioja,78
2025-12-02,Menu del Dia,20
2025-12-02,Patatas Bravas,21
2025-12-02,Sangria Jug,82
2025-12-02,Seafood Paella,340
2025-12-02,Tortilla Espanola,15
2025-12-03,Chicken Roast,3
2025-12-03,Cortado,93
2025-12-03,Estrella Damm (Caña),108
2025-12-03,Gambas al Ajillo,23
2025-12-03,Glass of Rioja,96
2025-12-03,Grilled Steak,6
2025-12-03,Menu del Dia,17
2025-12-03,Patatas Bravas,22
2025-12-03,Sangria Jug,99
2025-12-03,Seafood Paella,417
2025-12-03,Tortilla Espanola,22
2025-12-04,Cortado,88
2025-12-04,Estrella Damm (Caña),72
2025-12-04,Gambas al Ajillo,11
2025-12-04,Glass of Rioja,75
2025-12-04,Grilled Steak,1
2025-12-04,Menu del Dia,19
2025-12-04,Patatas Bravas,12
2025-12-04,Sangria Jug,69
2025-12-04,Seafood Paella,308
2025-12-04,Tortilla Espanola,11
2025-12-05,Chicken Roast,6
2025-12-05,Cortado,121
2025-12-05,Estrella Damm (Caña),99
2025-12-05,Gambas al Ajillo,24
2025-12-05,Glass of Rioja,117
2025-12-05,Grilled Steak,2
2025-12-05,Menu del Dia,28
2025-12-05,Patatas Bravas,29
2025-12-05,Sangria Jug,138
2025-12-05,Seafood Paella,458
2025-12-05,Tortilla Espanola,24
2025-12-06,Chicken Roast,3
2025-12-06,Cortado,50
2025-12-06,Estrella Damm (Caña),59
2025-12-06,Gambas al Ajillo,9
2025-12-06,Glass of Rioja,70
2025-12-06,Menu del Dia,11
2025-12-06,Patatas Bravas,11
2025-12-06,Sangria Jug,54
2025-12-06,Seafood Paella,232
2025-12-06,Tortilla Espanola,15
2025-12-07,Chicken Roast,1
2025-12-07,Cortado,100
2025-12-07,Estrella Damm (Caña),96
2025-12-07,Gambas al Ajillo,18
2025-12-07,Glass of Rioja,102
2025-12-07,Grilled Steak,3
2025-12-07,Menu del Dia,21
2025-12-07,Patatas Bravas,15
2025-12-07,Sangria Jug,104
2025-12-07,Seafood Paella,384
2025-12-07,Tortilla Espanola,9
2025-12-08,Cortado,60
2025-12-08,Estrella Damm (Caña),86
2025-12-08,Gambas al Ajillo,12
2025-12-08,Glass of Rioja,79
2025-12-08,Grilled Steak,1
2025-12-08,Menu del Dia,21
2025-12-08,Patatas Bravas,13
2025-12-08,Sangria Jug,75
2025-12-08,Seafood Paella,339
2025-12-08,Tortilla Espanola,17
2025-12-09,Chicken Roast,1
2025-12-09,Cortado,84
2025-12-09,Estrella Damm (Caña),112
2025-12-09,Gambas al Ajillo,16
2025-12-09,Glass of Rioja,105
2025-12-09,Grilled Steak,5
2025-12-09,Menu del Dia,28
2025-12-09,Patatas Bravas,16
2025-12-09,Sangria Jug,100
2025-12-09,Seafood Paella,405
2025-12-09,Tortilla Espanola,27
2025-12-10,Chicken Roast,4
2025-12-10,Cortado,101
2025-12-10,Estrella Damm (Caña),97
2025-12-10,Gambas al Ajillo,15
2025-12-10,Glass of Rioja,100
2025-12-10,Grilled Steak,3
2025-12-10,Menu del Dia,14
2025-12-10,Patatas Bravas,19
2025-12-10,Sangria Jug,96
2025-12-10,Seafood Paella,401
2025-12-10,Tortilla Espanola,23
2025-12-11,Chicken Roast,3
2025-12-11,Cortado,61
2025-12-11,Estrella Damm (Caña),68
2025-12-11,Gambas al Ajillo,15
2025-12-11,Glass of Rioja,39
2025-12-11,Grilled Steak,1
2025-12-11,Menu del Dia,9
2025-12-11,Patatas Bravas,8
2025-12-11,Sangria Jug,69
2025-12-11,Seafood Paella,223
2025-12-11,Tortilla Espanola,15
2025-12-12,Chicken Roast,1
2025-12-12,Cortado,112
2025-12-12,Estrella Damm (Caña),87
2025-12-12,Gambas al Ajillo,13
2025-12-12,Glass of Rioja,94
2025-12-12,Grilled Steak,6
2025-12-12,Menu del Dia,35
2025-12-12,Patatas Bravas,11
2025-12-12,Sangria Jug,94
2025-12-12,Seafood Paella,390
2025-12-12,Tortilla Espanola,16
2025-12-13,Chicken Roast,1
2025-12-13,Cortado,78
2025-12-13,Estrella Damm (Caña),83
2025-12-13,Gambas al Ajillo,13
2025-12-13,Glass of Rioja,75
2025-12-13,Grilled Steak,2
2025-12-13,Menu del Dia,18
2025-12-13,Patatas Bravas,8
2025-12-13,Sangria Jug,70
2025-12-13,Seafood Paella,277
2025-12-13,Tortilla Espanola,17
2025-12-14,Cortado,83
2025-12-14,Estrella Damm (Caña),72
2025-12-14,Gambas al Ajillo,10
2025-12-14,Glass of Rioja,67
2025-12-14,Grilled Steak,3
2025-12-14,Menu del Dia,12
2025-12-14,Patatas Bravas,11
2025-12-14,Sangria Jug,73
2025-12-14,Seafood Paella,271
2025-12-14,Tortilla Espanola,2
2025-12-15,Chicken Roast,1
2025-12-15,Cortado,98
2025-12-15,Estrella Damm (Caña),92
2025-12-15,Gambas al Ajillo,19
2025-12-15,Glass of Rioja,113
2025-12-15,Grilled Steak,1
2025-12-15,Menu del Dia,31
2025-12-15,Patatas Bravas,11
2025-12-15,Sangria Jug,96
2025-12-15,Seafood Paella,391
2025-12-15,Tortilla Espanola,11
2025-12-16,Chicken Roast,3
2025-12-16,Cortado,54
2025-12-16,Estrella Damm (Caña),44
2025-12-16,Gambas al Ajillo,11
2025-12-16,Glass of Rioja,54
2025-12-16,Grilled Steak,1
2025-12-16,Menu del Dia,20
2025-12-16,Patatas Bravas,6
2025-12-16,Sangria Jug,45
2025-12-16,Seafood Paella,222
2025-12-16,Tortilla Espanola,4
2025-12-17,Cortado,82
2025-12-17,Estrella Damm (Caña),114
2025-12-17,Gambas al Ajillo,14
2025-12-17,Glass of Rioja,95
2025-12-17,Grilled Steak,2
2025-12-17,Menu del Dia,31
2025-12-17,Patatas Bravas,12
2025-12-17,Sangria Jug,95
2025-12-17,Seafood Paella,415
2025-12-17,Tortilla Espanola,24
2025-12-18,Cortado,99
2025-12-18,Estrella Damm (Caña),83
2025-12-18,Gambas al Ajillo,15
2025-12-18,Glass of Rioja,107
2025-12-18,Grilled Steak,3
2025-12-18,Menu del Dia,23
2025-12-18,Patatas Bravas,21
2025-12-18,Sangria Jug,78
2025-12-18,Seafood Paella,388
2025-12-18,Tortilla Espanola,19
2025-12-19,Chicken Roast,1
2025-12-19,Cortado,86
2025-12-19,Estrella Damm (Caña),117
2025-12-19,Gambas al Ajillo,13
2025-12-19,Glass of Rioja,104
2025-12-19,Grilled Steak,2
2025-12-19,Menu del Dia,31
2025-12-19,Patatas Bravas,16
2025-12-19,Sangria Jug,111
2025-12-19,Seafood Paella,421
2025-12-19,Tortilla Espanola,16
2025-12-20,Chicken Roast,2
2025-12-20,Cortado,99
2025-12-20,Estrella Damm (Caña),91
2025-12-20,Gambas al Ajillo,14
2025-12-20,Glass of Rioja,89
2025-12-20,Grilled Steak,1
2025-12-20,Menu del Dia,25
2025-12-20,Patatas Bravas,9
2025-12-20,Sangria Jug,106
2025-12-20,Seafood Paella,377
2025-12-20,Tortilla Espanola,14
2025-12-21,Chicken Roast,3
2025-12-21,Cortado,104
2025-12-21,Estrella Damm (Caña),98
2025-12-21,Gambas al Ajillo,12
2025-12-21,Glass of Rioja,81
2025-12-21,Grilled Steak,2
2025-12-21,Menu del Dia,32
2025-12-21,Patatas Bravas,28
2025-12-21,Sangria Jug,80
2025-12-21,Seafood Paella,405
2025-12-21,Tortilla Espanola,14
2025-12-22,Chicken Roast,4
2025-12-22,Cortado,98
2025-12-22,Estrella Damm (Caña),99
2025-12-22,Gambas al Ajillo,24
2025-12-22,Glass of Rioja,103
2025-12-22,Grilled Steak,5
2025-12-22,Menu del Dia,16
2025-12-22,Patatas Bravas,24
2025-12-22,Sangria Jug,99
2025-12-22,Seafood Paella,428
2025-12-22,Tortilla Espanola,18
2025-12-23,Chicken Roast,1
2025-12-23,Cortado,84
2025-12-23,Estrella Damm (Caña),111
2025-12-23,Gambas al Ajillo,20
2025-12-23,Glass of Rioja,102
2025-12-23,Menu del Dia,25
2025-12-23,Patatas Bravas,26
2025-12-23,Sangria Jug,82
2025-12-23,Seafood Paella,339
2025-12-23,Tortilla Espanola,22
2025-12-24,Chicken Roast,3
2025-12-24,Cortado,59
2025-12-24,Estrella Damm (Caña),46
2025-12-24,Gambas al Ajillo,5
2025-12-24,Glass of Rioja,54
2025-12-24,Grilled Steak,2
2025-12-24,Menu del Dia,18
2025-12-24,Patatas Bravas,2
2025-12-24,Sangria Jug,56
2025-12-24,Seafood Paella,197
2025-12-24,Tortilla Espanola,8
2025-12-25,Chicken Roast,2
2025-12-25,Cortado,119
2025-12-25,Estrella Damm (Caña),87
2025-12-25,Gambas al Ajillo,17
2025-12-25,Glass of Rioja,117
2025-12-25,Grilled Steak,2
2025-12-25,Menu del Dia,25
2025-12-25,Patatas Bravas,21
2025-12-25,Sangria Jug,100
2025-12-25,Seafood Paella,437
2025-12-25,Tortilla Espanola,23
2025-12-26,Chicken Roast,2
2025-12-26,Cortado,90
2025-12-26,Estrella Damm (Caña),110
2025-12-26,Gambas al Ajillo,27
2025-12-26,Glass of Rioja,128
2025-12-26,Grilled Steak,1
2025-12-26,Menu del Dia,28
2025-12-26,Patatas Bravas,19
2025-12-26,Sangria Jug,129
2025-12-26,Seafood Paella,409
2025-12-26,Tortilla Espanola,30
2025-12-27,Chicken Roast,2
2025-12-27,Cortado,54
2025-12-27,Estrella Damm (Caña),69
2025-12-27,Gambas al Ajillo,10
2025-12-27,Glass of Rioja,62
2025-12-27,Grilled Steak,2
2025-12-27,Menu del Dia,13
2025-12-27,Patatas Bravas,9
2025-12-27,Sangria Jug,60
2025-12-27,Seafood Paella,212
2025-12-27,Tortilla Espanola,13
2025-12-28,Chicken Roast,2
2025-12-28,Cortado,77
2025-12-28,Estrella Damm (Caña),112
2025-12-28,Gambas al Ajillo,24
2025-12-28,Glass of Rioja,101
2025-12-28,Grilled Steak,1
2025-12-28,Menu del Dia,31
2025-12-28,Patatas Bravas,22
2025-12-28,Sangria Jug,98
2025-12-28,Seafood Paella,402
2025-12-28,Tortilla Espanola,19
2025-12-29,Chicken Roast,1
2025-12-29,Cortado,75
2025-12-29,Estrella Damm (Caña),53
2025-12-29,Gambas al Ajillo,15
2025-12-29,Glass of Rioja,62
2025-12-29,Grilled Steak,4
2025-12-29,Menu del Dia,14
2025-12-29,Patatas Bravas,16
2025-12-29,Sangria Jug,68
2025-12-29,Seafood Paella,271
2025-12-29,Tortilla Espanola,11
2025-12-30,Chicken Roast,4
2025-12-30,Cortado,101
2025-12-30,Estrella Damm (Caña),104
2025-12-30,Gambas al Ajillo,23
2025-12-30,Glass of Rioja,114
2025-12-30,Grilled Steak,3
2025-12-30,Menu del Dia,24
2025-12-30,Patatas Bravas,29
2025-12-30,Sangria Jug,110
2025-12-30,Seafood Paella,452
2025-12-30,Tortilla Espanola,28
2025-12-31,Chicken Roast,3
2025-12-31,Cortado,98
2025-12-31,Estrella Damm (Caña),114
2025-12-31,Gambas al Ajillo,21
2025-12-31,Glass of Rioja,107
2025-12-31,Grilled Steak,2
2025-12-31,Menu del Dia,33
2025-12-31,Patatas Bravas,25
2025-12-31,Sangria Jug,128
2025-12-31,Seafood Paella,397
2025-12-31,Tortilla Espanola,20
